system_id,region_id,system_name,region_name,is_central_hub
30000001,10000001,Tanoo,Derelik,False
30000002,10000001,Lashesih,Derelik,False
30000003,10000001,Akpivem,Derelik,False
30000004,10000001,Jark,Derelik,False
30000005,10000001,Sasta,Derelik,False
30000006,10000001,Zaid,Derelik,False
30000007,10000001,Yuzier,Derelik,False
30000008,10000001,Nirbhi,Derelik,False
30000009,10000001,Sooma,Derelik,False
30000010,10000001,Chidah,Derelik,False
30000011,10000001,Shenela,Derelik,False
30000012,10000001,Asabona,Derelik,False
30000013,10000001,Onsooh,Derelik,False
30000014,10000001,Shamahi,Derelik,False
30000015,10000001,Sendaya,Derelik,False
30000016,10000001,Nazhgete,Derelik,False
30000017,10000001,Futzchag,Derelik,False
30000018,10000001,Kazna,Derelik,False
30000019,10000001,Podion,Derelik,False
30000020,10000001,Lilmad,Derelik,False
30000021,10000070,Kuharah,Pochven,False
30000022,10000001,Jayneleb,Derelik,False
30000023,10000001,Fovihi,Derelik,False
30000024,10000001,Kiereend,Derelik,False
30000025,10000001,Rashy,Derelik,False
30000026,10000001,Ordize,Derelik,False
30000027,10000001,Psasa,Derelik,False
30000028,10000001,Eshtah,Derelik,False
30000029,10000001,Lachailes,Derelik,False
30000030,10000001,Kasrasi,Derelik,False
30000031,10000001,Mohas,Derelik,False
30000032,10000001,Hasiari,Derelik,False
30000033,10000001,Radima,Derelik,False
30000034,10000001,Alkez,Derelik,False
30000035,10000001,Nimambal,Derelik,False
30000036,10000001,Yishinoon,Derelik,False
30000037,10000001,Uplingur,Derelik,False
30000038,10000001,Dooz,Derelik,False
30000039,10000001,Bayuka,Derelik,False
30000040,10000001,Uzistoon,Derelik,False
30000041,10000001,Bairshir,Derelik,False
30000042,10000001,Moh,Derelik,False
30000043,10000001,Sari,Derelik,False
30000044,10000001,Faspera,Derelik,False
30000045,10000001,Jaymass,Derelik,False
30000046,10000001,Mifrata,Derelik,False
30000047,10000001,Majamar,Derelik,False
30000048,10000001,Ihal,Derelik,False
30000049,10000001,Camal,Derelik,False
30000050,10000001,Fera,Derelik,False
30000051,10000001,Juddi,Derelik,False
30000052,10000001,Maspah,Derelik,False
30000053,10000001,Ibaria,Derelik,False
30000054,10000001,Shala,Derelik,False
30000055,10000001,Zemalu,Derelik,False
30000056,10000001,Khankenirdia,Derelik,False
30000057,10000001,Nikh,Derelik,False
30000058,10000001,Amphar,Derelik,False
30000059,10000001,Salashayama,Derelik,False
30000060,10000001,Janus,Derelik,False
30000061,10000001,Agha,Derelik,False
30000062,10000001,Iosantin,Derelik,False
30000063,10000001,Orva,Derelik,False
30000064,10000001,Zet,Derelik,False
30000065,10000001,Akhrad,Derelik,False
30000066,10000001,Pirohdim,Derelik,False
30000067,10000001,Sharir,Derelik,False
30000068,10000001,Usroh,Derelik,False
30000069,10000001,Thiarer,Derelik,False
30000070,10000001,Gomati,Derelik,False
30000071,10000001,Jangar,Derelik,False
30000072,10000001,Nakah,Derelik,False
30000073,10000001,Irshah,Derelik,False
30000074,10000001,Hasateem,Derelik,False
30000075,10000001,Assah,Derelik,False
30000076,10000001,Tidacha,Derelik,False
30000077,10000001,Odlib,Derelik,False
30000078,10000001,Jofan,Derelik,False
30000079,10000001,Milu,Derelik,False
30000080,10000001,Yadi,Derelik,False
30000081,10000001,Buftiar,Derelik,False
30000082,10000001,Jarizza,Derelik,False
30000083,10000001,Ejahi,Derelik,False
30000084,10000001,Asghatil,Derelik,False
30000085,10000001,Bar,Derelik,False
30000086,10000001,Sucha,Derelik,False
30000087,10000001,Gelhan,Derelik,False
30000088,10000001,Akeva,Derelik,False
30000089,10000001,Sosa,Derelik,False
30000090,10000001,Ilahed,Derelik,False
30000091,10000001,Eshwil,Derelik,False
30000092,10000001,Aranir,Derelik,False
30000093,10000001,Ishkad,Derelik,False
30000094,10000001,Hahyil,Derelik,False
30000095,10000001,Asilem,Derelik,False
30000096,10000001,Mahnagh,Derelik,False
30000097,10000001,Shach,Derelik,False
30000098,10000001,Kehrara,Derelik,False
30000099,10000001,Arena,Derelik,False
30000100,10000001,Timeor,Derelik,False
30000101,10000001,Uhtafal,Derelik,False
30000102,10000001,Dysa,Derelik,False
30000103,10000001,Serad,Derelik,False
30000104,10000001,Mahti,Derelik,False
30000105,10000001,Abha,Derelik,False
30000106,10000001,Shedoo,Derelik,False
30000107,10000001,Gamis,Derelik,False
30000108,10000001,Nieril,Derelik,False
30000109,10000001,Berta,Derelik,False
30000110,10000001,Bekirdod,Derelik,False
30000111,10000001,Hothomouh,Derelik,False
30000112,10000001,Arnola,Derelik,False
30000113,10000001,Astabih,Derelik,False
30000114,10000001,Ubtes,Derelik,False
30000115,10000001,Bimener,Derelik,False
30000116,10000001,Kenobanala,Derelik,False
30000117,10000001,Khabi,Derelik,False
30000118,10000001,Uanzin,Derelik,False
30000119,10000002,Itamo,The Forge,False
30000120,10000002,Mitsolen,The Forge,False
30000121,10000002,Jatate,The Forge,False
30000122,10000002,Mahtista,The Forge,False
30000123,10000002,Vaankalen,The Forge,False
30000124,10000002,Kylmabe,The Forge,False
30000125,10000002,Ahtulaima,The Forge,False
30000126,10000002,Geras,The Forge,False
30000127,10000002,Sirseshin,The Forge,False
30000128,10000002,Tuuriainas,The Forge,False
30000129,10000002,Unpas,The Forge,False
30000130,10000002,Shihuken,The Forge,False
30000131,10000002,Nomaa,The Forge,False
30000132,10000002,Ansila,The Forge,False
30000133,10000002,Hirtamon,The Forge,False
30000134,10000002,Hykkota,The Forge,False
30000135,10000002,Outuni,The Forge,False
30000136,10000002,Ohmahailen,The Forge,False
30000137,10000002,Eskunen,The Forge,False
30000138,10000002,Ikuchi,The Forge,False
30000139,10000002,Urlen,The Forge,False
30000140,10000002,Maurasi,The Forge,False
30000141,10000002,Kisogo,The Forge,False
30000142,10000002,Jita,The Forge,True
30000143,10000002,Niyabainen,The Forge,False
30000144,10000002,Perimeter,The Forge,False
30000145,10000002,New Caldari,The Forge,False
30000146,10000002,Saisio,The Forge,False
30000147,10000002,Abagawa,The Forge,False
30000148,10000002,Jakanerva,The Forge,False
30000149,10000002,Gekutami,The Forge,False
30000150,10000002,Hurtoken,The Forge,False
30000151,10000002,Uoyonen,The Forge,False
30000152,10000002,Hampinen,The Forge,False
30000153,10000002,Poinen,The Forge,False
30000154,10000002,Liekuri,The Forge,False
30000155,10000002,Obanen,The Forge,False
30000156,10000002,Josameto,The Forge,False
30000157,10000070,Otela,Pochven,False
30000158,10000002,Olo,The Forge,False
30000159,10000002,Ikami,The Forge,False
30000160,10000002,Reisen,The Forge,False
30000161,10000002,Purjola,The Forge,False
30000162,10000002,Maila,The Forge,False
30000163,10000002,Akora,The Forge,False
30000164,10000002,Messoya,The Forge,False
30000165,10000002,Ishisomo,The Forge,False
30000166,10000002,Airmia,The Forge,False
30000167,10000002,Sakkikainen,The Forge,False
30000168,10000002,Friggi,The Forge,False
30000169,10000002,Ihakana,The Forge,False
30000170,10000002,Vahunomi,The Forge,False
30000171,10000002,Otitoh,The Forge,False
30000172,10000002,Otomainen,The Forge,False
30000173,10000002,Vattuolen,The Forge,False
30000174,10000002,Onuse,The Forge,False
30000175,10000002,Soshin,The Forge,False
30000176,10000002,Keikaken,The Forge,False
30000177,10000002,Ukkalen,The Forge,False
30000178,10000002,Akkilen,The Forge,False
30000179,10000002,Silen,The Forge,False
30000180,10000002,Osmon,The Forge,False
30000181,10000002,Korsiki,The Forge,False
30000182,10000002,Inaya,The Forge,False
30000183,10000002,Nuken,The Forge,False
30000184,10000002,Uminas,The Forge,False
30000185,10000002,Airaken,The Forge,False
30000186,10000002,Oijanen,The Forge,False
30000187,10000002,Wuos,The Forge,False
30000188,10000002,Hentogaira,The Forge,False
30000189,10000002,Kiainti,The Forge,False
30000190,10000002,Vasala,The Forge,False
30000191,10000002,Walvalin,The Forge,False
30000192,10000070,Otanuomi,Pochven,False
30000193,10000002,Vouskiaho,The Forge,False
30000194,10000002,Otsela,The Forge,False
30000195,10000002,Tasti,The Forge,False
30000196,10000002,Otosela,The Forge,False
30000197,10000002,Uemon,The Forge,False
30000198,10000002,Paala,The Forge,False
30000199,10000002,Fuskunen,The Forge,False
30000200,10000002,Akkio,The Forge,False
30000201,10000002,Uchoshi,The Forge,False
30000202,10000002,Mastakomon,The Forge,False
30000203,10000002,Eruka,The Forge,False
30000204,10000002,Ohkunen,The Forge,False
30000205,10000002,Obe,The Forge,False
30000206,10000070,Wirashoda,Pochven,False
30000207,10000002,Osaa,The Forge,False
30000208,10000003,LZ-6SU,Vale of the Silent,False
30000209,10000003,MC6O-F,Vale of the Silent,False
30000210,10000003,U54-1L,Vale of the Silent,False
30000211,10000003,B-588R,Vale of the Silent,False
30000212,10000003,NCGR-Q,Vale of the Silent,False
30000213,10000003,G-LOIT,Vale of the Silent,False
30000214,10000003,HE-V4V,Vale of the Silent,False
30000215,10000003,N-HSK0,Vale of the Silent,False
30000216,10000003,05R-7A,Vale of the Silent,False
30000217,10000003,7-UH4Z,Vale of the Silent,False
30000218,10000003,5ZO-NZ,Vale of the Silent,False
30000219,10000003,FS-RFL,Vale of the Silent,False
30000220,10000003,Y0-BVN,Vale of the Silent,False
30000221,10000003,X97D-W,Vale of the Silent,False
30000222,10000003,0-R5TS,Vale of the Silent,False
30000223,10000003,H-UCD1,Vale of the Silent,False
30000224,10000003,7-K5EL,Vale of the Silent,False
30000225,10000003,H-5GUI,Vale of the Silent,False
30000226,10000003,FH-TTC,Vale of the Silent,False
30000227,10000003,FMBR-8,Vale of the Silent,False
30000228,10000003,3HX-DL,Vale of the Silent,False
30000229,10000003,UH-9ZG,Vale of the Silent,False
30000230,10000003,NFM-0V,Vale of the Silent,False
30000231,10000003,YXIB-I,Vale of the Silent,False
30000232,10000003,MY-T2P,Vale of the Silent,False
30000233,10000003,FA-DMO,Vale of the Silent,False
30000234,10000003,GEKJ-9,Vale of the Silent,False
30000235,10000003,Q-R3GP,Vale of the Silent,False
30000236,10000003,N-5QPW,Vale of the Silent,False
30000237,10000003,XV-8JQ,Vale of the Silent,False
30000238,10000003,WBR5-R,Vale of the Silent,False
30000239,10000003,4GYV-Q,Vale of the Silent,False
30000240,10000003,4-HWWF,Vale of the Silent,False
30000241,10000003,YMJG-4,Vale of the Silent,False
30000242,10000003,8TPX-N,Vale of the Silent,False
30000243,10000003,PM-DWE,Vale of the Silent,False
30000244,10000003,K8X-6B,Vale of the Silent,False
30000245,10000003,X445-5,Vale of the Silent,False
30000246,10000003,KRUN-N,Vale of the Silent,False
30000247,10000003,9OO-LH,Vale of the Silent,False
30000248,10000003,V-OJEN,Vale of the Silent,False
30000249,10000003,EIDI-N,Vale of the Silent,False
30000250,10000003,P3EN-E,Vale of the Silent,False
30000251,10000003,49-0LI,Vale of the Silent,False
30000252,10000003,IPAY-2,Vale of the Silent,False
30000253,10000003,DAYP-G,Vale of the Silent,False
30000254,10000003,IFJ-EL,Vale of the Silent,False
30000255,10000003,47L-J4,Vale of the Silent,False
30000256,10000003,Q-L07F,Vale of the Silent,False
30000257,10000003,E-D0VZ,Vale of the Silent,False
30000258,10000003,6WW-28,Vale of the Silent,False
30000259,10000003,A8A-JN,Vale of the Silent,False
30000260,10000003,S-NJBB,Vale of the Silent,False
30000261,10000003,T-GCGL,Vale of the Silent,False
30000262,10000003,0MV-4W,Vale of the Silent,False
30000263,10000003,TVN-FM,Vale of the Silent,False
30000264,10000003,V-NL3K,Vale of the Silent,False
30000265,10000003,AZBR-2,Vale of the Silent,False
30000266,10000003,Z-8Q65,Vale of the Silent,False
30000267,10000003,0J3L-V,Vale of the Silent,False
30000268,10000003,H-NOU5,Vale of the Silent,False
30000269,10000003,KX-2UI,Vale of the Silent,False
30000270,10000003,MO-FIF,Vale of the Silent,False
30000271,10000003,97-M96,Vale of the Silent,False
30000272,10000003,MA-XAP,Vale of the Silent,False
30000273,10000003,C-J7CR,Vale of the Silent,False
30000274,10000003,Q-EHMJ,Vale of the Silent,False
30000275,10000003,XSQ-TF,Vale of the Silent,False
30000276,10000003,H-1EOH,Vale of the Silent,False
30000277,10000003,IR-DYY,Vale of the Silent,False
30000278,10000003,C-DHON,Vale of the Silent,False
30000279,10000003,F-D49D,Vale of the Silent,False
30000280,10000003,MQ-O27,Vale of the Silent,False
30000281,10000003,H-EY0P,Vale of the Silent,False
30000282,10000003,UNAG-6,Vale of the Silent,False
30000283,10000003,E-SCTX,Vale of the Silent,False
30000284,10000003,S6QX-N,Vale of the Silent,False
30000285,10000003,IT-YAU,Vale of the Silent,False
30000286,10000003,1VK-6B,Vale of the Silent,False
30000287,10000003,7-PO3P,Vale of the Silent,False
30000288,10000003,1W-0KS,Vale of the Silent,False
30000289,10000003,669-IX,Vale of the Silent,False
30000290,10000003,0R-F2F,Vale of the Silent,False
30000291,10000003,R-P7KL,Vale of the Silent,False
30000292,10000003,2DWM-2,Vale of the Silent,False
30000293,10000003,XF-PWO,Vale of the Silent,False
30000294,10000003,1N-FJ8,Vale of the Silent,False
30000295,10000003,VI2K-J,Vale of the Silent,False
30000296,10000003,ZLZ-1Z,Vale of the Silent,False
30000297,10000003,6Y-WRK,Vale of the Silent,False
30000298,10000003,RVCZ-C,Vale of the Silent,False
30000299,10000003,5T-KM3,Vale of the Silent,False
30000300,10000003,LS9B-9,Vale of the Silent,False
30000301,10000003,1-GBBP,Vale of the Silent,False
30000302,10000003,C-FP70,Vale of the Silent,False
30000303,10000003,T-ZWA1,Vale of the Silent,False
30000304,10000003,ZA0L-U,Vale of the Silent,False
30000305,10000003,G96R-F,Vale of the Silent,False
30000306,10000003,Y-ZXIO,Vale of the Silent,False
30000307,10000003,B-E3KQ,Vale of the Silent,False
30000308,10000003,Y5J-EU,Vale of the Silent,False
30000309,10000003,O-LR1H,Vale of the Silent,False
30000310,10000003,G5ED-Y,Vale of the Silent,False
30000311,10000003,BR-6XP,Vale of the Silent,False
30000312,10000003,8-TFDX,Vale of the Silent,False
30000313,10000003,UL-4ZW,Vale of the Silent,False
30000314,10000003,A-QRQT,Vale of the Silent,False
30000315,10000003,WMBZ-U,Vale of the Silent,False
30000316,10000003,PX5-LR,Vale of the Silent,False
30000317,10000003,A3-RQ3,Vale of the Silent,False
30000318,10000003,9-GBPD,Vale of the Silent,False
30000319,10000003,LS-JEP,Vale of the Silent,False
30000320,10000003,R-RSZZ,Vale of the Silent,False
30000321,10000003,MGAM-4,Vale of the Silent,False
30000322,10000003,VORM-W,Vale of the Silent,False
30000323,10000003,7G-H7D,Vale of the Silent,False
30000324,10000003,Q3-BAY,Vale of the Silent,False
30000325,10000003,JZV-F4,Vale of the Silent,False
30000326,10000004,WF-1LM,UUA-F4,False
30000327,10000004,D95-FQ,UUA-F4,False
30000328,10000004,ZSPJ-K,UUA-F4,False
30000329,10000004,U1F-86,UUA-F4,False
30000330,10000004,T-P7A6,UUA-F4,False
30000331,10000004,Y-T3JJ,UUA-F4,False
30000332,10000004,F3R-IA,UUA-F4,False
30000333,10000004,74-YTJ,UUA-F4,False
30000334,10000004,8-RS3U,UUA-F4,False
30000335,10000004,OVFN-N,UUA-F4,False
30000336,10000004,1Q-BBM,UUA-F4,False
30000337,10000004,WXNC-N,UUA-F4,False
30000338,10000004,G-EA07,UUA-F4,False
30000339,10000004,X-L6BO,UUA-F4,False
30000340,10000004,D-PHUA,UUA-F4,False
30000341,10000004,3-HXHQ,UUA-F4,False
30000342,10000004,18A-NB,UUA-F4,False
30000343,10000004,3-J5OQ,UUA-F4,False
30000344,10000004,GYF-GD,UUA-F4,False
30000345,10000004,W-6TS9,UUA-F4,False
30000346,10000004,VIG-VR,UUA-F4,False
30000347,10000004,KX-P5C,UUA-F4,False
30000348,10000004,N-FJBK,UUA-F4,False
30000349,10000004,2-4ZT5,UUA-F4,False
30000350,10000004,NVN-6F,UUA-F4,False
30000351,10000004,09-8TH,UUA-F4,False
30000352,10000004,TI0-AX,UUA-F4,False
30000353,10000004,7O-POM,UUA-F4,False
30000354,10000004,L6Q-SX,UUA-F4,False
30000355,10000004,BFJ-TB,UUA-F4,False
30000356,10000004,ZZ7-L6,UUA-F4,False
30000357,10000004,L-CHVW,UUA-F4,False
30000358,10000004,X0LN-U,UUA-F4,False
30000359,10000004,RQAE-M,UUA-F4,False
30000360,10000004,7CO-SA,UUA-F4,False
30000361,10000004,4G-E5A,UUA-F4,False
30000362,10000004,A-VWK9,UUA-F4,False
30000363,10000004,JQHP-4,UUA-F4,False
30000364,10000004,6Q5K-5,UUA-F4,False
30000365,10000004,P-MVFP,UUA-F4,False
30000366,10000004,J-Z1UW,UUA-F4,False
30000367,10000004,W477-P,UUA-F4,False
30000368,10000004,NQ1-BL,UUA-F4,False
30000369,10000004,K7A-G8,UUA-F4,False
30000370,10000004,HP-PMX,UUA-F4,False
30000371,10000004,6BN-K9,UUA-F4,False
30000372,10000004,WLE-PY,UUA-F4,False
30000373,10000004,EH-HXW,UUA-F4,False
30000374,10000004,OS-RR3,UUA-F4,False
30000375,10000004,V4-GZL,UUA-F4,False
30000376,10000004,4C-Z91,UUA-F4,False
30000377,10000004,RU-97T,UUA-F4,False
30000378,10000004,1S-1V7,UUA-F4,False
30000379,10000004,PE1-R1,UUA-F4,False
30000380,10000004,Polaris,UUA-F4,False
30000381,10000004,JB-007,UUA-F4,False
30000382,10000004,USJ2-M,UUA-F4,False
30000383,10000004,7M-RAL,UUA-F4,False
30000384,10000004,LPBU-U,UUA-F4,False
30000385,10000004,RF-342,UUA-F4,False
30000386,10000004,J2V-XY,UUA-F4,False
30000387,10000004,Z-JBTR,UUA-F4,False
30000388,10000004,S-QNXH,UUA-F4,False
30000389,10000004,S94-X8,UUA-F4,False
30000390,10000004,J-YQEC,UUA-F4,False
30000391,10000004,8MX-OR,UUA-F4,False
30000392,10000004,97YC-C,UUA-F4,False
30000393,10000004,V-AMD5,UUA-F4,False
30000394,10000004,U-JC8X,UUA-F4,False
30000395,10000004,1HH3-E,UUA-F4,False
30000396,10000004,DUIU-Q,UUA-F4,False
30000397,10000004,LQH0-H,UUA-F4,False
30000398,10000004,FRW3-2,UUA-F4,False
30000399,10000004,9MX-1C,UUA-F4,False
30000400,10000004,IED-4U,UUA-F4,False
30000401,10000004,N-9EOQ,UUA-F4,False
30000402,10000004,6F3-TK,UUA-F4,False
30000403,10000004,2E0P-2,UUA-F4,False
30000404,10000004,U-ITH5,UUA-F4,False
30000405,10000004,N-4G5L,UUA-F4,False
30000406,10000004,RB-2EA,UUA-F4,False
30000407,10000004,ZK5-42,UUA-F4,False
30000408,10000004,YRZ-E4,UUA-F4,False
30000409,10000004,A3-PAT,UUA-F4,False
30000410,10000004,H55-2R,UUA-F4,False
30000411,10000004,P6-DBM,UUA-F4,False
30000412,10000004,9XI-0X,UUA-F4,False
30000413,10000004,Q8T-MC,UUA-F4,False
30000414,10000004,Z-YOJ9,UUA-F4,False
30000415,10000004,4T4B-L,UUA-F4,False
30000416,10000004,F-JB3H,UUA-F4,False
30000417,10000004,XBO7-F,UUA-F4,False
30000418,10000004,FI-449,UUA-F4,False
30000419,10000004,UA7-U4,UUA-F4,False
30000420,10000004,VM-QFU,UUA-F4,False
30000421,10000004,PU-1Z8,UUA-F4,False
30000422,10000004,IEZW-V,UUA-F4,False
30000423,10000004,B-DXO9,UUA-F4,False
30000424,10000004,1TS-WN,UUA-F4,False
30000425,10000004,16-31U,UUA-F4,False
30000426,10000004,H472-N,UUA-F4,False
30000427,10000004,U8MM-3,UUA-F4,False
30000428,10000004,3C-26I,UUA-F4,False
30000429,10000004,9K-VDI,UUA-F4,False
30000430,10000004,L-SDU7,UUA-F4,False
30000431,10000004,4-IPWK,UUA-F4,False
30000432,10000004,Q-KCK3,UUA-F4,False
30000433,10000005,WU-FHQ,Detorid,False
30000434,10000005,V-4DBR,Detorid,False
30000435,10000005,B-5UFY,Detorid,False
30000436,10000005,SK42-F,Detorid,False
30000437,10000005,EU9-J3,Detorid,False
30000438,10000005,PQRE-W,Detorid,False
30000439,10000005,OEG-K9,Detorid,False
30000440,10000005,0-W778,Detorid,False
30000441,10000005,DG-8VJ,Detorid,False
30000442,10000005,5J4K-9,Detorid,False
30000443,10000005,MD-0AW,Detorid,False
30000444,10000005,H-FGJO,Detorid,False
30000445,10000005,1KAW-T,Detorid,False
30000446,10000005,C5-SUU,Detorid,False
30000447,10000005,XSUD-1,Detorid,False
30000448,10000005,3-LJW3,Detorid,False
30000449,10000005,ZLO3-V,Detorid,False
30000450,10000005,P7MI-T,Detorid,False
30000451,10000005,JFV-ID,Detorid,False
30000452,10000005,3-3EZB,Detorid,False
30000453,10000005,52CW-6,Detorid,False
30000454,10000005,9-OUGJ,Detorid,False
30000455,10000005,4NDT-W,Detorid,False
30000456,10000005,GR-X26,Detorid,False
30000457,10000005,6OU9-U,Detorid,False
30000458,10000005,9N-0HF,Detorid,False
30000459,10000005,U-OVFR,Detorid,False
30000460,10000005,G3D-ZT,Detorid,False
30000461,10000005,D-0UI0,Detorid,False
30000462,10000005,L8-WNE,Detorid,False
30000463,10000005,1-GBVE,Detorid,False
30000464,10000005,GC-LTF,Detorid,False
30000465,10000005,NB-ALM,Detorid,False
30000466,10000005,LT-XI4,Detorid,False
30000467,10000005,L-QQ6P,Detorid,False
30000468,10000005,5OJ-G2,Detorid,False
30000469,10000005,9-02G0,Detorid,False
30000470,10000005,XA5-TY,Detorid,False
30000471,10000005,M-XUZZ,Detorid,False
30000472,10000005,OFVH-Y,Detorid,False
30000473,10000005,2-X0PF,Detorid,False
30000474,10000005,1-PGSG,Detorid,False
30000475,10000005,QLPX-J,Detorid,False
30000476,10000005,A-C5TC,Detorid,False
30000477,10000005,RZ-PIY,Detorid,False
30000478,10000005,FR46-E,Detorid,False
30000479,10000005,SLVP-D,Detorid,False
30000480,10000005,0-G8NO,Detorid,False
30000481,10000005,QRFJ-Q,Detorid,False
30000482,10000005,HZFJ-M,Detorid,False
30000483,10000005,77S8-E,Detorid,False
30000484,10000005,FMH-OV,Detorid,False
30000485,10000005,TYB-69,Detorid,False
30000486,10000005,EDQG-L,Detorid,False
30000487,10000005,7-P1JO,Detorid,False
30000488,10000005,T-0JWP,Detorid,False
30000489,10000005,J-L9MA,Detorid,False
30000490,10000005,DX-TAR,Detorid,False
30000491,10000005,A-7XFN,Detorid,False
30000492,10000005,O3-4MN,Detorid,False
30000493,10000005,U-MFTL,Detorid,False
30000494,10000005,8FN-GP,Detorid,False
30000495,10000005,FIDY-8,Detorid,False
30000496,10000005,X40H-9,Detorid,False
30000497,10000005,F2W-C6,Detorid,False
30000498,10000005,KZ9T-C,Detorid,False
30000499,10000005,XW2H-V,Detorid,False
30000500,10000005,F9O-U9,Detorid,False
30000501,10000005,S-51XG,Detorid,False
30000502,10000005,E-1XVP,Detorid,False
30000503,10000005,E-ACV6,Detorid,False
30000504,10000005,BOZ1-O,Detorid,False
30000505,10000005,QIMO-2,Detorid,False
30000506,10000005,Z-2Y2Y,Detorid,False
30000507,10000005,Q0J-RH,Detorid,False
30000508,10000005,SAI-T9,Detorid,False
30000509,10000005,IAS-I5,Detorid,False
30000510,10000005,K7S-FF,Detorid,False
30000511,10000005,RT-9WL,Detorid,False
30000512,10000005,O5Q7-U,Detorid,False
30000513,10000005,62O-UE,Detorid,False
30000514,10000005,U0W-DR,Detorid,False
30000515,10000005,SY-UWN,Detorid,False
30000516,10000005,DX-DFJ,Detorid,False
30000517,10000005,X-31TE,Detorid,False
30000518,10000005,DVWV-3,Detorid,False
30000519,10000005,KE-0FB,Detorid,False
30000520,10000005,I-9GI1,Detorid,False
30000521,10000005,W6P-7U,Detorid,False
30000522,10000005,0IF-26,Detorid,False
30000523,10000005,H-93YV,Detorid,False
30000524,10000005,E51-JE,Detorid,False
30000525,10000005,7-A6XV,Detorid,False
30000526,10000005,QXE-1N,Detorid,False
30000527,10000005,U69-YC,Detorid,False
30000528,10000005,L-L7PE,Detorid,False
30000529,10000006,MKIG-5,Wicked Creek,False
30000530,10000006,YHEN-G,Wicked Creek,False
30000531,10000006,E-JCUS,Wicked Creek,False
30000532,10000006,W-QN5X,Wicked Creek,False
30000533,10000006,LP1M-Q,Wicked Creek,False
30000534,10000006,30-YOU,Wicked Creek,False
30000535,10000006,384-IN,Wicked Creek,False
30000536,10000006,4F89-U,Wicked Creek,False
30000537,10000006,G063-U,Wicked Creek,False
30000538,10000006,J7-BDX,Wicked Creek,False
30000539,10000006,MLQ-O9,Wicked Creek,False
30000540,10000006,L-FM3P,Wicked Creek,False
30000541,10000006,X-ARMF,Wicked Creek,False
30000542,10000006,8-OZU1,Wicked Creek,False
30000543,10000006,0TYR-T,Wicked Creek,False
30000544,10000006,GM-50Y,Wicked Creek,False
30000545,10000006,G9L-LP,Wicked Creek,False
30000546,10000006,MWA-5Q,Wicked Creek,False
30000547,10000006,H-HHTH,Wicked Creek,False
30000548,10000006,JQU-KY,Wicked Creek,False
30000549,10000006,UY5A-D,Wicked Creek,False
30000550,10000006,C-62I5,Wicked Creek,False
30000551,10000006,ZH-GKG,Wicked Creek,False
30000552,10000006,GPLB-C,Wicked Creek,False
30000553,10000006,GGE-5Q,Wicked Creek,False
30000554,10000006,5E-CMA,Wicked Creek,False
30000555,10000006,U104-3,Wicked Creek,False
30000556,10000006,M3-KAQ,Wicked Creek,False
30000557,10000006,6-L4YC,Wicked Creek,False
30000558,10000006,UM-SCG,Wicked Creek,False
30000559,10000006,F-3FOY,Wicked Creek,False
30000560,10000006,OAIG-0,Wicked Creek,False
30000561,10000006,UZ-QXW,Wicked Creek,False
30000562,10000006,5DE-QS,Wicked Creek,False
30000563,10000006,R0-DMM,Wicked Creek,False
30000564,10000006,5Q65-4,Wicked Creek,False
30000565,10000006,SR-4EK,Wicked Creek,False
30000566,10000006,0RI-OV,Wicked Creek,False
30000567,10000006,C-LTXS,Wicked Creek,False
30000568,10000006,C0O6-K,Wicked Creek,False
30000569,10000006,HD-AJ7,Wicked Creek,False
30000570,10000006,G9NE-B,Wicked Creek,False
30000571,10000006,SJJ-4F,Wicked Creek,False
30000572,10000006,F-QQ5N,Wicked Creek,False
30000573,10000006,1-7B6D,Wicked Creek,False
30000574,10000006,H6-EYX,Wicked Creek,False
30000575,10000006,U-HVIX,Wicked Creek,False
30000576,10000006,4-EFLU,Wicked Creek,False
30000577,10000006,EIH-IU,Wicked Creek,False
30000578,10000006,F-EM4Q,Wicked Creek,False
30000579,10000006,1L-OEK,Wicked Creek,False
30000580,10000006,MN-Q26,Wicked Creek,False
30000581,10000006,5H-SM2,Wicked Creek,False
30000582,10000006,4-OS2A,Wicked Creek,False
30000583,10000006,YI-GV6,Wicked Creek,False
30000584,10000006,SO-X5L,Wicked Creek,False
30000585,10000006,XQS-GZ,Wicked Creek,False
30000586,10000006,Q-GQHN,Wicked Creek,False
30000587,10000006,A-4JOO,Wicked Creek,False
30000588,10000006,TP7-KE,Wicked Creek,False
30000589,10000006,R4N-LD,Wicked Creek,False
30000590,10000006,3Q-VZA,Wicked Creek,False
30000591,10000006,M-MBRT,Wicked Creek,False
30000592,10000006,HPBE-D,Wicked Creek,False
30000593,10000006,GRHS-B,Wicked Creek,False
30000594,10000006,J-RXYN,Wicked Creek,False
30000595,10000006,DUO-51,Wicked Creek,False
30000596,10000006,07-SLO,Wicked Creek,False
30000597,10000006,Z-A8FS,Wicked Creek,False
30000598,10000006,GPD5-0,Wicked Creek,False
30000599,10000006,LKZ-CY,Wicked Creek,False
30000600,10000006,F5M-CC,Wicked Creek,False
30000601,10000006,TZE-UB,Wicked Creek,False
30000602,10000006,WRL4-2,Wicked Creek,False
30000603,10000006,V7G-RL,Wicked Creek,False
30000604,10000006,XEN7-0,Wicked Creek,False
30000605,10000006,L-Z9KJ,Wicked Creek,False
30000606,10000006,7K-NSE,Wicked Creek,False
30000607,10000006,OR-7N5,Wicked Creek,False
30000608,10000006,JEQG-7,Wicked Creek,False
30000609,10000006,5NQI-E,Wicked Creek,False
30000610,10000006,B-WQDP,Wicked Creek,False
30000611,10000007,2-2EWC,Cache,False
30000612,10000007,E1W-TB,Cache,False
30000613,10000007,D-6H64,Cache,False
30000614,10000007,8-BIE3,Cache,False
30000615,10000007,LMM7-L,Cache,False
30000616,10000007,995-3G,Cache,False
30000617,10000007,W2T-TR,Cache,False
30000618,10000007,Q-UEN6,Cache,False
30000619,10000007,BLMX-B,Cache,False
30000620,10000007,M-CNUD,Cache,False
30000621,10000007,YE1-9S,Cache,False
30000622,10000007,IVP-KA,Cache,False
30000623,10000007,04EI-U,Cache,False
30000624,10000007,B-T6BT,Cache,False
30000625,10000007,VK-A5G,Cache,False
30000626,10000007,I6-SYN,Cache,False
30000627,10000007,O-5TN1,Cache,False
30000628,10000007,8-SPNN,Cache,False
30000629,10000007,U-QMOA,Cache,False
30000630,10000007,4S0-NP,Cache,False
30000631,10000007,K-RMI5,Cache,False
30000632,10000007,C-6YHJ,Cache,False
30000633,10000007,M53-1V,Cache,False
30000634,10000007,E5T-CS,Cache,False
30000635,10000007,W4C8-Q,Cache,False
30000636,10000007,I-2705,Cache,False
30000637,10000007,5F-MG1,Cache,False
30000638,10000007,P7-45V,Cache,False
30000639,10000007,M-MCP8,Cache,False
30000640,10000007,JZ-B5Y,Cache,False
30000641,10000007,TPG-DD,Cache,False
30000642,10000007,NIF-JE,Cache,False
30000643,10000007,BTLH-I,Cache,False
30000644,10000007,U93O-A,Cache,False
30000645,10000007,0LY-W1,Cache,False
30000646,10000007,4YO-QK,Cache,False
30000647,10000007,LJ-RJK,Cache,False
30000648,10000007,8-VC6H,Cache,False
30000649,10000007,LQ-01M,Cache,False
30000650,10000007,NG-M8K,Cache,False
30000651,10000007,RV5-TT,Cache,False
30000652,10000007,8OYE-Z,Cache,False
30000653,10000007,K85Y-6,Cache,False
30000654,10000007,PKN-NJ,Cache,False
30000655,10000008,EIN-QG,Scalding Pass,False
30000656,10000008,ARG-3R,Scalding Pass,False
30000657,10000008,S-E6ES,Scalding Pass,False
30000658,10000008,R-3FBU,Scalding Pass,False
30000659,10000008,K7-LDX,Scalding Pass,False
30000660,10000008,U-IVGH,Scalding Pass,False
30000661,10000008,P-N5N9,Scalding Pass,False
30000662,10000008,JMH-PT,Scalding Pass,False
30000663,10000008,DE-A7P,Scalding Pass,False
30000664,10000008,X9V-15,Scalding Pass,False
30000665,10000008,K212-A,Scalding Pass,False
30000666,10000008,F-5FDA,Scalding Pass,False
30000667,10000008,S1-XTL,Scalding Pass,False
30000668,10000008,9PX2-F,Scalding Pass,False
30000669,10000008,N3-JBX,Scalding Pass,False
30000670,10000008,SG-75T,Scalding Pass,False
30000671,10000008,GN-PDU,Scalding Pass,False
30000672,10000008,AZ3F-N,Scalding Pass,False
30000673,10000008,RNM-Y6,Scalding Pass,False
30000674,10000008,V-KDY2,Scalding Pass,False
30000675,10000008,FYD-TO,Scalding Pass,False
30000676,10000008,ER2O-Y,Scalding Pass,False
30000677,10000008,J2-PZ6,Scalding Pass,False
30000678,10000008,XV-MWG,Scalding Pass,False
30000679,10000008,OAQY-M,Scalding Pass,False
30000680,10000008,1V-LI2,Scalding Pass,False
30000681,10000008,M9-MLR,Scalding Pass,False
30000682,10000008,Q-K2T7,Scalding Pass,False
30000683,10000008,LBC-AW,Scalding Pass,False
30000684,10000008,2-KPW6,Scalding Pass,False
30000685,10000008,H5N-V7,Scalding Pass,False
30000686,10000008,HQ-Q1Q,Scalding Pass,False
30000687,10000008,WHI-61,Scalding Pass,False
30000688,10000008,ZFJH-T,Scalding Pass,False
30000689,10000008,I-1B7X,Scalding Pass,False
30000690,10000008,G15Z-W,Scalding Pass,False
30000691,10000008,AH8-Q7,Scalding Pass,False
30000692,10000008,SD4A-2,Scalding Pass,False
30000693,10000008,U6K-RG,Scalding Pass,False
30000694,10000008,V-S9YY,Scalding Pass,False
30000695,10000008,F2-NXA,Scalding Pass,False
30000696,10000008,NSBE-L,Scalding Pass,False
30000697,10000008,8Q-T7B,Scalding Pass,False
30000698,10000008,WV0D-1,Scalding Pass,False
30000699,10000008,ZNF-OK,Scalding Pass,False
30000700,10000008,C8-7AS,Scalding Pass,False
30000701,10000008,4E-EZS,Scalding Pass,False
30000702,10000008,A-80UA,Scalding Pass,False
30000703,10000008,U2-28D,Scalding Pass,False
30000704,10000008,LQ-OAI,Scalding Pass,False
30000705,10000008,5-MQQ7,Scalding Pass,False
30000706,10000008,6-EQYE,Scalding Pass,False
30000707,10000008,03-OR2,Scalding Pass,False
30000708,10000008,JLO-Z3,Scalding Pass,False
30000709,10000008,IAK-JW,Scalding Pass,False
30000710,10000008,KZFV-4,Scalding Pass,False
30000711,10000008,WO-GC0,Scalding Pass,False
30000712,10000008,RYC-19,Scalding Pass,False
30000713,10000008,X2-ZA5,Scalding Pass,False
30000714,10000008,28Y9-P,Scalding Pass,False
30000715,10000008,Q4C-S5,Scalding Pass,False
30000716,10000008,B-1UJC,Scalding Pass,False
30000717,10000008,Q-NA5H,Scalding Pass,False
30000718,10000008,4-CM8I,Scalding Pass,False
30000719,10000008,ZDB-HT,Scalding Pass,False
30000720,10000008,1QZ-Y9,Scalding Pass,False
30000721,10000008,HJ-BCH,Scalding Pass,False
30000722,10000008,QPTT-F,Scalding Pass,False
30000723,10000008,9M-M0P,Scalding Pass,False
30000724,10000008,9BC-EB,Scalding Pass,False
30000725,10000008,WFFE-4,Scalding Pass,False
30000726,10000008,71-UTX,Scalding Pass,False
30000727,10000008,PU-UMM,Scalding Pass,False
30000728,10000008,6-KPAB,Scalding Pass,False
30000729,10000008,Y5-E1U,Scalding Pass,False
30000730,10000008,4-43BW,Scalding Pass,False
30000731,10000008,8CN-CH,Scalding Pass,False
30000732,10000008,V-F6DQ,Scalding Pass,False
30000733,10000008,3S-6VU,Scalding Pass,False
30000734,10000008,1-7HVI,Scalding Pass,False
30000735,10000008,OX-S7P,Scalding Pass,False
30000736,10000009,KDG-TA,Insmother,False
30000737,10000009,KD-KPR,Insmother,False
30000738,10000009,PT-21C,Insmother,False
30000739,10000009,Z182-R,Insmother,False
30000740,10000009,EKPB-3,Insmother,False
30000741,10000009,5M2-KP,Insmother,False
30000742,10000009,TK-DLH,Insmother,False
30000743,10000009,C8H5-X,Insmother,False
30000744,10000009,O-7LAI,Insmother,False
30000745,10000009,7L3-JS,Insmother,False
30000746,10000009,WF4C-8,Insmother,False
30000747,10000009,TZN-2V,Insmother,False
30000748,10000009,8EF-58,Insmother,False
30000749,10000009,4DS-OI,Insmother,False
30000750,10000009,XQP-9C,Insmother,False
30000751,10000009,W-6GBI,Insmother,False
30000752,10000009,XKH-6O,Insmother,False
30000753,10000009,S0U-MO,Insmother,False
30000754,10000009,F39H-1,Insmother,False
30000755,10000009,V-QXXK,Insmother,False
30000756,10000009,2-Q4YG,Insmother,False
30000757,10000009,2JT-3Q,Insmother,False
30000758,10000009,I3CR-F,Insmother,False
30000759,10000009,7-JT09,Insmother,False
30000760,10000009,AGCP-I,Insmother,False
30000761,10000009,M4-GJ6,Insmother,False
30000762,10000009,5-2PQU,Insmother,False
30000763,10000009,SN9-3Z,Insmother,False
30000764,10000009,6BJH-3,Insmother,False
30000765,10000009,U-UTU9,Insmother,False
30000766,10000009,1TG7-W,Insmother,False
30000767,10000009,QYD-WK,Insmother,False
30000768,10000009,R959-U,Insmother,False
30000769,10000009,A-TJ0G,Insmother,False
30000770,10000009,88A-RA,Insmother,False
30000771,10000009,8G-2FP,Insmother,False
30000772,10000009,C-J6MT,Insmother,False
30000773,10000009,78-0R6,Insmother,False
30000774,10000009,MSG-BZ,Insmother,False
30000775,10000009,8-WYQZ,Insmother,False
30000776,10000009,4M-QXK,Insmother,False
30000777,10000009,X5-0EM,Insmother,False
30000778,10000009,G-EURJ,Insmother,False
30000779,10000009,SHBF-V,Insmother,False
30000780,10000009,RERZ-L,Insmother,False
30000781,10000009,0UBC-R,Insmother,False
30000782,10000009,3U-48K,Insmother,False
30000783,10000009,EFM-C4,Insmother,False
30000784,10000009,YPW-M4,Insmother,False
30000785,10000009,Q7-FZ8,Insmother,False
30000786,10000009,L5-UWT,Insmother,False
30000787,10000009,74-VZA,Insmother,False
30000788,10000009,I-1QKL,Insmother,False
30000789,10000009,GK5Z-T,Insmother,False
30000790,10000009,RQN-OO,Insmother,False
30000791,10000009,67Y-NR,Insmother,False
30000792,10000009,GDHN-K,Insmother,False
30000793,10000009,QTME-D,Insmother,False
30000794,10000009,A24L-V,Insmother,False
30000795,10000009,4CJ-AC,Insmother,False
30000796,10000009,EUU-4N,Insmother,False
30000797,10000009,Q-3HS5,Insmother,False
30000798,10000009,3AE-CP,Insmother,False
30000799,10000009,0-VG7A,Insmother,False
30000800,10000009,9OLQ-6,Insmother,False
30000801,10000009,MOCW-2,Insmother,False
30000802,10000009,ZO-4AR,Insmother,False
30000803,10000009,MJ-LGH,Insmother,False
30000804,10000009,F2A-GX,Insmother,False
30000805,10000009,RD-FWY,Insmother,False
30000806,10000009,VBPT-T,Insmother,False
30000807,10000009,KS-1TS,Insmother,False
30000808,10000009,X0-6LH,Insmother,False
30000809,10000009,FN0-QS,Insmother,False
30000810,10000009,F3-8X2,Insmother,False
30000811,10000009,N7-BIY,Insmother,False
30000812,10000009,TTP-2B,Insmother,False
30000813,10000009,LVL-GZ,Insmother,False
30000814,10000009,EJ48-O,Insmother,False
30000815,10000009,ROJ-B0,Insmother,False
30000816,10000009,DFH-V5,Insmother,False
30000817,10000009,B-II34,Insmother,False
30000818,10000009,4LB-EL,Insmother,False
30000819,10000009,UDE-FX,Insmother,False
30000820,10000009,5IH-GL,Insmother,False
30000821,10000009,C1G-XC,Insmother,False
30000822,10000009,04-EHC,Insmother,False
30000823,10000009,3-0FYP,Insmother,False
30000824,10000009,N-O53U,Insmother,False
30000825,10000009,HZ-O18,Insmother,False
30000826,10000009,D-P1EH,Insmother,False
30000827,10000009,74L2-U,Insmother,False
30000828,10000009,HL-VZX,Insmother,False
30000829,10000009,38NZ-1,Insmother,False
30000830,10000009,W-MF6J,Insmother,False
30000831,10000009,O-9G5Y,Insmother,False
30000832,10000009,27-HP0,Insmother,False
30000833,10000009,X1-IZ0,Insmother,False
30000834,10000009,RZ-TI6,Insmother,False
30000835,10000009,FX4L-2,Insmother,False
30000836,10000009,1ZF-PJ,Insmother,False
30000837,10000009,HFC-AQ,Insmother,False
30000838,10000009,0-6VZ5,Insmother,False
30000839,10000009,GB-6X5,Insmother,False
30000840,10000009,7EX-14,Insmother,False
30000841,10000009,N7-KGJ,Insmother,False
30000842,10000009,VD-8QY,Insmother,False
30000843,10000009,J-ZYSZ,Insmother,False
30000844,10000009,5C-RPA,Insmother,False
30000845,10000009,CR2-PQ,Insmother,False
30000846,10000010,E-OGL4,Tribute,False
30000847,10000010,J-GAMP,Tribute,False
30000848,10000010,M-OEE8,Tribute,False
30000849,10000010,V0DF-2,Tribute,False
30000850,10000010,FY0W-N,Tribute,False
30000851,10000010,MJI3-8,Tribute,False
30000852,10000010,A-DDGY,Tribute,False
30000853,10000010,F-RT6Q,Tribute,False
30000854,10000010,B-S42H,Tribute,False
30000855,10000010,NL6V-7,Tribute,False
30000856,10000010,F-749O,Tribute,False
30000857,10000010,0-YMBJ,Tribute,False
30000858,10000010,UMI-KK,Tribute,False
30000859,10000010,GKP-YT,Tribute,False
30000860,10000010,AW1-2I,Tribute,False
30000861,10000010,15W-GC,Tribute,False
30000862,10000010,N-FK87,Tribute,False
30000863,10000010,C2X-M5,Tribute,False
30000864,10000010,MSHD-4,Tribute,False
30000865,10000010,H-W9TY,Tribute,False
30000866,10000010,PNDN-V,Tribute,False
30000867,10000010,D7-ZAC,Tribute,False
30000868,10000010,SH1-6P,Tribute,False
30000869,10000010,TRKN-L,Tribute,False
30000870,10000010,O-0ERG,Tribute,False
30000871,10000010,WH-JCA,Tribute,False
30000872,10000010,Q-CAB2,Tribute,False
30000873,10000010,PBD-0G,Tribute,False
30000874,10000010,L-1HKR,Tribute,False
30000875,10000010,9GI-FB,Tribute,False
30000876,10000010,3G-LHB,Tribute,False
30000877,10000010,DBT-GB,Tribute,False
30000878,10000010,U-W3WS,Tribute,False
30000879,10000010,DL1C-E,Tribute,False
30000880,10000010,YLS8-J,Tribute,False
30000881,10000010,2ISU-Y,Tribute,False
30000882,10000010,X-CFN6,Tribute,False
30000883,10000010,9SL-K9,Tribute,False
30000884,10000010,Y-PZHM,Tribute,False
30000885,10000010,OY-UZ1,Tribute,False
30000886,10000010,S8-NSQ,Tribute,False
30000887,10000010,GIH-ZG,Tribute,False
30000888,10000010,V7-FB4,Tribute,False
30000889,10000010,XD-TOV,Tribute,False
30000890,10000010,K-6SNI,Tribute,False
30000891,10000010,L-VXTK,Tribute,False
30000892,10000010,C8VC-S,Tribute,False
30000893,10000010,W-UQA5,Tribute,False
30000894,10000010,W6VP-Y,Tribute,False
30000895,10000010,IMK-K1,Tribute,False
30000896,10000010,NJ4X-S,Tribute,False
30000897,10000010,F-G7BO,Tribute,False
30000898,10000010,2CG-5V,Tribute,False
30000899,10000010,QFF-O6,Tribute,False
30000900,10000011,NIH-02,Great Wildlands,False
30000901,10000011,JPL-RA,Great Wildlands,False
30000902,10000011,NK-7XO,Great Wildlands,False
30000903,10000011,E02-IK,Great Wildlands,False
30000904,10000011,N-DQ0D,Great Wildlands,False
30000905,10000011,M-MD3B,Great Wildlands,False
30000906,10000011,FVXK-D,Great Wildlands,False
30000907,10000011,6EG7-R,Great Wildlands,False
30000908,10000011,56D-TC,Great Wildlands,False
30000909,10000011,2X7Z-L,Great Wildlands,False
30000910,10000011,8DL-CP,Great Wildlands,False
30000911,10000011,UMDQ-6,Great Wildlands,False
30000912,10000011,504Z-V,Great Wildlands,False
30000913,10000011,F8K-WQ,Great Wildlands,False
30000914,10000011,AB-FZE,Great Wildlands,False
30000915,10000011,N-6Z8B,Great Wildlands,False
30000916,10000011,YUY-LM,Great Wildlands,False
30000917,10000011,NE-3GR,Great Wildlands,False
30000918,10000011,Y4-GQV,Great Wildlands,False
30000919,10000011,7-IDWY,Great Wildlands,False
30000920,10000011,AZF-GH,Great Wildlands,False
30000921,10000011,UT-UZB,Great Wildlands,False
30000922,10000011,M-EKDF,Great Wildlands,False
30000923,10000011,CRXA-Y,Great Wildlands,False
30000924,10000011,VXO-OM,Great Wildlands,False
30000925,10000011,BY5-V8,Great Wildlands,False
30000926,10000011,TET3-B,Great Wildlands,False
30000927,10000011,VKU-BG,Great Wildlands,False
30000928,10000011,WPR-EI,Great Wildlands,False
30000929,10000011,0NV-YU,Great Wildlands,False
30000930,10000011,V-2GYS,Great Wildlands,False
30000931,10000011,168-6H,Great Wildlands,False
30000932,10000011,W-RFUO,Great Wildlands,False
30000933,10000011,AI-EVH,Great Wildlands,False
30000934,10000011,F-MKH3,Great Wildlands,False
30000935,10000011,ZM-DNR,Great Wildlands,False
30000936,10000011,GF-3FL,Great Wildlands,False
30000937,10000011,ZJ-GOU,Great Wildlands,False
30000938,10000011,QQ3-YI,Great Wildlands,False
30000939,10000011,9-34L5,Great Wildlands,False
30000940,10000011,0R-GZQ,Great Wildlands,False
30000941,10000011,QM-20X,Great Wildlands,False
30000942,10000011,8YC-AN,Great Wildlands,False
30000943,10000011,7Q-8Z2,Great Wildlands,False
30000944,10000011,SUR-F7,Great Wildlands,False
30000945,10000011,OK-6XN,Great Wildlands,False
30000946,10000011,Q2FL-T,Great Wildlands,False
30000947,10000011,Y7-XFD,Great Wildlands,False
30000948,10000011,U3K-4A,Great Wildlands,False
30000949,10000011,P1T-LP,Great Wildlands,False
30000950,10000011,R-ESG0,Great Wildlands,False
30000951,10000011,CI4M-T,Great Wildlands,False
30000952,10000011,I-QRJA,Great Wildlands,False
30000953,10000011,M-YWAL,Great Wildlands,False
30000954,10000011,DE71-9,Great Wildlands,False
30000955,10000011,7JF-0Z,Great Wildlands,False
30000956,10000011,IX8-JB,Great Wildlands,False
30000957,10000011,WTIE-6,Great Wildlands,False
30000958,10000011,Y-DSSK,Great Wildlands,False
30000959,10000011,F5-CGW,Great Wildlands,False
30000960,10000011,H9S-WC,Great Wildlands,False
30000961,10000011,B-ROFP,Great Wildlands,False
30000962,10000011,1L-AED,Great Wildlands,False
30000963,10000011,1C-953,Great Wildlands,False
30000964,10000011,SL-YBS,Great Wildlands,False
30000965,10000011,UNJ-GX,Great Wildlands,False
30000966,10000011,0PI4-E,Great Wildlands,False
30000967,10000011,6WT-BE,Great Wildlands,False
30000968,10000011,L1S-G1,Great Wildlands,False
30000969,10000011,9SNK-O,Great Wildlands,False
30000970,10000011,B-VIP9,Great Wildlands,False
30000971,10000011,LXTC-S,Great Wildlands,False
30000972,10000011,WE3-BX,Great Wildlands,False
30000973,10000011,H7O-JZ,Great Wildlands,False
30000974,10000011,H-8F5Q,Great Wildlands,False
30000975,10000011,O-RXCZ,Great Wildlands,False
30000976,10000011,4M-P1I,Great Wildlands,False
30000977,10000011,P7UZ-T,Great Wildlands,False
30000978,10000011,PUZ-IO,Great Wildlands,False
30000979,10000011,HB-1NJ,Great Wildlands,False
30000980,10000011,EOE3-N,Great Wildlands,False
30000981,10000011,F7A-MR,Great Wildlands,False
30000982,10000011,O-8SOC,Great Wildlands,False
30000983,10000011,OJOS-T,Great Wildlands,False
30000984,10000011,V89M-R,Great Wildlands,False
30000985,10000011,66U-1P,Great Wildlands,False
30000986,10000011,BRT-OP,Great Wildlands,False
30000987,10000011,JUK0-1,Great Wildlands,False
30000988,10000011,V-IH6B,Great Wildlands,False
30000989,10000011,52V6-B,Great Wildlands,False
30000990,10000011,PUC-JZ,Great Wildlands,False
30000991,10000011,SB-23C,Great Wildlands,False
30000992,10000011,5FCV-A,Great Wildlands,False
30000993,10000011,O-OVOQ,Great Wildlands,False
30000994,10000011,92-B0X,Great Wildlands,False
30000995,10000011,0-3VW8,Great Wildlands,False
30000996,10000011,28-QWU,Great Wildlands,False
30000997,10000011,UD-AOK,Great Wildlands,False
30000998,10000011,M9U-75,Great Wildlands,False
30000999,10000011,N-RAEL,Great Wildlands,False
30001000,10000011,K-IYNW,Great Wildlands,False
30001001,10000012,H-ADOC,Curse,False
30001002,10000012,G-G78S,Curse,False
30001003,10000012,UW9B-F,Curse,False
30001004,10000012,ZZ-ZWC,Curse,False
30001005,10000012,OSY-UD,Curse,False
30001006,10000012,K-MGJ7,Curse,False
30001007,10000012,JWJ-P1,Curse,False
30001008,10000012,V-IUEL,Curse,False
30001009,10000012,0SHT-A,Curse,False
30001010,10000012,D87E-A,Curse,False
30001011,10000012,K-B2D3,Curse,False
30001012,10000012,PO4F-3,Curse,False
30001013,10000012,J7A-UR,Curse,False
30001014,10000012,5E-VR8,Curse,False
30001015,10000012,V7D-JD,Curse,False
30001016,10000012,HLW-HP,Curse,False
30001017,10000012,8G-MQV,Curse,False
30001018,10000012,RA-NXN,Curse,False
30001019,10000012,VOL-MI,Curse,False
30001020,10000012,KLMT-W,Curse,False
30001021,10000012,XX9-WV,Curse,False
30001022,10000012,AAM-1A,Curse,False
30001023,10000012,EW-JR5,Curse,False
30001024,10000012,YKE4-3,Curse,False
30001025,10000012,CL-85V,Curse,False
30001026,10000012,K-QWHE,Curse,False
30001027,10000012,MDD-79,Curse,False
30001028,10000012,RMOC-W,Curse,False
30001029,10000012,ES-UWY,Curse,False
30001030,10000012,S1DP-Y,Curse,False
30001031,10000012,Y-DW5K,Curse,False
30001032,10000012,M-N7WD,Curse,False
30001033,10000012,QFEW-K,Curse,False
30001034,10000012,CVY-UC,Curse,False
30001035,10000012,EQX-AE,Curse,False
30001036,10000012,G-R4W1,Curse,False
30001037,10000012,BPK-XK,Curse,False
30001038,10000012,LJ-YSW,Curse,False
30001039,10000012,Y-K50G,Curse,False
30001040,10000012,K88X-J,Curse,False
30001041,10000012,G-0Q86,Curse,False
30001042,10000012,CL-1JE,Curse,False
30001043,10000012,J4UD-J,Curse,False
30001044,10000012,Hemin,Curse,False
30001045,10000012,Utopia,Curse,False
30001046,10000012,Jorund,Curse,False
30001047,10000012,Doril,Curse,False
30001048,10000012,Litom,Curse,False
30001049,10000012,Farit,Curse,False
30001050,10000012,Jamunda,Curse,False
30001051,10000013,TD-4XL,Malpais,False
30001052,10000013,IBOX-2,Malpais,False
30001053,10000013,8AB-Q4,Malpais,False
30001054,10000013,VW-PXL,Malpais,False
30001055,10000013,JA-G0T,Malpais,False
30001056,10000013,IF-KD1,Malpais,False
30001057,10000013,7-YHRX,Malpais,False
30001058,10000013,Y6-9LF,Malpais,False
30001059,10000013,X-PQEX,Malpais,False
30001060,10000013,N-H95C,Malpais,False
30001061,10000013,NSI-MW,Malpais,False
30001062,10000013,N-YLOE,Malpais,False
30001063,10000013,NBO-O0,Malpais,False
30001064,10000013,F-TQWO,Malpais,False
30001065,10000013,0-TRV1,Malpais,False
30001066,10000013,13-49W,Malpais,False
30001067,10000013,6UT-1K,Malpais,False
30001068,10000013,O8W-5O,Malpais,False
30001069,10000013,LH-PLU,Malpais,False
30001070,10000013,AZA-QE,Malpais,False
30001071,10000013,8-2JZA,Malpais,False
30001072,10000013,ZT-L3S,Malpais,False
30001073,10000013,VVB-QH,Malpais,False
30001074,10000013,Z-DDVJ,Malpais,False
30001075,10000013,7-2Z93,Malpais,False
30001076,10000013,B-VFDD,Malpais,False
30001077,10000013,A0M-R8,Malpais,False
30001078,10000013,LY-WRW,Malpais,False
30001079,10000013,9F-ERQ,Malpais,False
30001080,10000013,QCGG-Q,Malpais,False
30001081,10000013,1NZV-7,Malpais,False
30001082,10000013,NIM-FY,Malpais,False
30001083,10000013,DAI-SH,Malpais,False
30001084,10000013,V3P-AZ,Malpais,False
30001085,10000013,C-KW6X,Malpais,False
30001086,10000013,X1W-AL,Malpais,False
30001087,10000013,F-WZYG,Malpais,False
30001088,10000013,S-R9J2,Malpais,False
30001089,10000013,XU-BF8,Malpais,False
30001090,10000013,RIU-GC,Malpais,False
30001091,10000013,Z0H2-4,Malpais,False
30001092,10000013,63-7Q6,Malpais,False
30001093,10000013,XCZ5-Y,Malpais,False
30001094,10000013,NRD-5Q,Malpais,False
30001095,10000013,W5-205,Malpais,False
30001096,10000013,T-4H0B,Malpais,False
30001097,10000013,Z-EKCY,Malpais,False
30001098,10000013,SH-YZY,Malpais,False
30001099,10000013,O7-RFZ,Malpais,False
30001100,10000013,CLW-SI,Malpais,False
30001101,10000013,5-A0PX,Malpais,False
30001102,10000013,R-RMDH,Malpais,False
30001103,10000013,2XI8-Y,Malpais,False
30001104,10000013,5B-YDD,Malpais,False
30001105,10000013,W-XY4J,Malpais,False
30001106,10000013,PWPY-4,Malpais,False
30001107,10000013,QZ1-OH,Malpais,False
30001108,10000013,Y-XZA7,Malpais,False
30001109,10000013,1-EVAX,Malpais,False
30001110,10000013,I8-AJY,Malpais,False
30001111,10000013,6-WMKE,Malpais,False
30001112,10000013,J-Z8C2,Malpais,False
30001113,10000013,XTVZ-E,Malpais,False
30001114,10000013,APES-G,Malpais,False
30001115,10000013,B2J-5N,Malpais,False
30001116,10000013,2Z-HPQ,Malpais,False
30001117,10000013,NBW-GD,Malpais,False
30001118,10000013,YM-SRU,Malpais,False
30001119,10000013,LO5-LN,Malpais,False
30001120,10000013,06-70G,Malpais,False
30001121,10000013,UYG-YX,Malpais,False
30001122,10000013,GL6S-2,Malpais,False
30001123,10000013,RUF3-O,Malpais,False
30001124,10000013,C-NMG9,Malpais,False
30001125,10000013,P3X-TN,Malpais,False
30001126,10000013,N6NK-J,Malpais,False
30001127,10000013,TP-APY,Malpais,False
30001128,10000013,9NI-FW,Malpais,False
30001129,10000013,H-EBQG,Malpais,False
30001130,10000013,DOA-YU,Malpais,False
30001131,10000013,ZOPZ-6,Malpais,False
30001132,10000013,863P-X,Malpais,False
30001133,10000013,ZO-YJZ,Malpais,False
30001134,10000013,6A-FUY,Malpais,False
30001135,10000013,HG-YEQ,Malpais,False
30001136,10000013,2FL-5W,Malpais,False
30001137,10000013,QSCO-D,Malpais,False
30001138,10000013,RXTY-4,Malpais,False
30001139,10000013,RSE-PT,Malpais,False
30001140,10000013,WVJU-4,Malpais,False
30001141,10000013,7T-0QS,Malpais,False
30001142,10000013,RWML-A,Malpais,False
30001143,10000013,V-JCJS,Malpais,False
30001144,10000013,8C-VE3,Malpais,False
30001145,10000013,S5W-1Z,Malpais,False
30001146,10000013,IL-OL1,Malpais,False
30001147,10000013,POQP-K,Malpais,False
30001148,10000013,FO9-FZ,Malpais,False
30001149,10000013,4QY-NT,Malpais,False
30001150,10000013,0-N1BJ,Malpais,False
30001151,10000013,T-8GWA,Malpais,False
30001152,10000013,UW-6MW,Malpais,False
30001153,10000014,F9E-KX,Catch,False
30001154,10000014,9KOE-A,Catch,False
30001155,10000014,U-QVWD,Catch,False
30001156,10000014,B-3QPD,Catch,False
30001157,10000014,36N-HZ,Catch,False
30001158,10000014,SV5-8N,Catch,False
30001159,10000014,HY-RWO,Catch,False
30001160,10000014,WD-VTV,Catch,False
30001161,10000014,HED-GP,Catch,False
30001162,10000014,V-3YG7,Catch,False
30001163,10000014,QSM-LM,Catch,False
30001164,10000014,KDF-GY,Catch,False
30001165,10000014,QBQ-RF,Catch,False
30001166,10000014,9-8GBA,Catch,False
30001167,10000014,6-K738,Catch,False
30001168,10000014,ZXIC-7,Catch,False
30001169,10000014,2J-WJY,Catch,False
30001170,10000014,1P-WGB,Catch,False
30001171,10000014,F4R2-Q,Catch,False
30001172,10000014,K0CN-3,Catch,False
30001173,10000014,WLAR-J,Catch,False
30001174,10000014,L7XS-5,Catch,False
30001175,10000014,VA6-DR,Catch,False
30001176,10000014,S-U2VD,Catch,False
30001177,10000014,GE-94X,Catch,False
30001178,10000014,GMLH-K,Catch,False
30001179,10000014,W9-DID,Catch,False
30001180,10000014,KW-I6T,Catch,False
30001181,10000014,EX-0LQ,Catch,False
30001182,10000014,MB-NKE,Catch,False
30001183,10000014,G-7WUF,Catch,False
30001184,10000014,6-MM99,Catch,False
30001185,10000014,JBY6-F,Catch,False
30001186,10000014,FZ-6A5,Catch,False
30001187,10000014,RNF-YH,Catch,False
30001188,10000014,I-8D0G,Catch,False
30001189,10000014,R-K4QY,Catch,False
30001190,10000014,JWZ2-V,Catch,False
30001191,10000014,OGL8-Q,Catch,False
30001192,10000014,GJ0-OJ,Catch,False
30001193,10000014,A-803L,Catch,False
30001194,10000014,WQH-4K,Catch,False
30001195,10000014,J-ODE7,Catch,False
30001196,10000014,Q-S7ZD,Catch,False
30001197,10000014,6X7-JO,Catch,False
30001198,10000014,GE-8JV,Catch,False
30001199,10000014,3-OKDA,Catch,False
30001200,10000014,3GD6-8,Catch,False
30001201,10000014,4M-HGL,Catch,False
30001202,10000014,MY-W1V,Catch,False
30001203,10000014,AX-DOT,Catch,False
30001204,10000014,YHN-3K,Catch,False
30001205,10000014,CB4-Q2,Catch,False
30001206,10000014,CBL-XP,Catch,False
30001207,10000014,WJ-9YO,Catch,False
30001208,10000014,UQ-PWD,Catch,False
30001209,10000014,N-8BZ6,Catch,False
30001210,10000014,A-VILQ,Catch,False
30001211,10000014,X3FQ-W,Catch,False
30001212,10000014,3-SFWG,Catch,False
30001213,10000014,MUXX-4,Catch,False
30001214,10000014,E1-4YH,Catch,False
30001215,10000014,B-XJX4,Catch,False
30001216,10000014,AOK-WQ,Catch,False
30001217,10000014,E3-SDZ,Catch,False
30001218,10000014,7LHB-Z,Catch,False
30001219,10000014,8B-2YA,Catch,False
30001220,10000014,SNFV-I,Catch,False
30001221,10000014,HP-64T,Catch,False
30001222,10000014,V2-VC2,Catch,False
30001223,10000014,L-B55M,Catch,False
30001224,10000014,CX65-5,Catch,False
30001225,10000014,JA-O6J,Catch,False
30001226,10000014,ZQ-Z3Y,Catch,False
30001227,10000014,G-AOTH,Catch,False
30001228,10000014,TA3T-3,Catch,False
30001229,10000014,E-YJ8G,Catch,False
30001230,10000014,J6QB-P,Catch,False
30001231,10000014,KA6D-K,Catch,False
30001232,10000014,7MD-S1,Catch,False
30001233,10000014,ERVK-P,Catch,False
30001234,10000014,UL-7I8,Catch,False
30001235,10000014,BR-N97,Catch,False
30001236,10000014,IS-R7P,Catch,False
30001237,10000014,S25C-K,Catch,False
30001238,10000014,K717-8,Catch,False
30001239,10000014,NH-1X6,Catch,False
30001240,10000014,KH0Z-0,Catch,False
30001241,10000014,5-N2EY,Catch,False
30001242,10000014,KB-U56,Catch,False
30001243,10000014,JGW-OT,Catch,False
30001244,10000014,UCG4-B,Catch,False
30001245,10000014,BUZ-DB,Catch,False
30001246,10000014,QETZ-W,Catch,False
30001247,10000014,WFC-MY,Catch,False
30001248,10000014,Q-U96U,Catch,False
30001249,10000014,X4-WL0,Catch,False
30001250,10000014,W-MPTH,Catch,False
30001251,10000014,4NBN-9,Catch,False
30001252,10000014,EX6-AO,Catch,False
30001253,10000014,CZK-ZQ,Catch,False
30001254,10000014,CNC-4V,Catch,False
30001255,10000014,Y-PNRL,Catch,False
30001256,10000014,FAT-6P,Catch,False
30001257,10000014,6BPS-T,Catch,False
30001258,10000014,25S-6P,Catch,False
30001259,10000014,RR-D05,Catch,False
30001260,10000014,4-07MU,Catch,False
30001261,10000015,Y-W1Q3,Venal,False
30001262,10000015,Y6-HPG,Venal,False
30001263,10000015,Z-GY5S,Venal,False
30001264,10000015,KK-L97,Venal,False
30001265,10000015,R-KZK7,Venal,False
30001266,10000015,9-R6GU,Venal,False
30001267,10000015,N-Q5PW,Venal,False
30001268,10000015,P-FSQE,Venal,False
30001269,10000015,H-PA29,Venal,False
30001270,10000015,1-Y6KI,Venal,False
30001271,10000015,YP-J33,Venal,False
30001272,10000015,D-8SI1,Venal,False
30001273,10000015,9-266Q,Venal,False
30001274,10000015,K3JR-J,Venal,False
30001275,10000015,CSOA-B,Venal,False
30001276,10000015,6W-HRH,Venal,False
30001277,10000015,N5Y-4N,Venal,False
30001278,10000015,MQFX-Q,Venal,False
30001279,10000015,9-8BL8,Venal,False
30001280,10000015,N6G-H3,Venal,False
30001281,10000015,3A1P-N,Venal,False
30001282,10000015,OZ-VAE,Venal,False
30001283,10000015,A-AFGR,Venal,False
30001284,10000015,92K-H2,Venal,False
30001285,10000015,AA-YRK,Venal,False
30001286,10000015,BV-1JG,Venal,False
30001287,10000015,0-BFTQ,Venal,False
30001288,10000015,SS-GED,Venal,False
30001289,10000015,AJCJ-1,Venal,False
30001290,10000015,6NJ8-V,Venal,False
30001291,10000015,Y-4CFK,Venal,False
30001292,10000015,HBD-CC,Venal,False
30001293,10000015,P-GKF5,Venal,False
30001294,10000015,E-7U8U,Venal,False
30001295,10000015,0-XIDJ,Venal,False
30001296,10000015,SBL5-R,Venal,False
30001297,10000015,O-TVTD,Venal,False
30001298,10000015,8CIX-S,Venal,False
30001299,10000015,D-SKWC,Venal,False
30001300,10000015,4RX-EE,Venal,False
30001301,10000015,V3X-L8,Venal,False
30001302,10000015,N0C-UN,Venal,False
30001303,10000015,VG-6CH,Venal,False
30001304,10000015,Z0-TJW,Venal,False
30001305,10000015,QHJ-FW,Venal,False
30001306,10000015,9IPC-E,Venal,False
30001307,10000015,EIV-1W,Venal,False
30001308,10000015,S-1ZXZ,Venal,False
30001309,10000015,N-5476,Venal,False
30001310,10000015,PZOZ-K,Venal,False
30001311,10000015,W3KK-R,Venal,False
30001312,10000015,92D-OI,Venal,False
30001313,10000015,EK2-ET,Venal,False
30001314,10000015,SE-SHZ,Venal,False
30001315,10000015,JURU-T,Venal,False
30001316,10000015,MC6-5J,Venal,False
30001317,10000015,65V-RH,Venal,False
30001318,10000015,4-7IL9,Venal,False
30001319,10000015,2PLH-3,Venal,False
30001320,10000015,RQ9-OZ,Venal,False
30001321,10000015,B-CZXG,Venal,False
30001322,10000015,0-O2UT,Venal,False
30001323,10000015,Q61Y-F,Venal,False
30001324,10000015,PF-QHK,Venal,False
30001325,10000015,XW-6TC,Venal,False
30001326,10000015,Q-7SUI,Venal,False
30001327,10000015,VVD-O6,Venal,False
30001328,10000015,6ZJ-SC,Venal,False
30001329,10000015,P-VYVL,Venal,False
30001330,10000015,HD-JVQ,Venal,False
30001331,10000015,H-AJ27,Venal,False
30001332,10000015,M2-2V1,Venal,False
30001333,10000015,2TH-3F,Venal,False
30001334,10000015,E1F-E5,Venal,False
30001335,10000015,4S-PVC,Venal,False
30001336,10000015,WLF-D3,Venal,False
30001337,10000015,LHJ-2G,Venal,False
30001338,10000015,SHJO-J,Venal,False
30001339,10000015,6UQ-4U,Venal,False
30001340,10000015,430-BE,Venal,False
30001341,10000015,OJ-CT4,Venal,False
30001342,10000015,AZ-UWB,Venal,False
30001343,10000015,H-S5BM,Venal,False
30001344,10000015,FHB-QA,Venal,False
30001345,10000015,Z3U-GI,Venal,False
30001346,10000015,B3QP-K,Venal,False
30001347,10000015,GVZ-1W,Venal,False
30001348,10000015,G9D-XW,Venal,False
30001349,10000015,42XJ-N,Venal,False
30001350,10000015,L-IE41,Venal,False
30001351,10000015,VG-QW1,Venal,False
30001352,10000015,2IBE-N,Venal,False
30001353,10000015,YJ3-UT,Venal,False
30001354,10000015,ZD4-G9,Venal,False
30001355,10000015,C2-DDA,Venal,False
30001356,10000016,Dantumi,Lonetrek,False
30001357,10000016,Antiainen,Lonetrek,False
30001358,10000016,Ossa,Lonetrek,False
30001359,10000016,Semiki,Lonetrek,False
30001360,10000016,Kiskoken,Lonetrek,False
30001361,10000016,Aurohunen,Lonetrek,False
30001362,10000016,Veisto,Lonetrek,False
30001363,10000016,Sobaseki,Lonetrek,False
30001364,10000016,Funtanainen,Lonetrek,False
30001365,10000016,Isikemi,Lonetrek,False
30001366,10000016,Uosusuokko,Lonetrek,False
30001367,10000016,Hageken,Lonetrek,False
30001368,10000016,Uemisaisen,Lonetrek,False
30001369,10000016,Sotrentaira,Lonetrek,False
30001370,10000016,Ouranienen,Lonetrek,False
30001371,10000016,Erenta,Lonetrek,False
30001372,10000070,Kino,Pochven,False
30001373,10000016,Raussinen,Lonetrek,False
30001374,10000016,Iidoken,Lonetrek,False
30001375,10000016,Tsuguwa,Lonetrek,False
30001376,10000016,Nourvukaiken,Lonetrek,False
30001377,10000016,Sarekuwa,Lonetrek,False
30001378,10000016,Ekura,Lonetrek,False
30001379,10000016,Tunttaras,Lonetrek,False
30001380,10000016,Vellaine,Lonetrek,False
30001381,10000070,Arvasaras,Pochven,False
30001382,10000016,Akonoinen,Lonetrek,False
30001383,10000016,Vaajaita,Lonetrek,False
30001384,10000016,Autaris,Lonetrek,False
30001385,10000016,Jan,Lonetrek,False
30001386,10000016,Saatuban,Lonetrek,False
30001387,10000016,Isikano,Lonetrek,False
30001388,10000016,Mara,Lonetrek,False
30001389,10000016,Isanamo,Lonetrek,False
30001390,10000016,Pakkonen,Lonetrek,False
30001391,10000016,Piekura,Lonetrek,False
30001392,10000016,Amsen,Lonetrek,False
30001393,10000016,Malkalen,Lonetrek,False
30001394,10000016,Korama,Lonetrek,False
30001395,10000016,Ylandoki,Lonetrek,False
30001396,10000016,Aakari,Lonetrek,False
30001397,10000016,Isseras,Lonetrek,False
30001398,10000016,Aunenen,Lonetrek,False
30001399,10000016,Elonaya,Lonetrek,False
30001400,10000016,Litiura,Lonetrek,False
30001401,10000016,Nonni,Lonetrek,False
30001402,10000016,Passari,Lonetrek,False
30001403,10000016,Piak,Lonetrek,False
30001404,10000016,Airkio,Lonetrek,False
30001405,10000016,Kakakela,Lonetrek,False
30001406,10000016,Kamokor,Lonetrek,False
30001407,10000016,Todaki,Lonetrek,False
30001408,10000016,Ruvas,Lonetrek,False
30001409,10000016,Umokka,Lonetrek,False
30001410,10000016,Kirras,Lonetrek,False
30001411,10000016,Autama,Lonetrek,False
30001412,10000016,Tsukuras,Lonetrek,False
30001413,10000070,Nani,Pochven,False
30001414,10000016,Ajanen,Lonetrek,False
30001415,10000016,Kuoka,Lonetrek,False
30001416,10000016,Liukikka,Lonetrek,False
30001417,10000016,Rauntaka,Lonetrek,False
30001418,10000016,Aikantoh,Lonetrek,False
30001419,10000016,Atai,Lonetrek,False
30001420,10000016,Daras,Lonetrek,False
30001421,10000016,Otalieto,Lonetrek,False
30001422,10000016,Iitanmadan,Lonetrek,False
30001423,10000016,Jotenen,Lonetrek,False
30001424,10000016,Haajinen,Lonetrek,False
30001425,10000016,Oipo,Lonetrek,False
30001426,10000016,Isinokka,Lonetrek,False
30001427,10000016,Yoma,Lonetrek,False
30001428,10000016,Ibura,Lonetrek,False
30001429,10000016,Torrinos,Lonetrek,False
30001430,10000016,Endatoh,Lonetrek,False
30001431,10000016,Aivoli,Lonetrek,False
30001432,10000016,Uesuro,Lonetrek,False
30001433,10000016,Oishami,Lonetrek,False
30001434,10000016,Elanoda,Lonetrek,False
30001435,10000016,Ohbochi,Lonetrek,False
30001436,10000016,Isie,Lonetrek,False
30001437,10000016,Tamo,Lonetrek,False
30001438,10000016,Nannaras,Lonetrek,False
30001439,10000016,Anin,Lonetrek,False
30001440,10000016,Karjataimon,Lonetrek,False
30001441,10000016,Tartoken,Lonetrek,False
30001442,10000016,Saranen,Lonetrek,False
30001443,10000016,Vuorrassi,Lonetrek,False
30001444,10000016,Oimmo,Lonetrek,False
30001445,10000070,Nalvula,Pochven,False
30001446,10000016,Otsasai,Lonetrek,False
30001447,10000016,Taisy,Lonetrek,False
30001448,10000016,Hakonen,Lonetrek,False
30001449,10000017,PZP1-D,J7HZ-F,False
30001450,10000017,R1KE-A,J7HZ-F,False
30001451,10000017,JGDF-B,J7HZ-F,False
30001452,10000017,1SR-HT,J7HZ-F,False
30001453,10000017,SQ-2XA,J7HZ-F,False
30001454,10000017,Z-FYJR,J7HZ-F,False
30001455,10000017,ZA6-9N,J7HZ-F,False
30001456,10000017,J1-6CJ,J7HZ-F,False
30001457,10000017,7H-Z5R,J7HZ-F,False
30001458,10000017,0RZ5-2,J7HZ-F,False
30001459,10000017,A9-NB6,J7HZ-F,False
30001460,10000017,LG1-TA,J7HZ-F,False
30001461,10000017,TNK-BQ,J7HZ-F,False
30001462,10000017,E2AX-5,J7HZ-F,False
30001463,10000017,HPE-KP,J7HZ-F,False
30001464,10000017,THS-MN,J7HZ-F,False
30001465,10000017,UBES-K,J7HZ-F,False
30001466,10000017,I-R8B0,J7HZ-F,False
30001467,10000017,QIW-TQ,J7HZ-F,False
30001468,10000017,WLL-QX,J7HZ-F,False
30001469,10000017,BJC4-8,J7HZ-F,False
30001470,10000017,PQA-9K,J7HZ-F,False
30001471,10000017,S5-U0R,J7HZ-F,False
30001472,10000017,CW-R71,J7HZ-F,False
30001473,10000017,QO-3LC,J7HZ-F,False
30001474,10000017,3E-ER7,J7HZ-F,False
30001475,10000017,REZ-YZ,J7HZ-F,False
30001476,10000017,OU-AIT,J7HZ-F,False
30001477,10000017,VYX2-I,J7HZ-F,False
30001478,10000017,5-P3CQ,J7HZ-F,False
30001479,10000017,M-FDTD,J7HZ-F,False
30001480,10000017,54-VNO,J7HZ-F,False
30001481,10000017,IAMZ-5,J7HZ-F,False
30001482,10000017,HD3-JK,J7HZ-F,False
30001483,10000017,PBXG-A,J7HZ-F,False
30001484,10000017,9-ERCP,J7HZ-F,False
30001485,10000017,KN7M-N,J7HZ-F,False
30001486,10000017,Z-D1DW,J7HZ-F,False
30001487,10000017,FO-3PJ,J7HZ-F,False
30001488,10000017,6-QXE6,J7HZ-F,False
30001489,10000017,N-FKXV,J7HZ-F,False
30001490,10000017,X7-8IG,J7HZ-F,False
30001491,10000017,R-G1SF,J7HZ-F,False
30001492,10000017,6-NCE7,J7HZ-F,False
30001493,10000017,WDJQ-G,J7HZ-F,False
30001494,10000017,JS3-RS,J7HZ-F,False
30001495,10000017,JX-T1W,J7HZ-F,False
30001496,10000017,CZ-CED,J7HZ-F,False
30001497,10000017,BKK4-H,J7HZ-F,False
30001498,10000017,Y-4V7U,J7HZ-F,False
30001499,10000017,L-TPN0,J7HZ-F,False
30001500,10000017,3-XORH,J7HZ-F,False
30001501,10000017,G1VU-H,J7HZ-F,False
30001502,10000017,W6H6-K,J7HZ-F,False
30001503,10000017,6-23NU,J7HZ-F,False
30001504,10000017,DVAR-P,J7HZ-F,False
30001505,10000017,J-JS0D,J7HZ-F,False
30001506,10000017,VR3-PS,J7HZ-F,False
30001507,10000017,LH-J8H,J7HZ-F,False
30001508,10000017,I9D-0D,J7HZ-F,False
30001509,10000017,HGB-C6,J7HZ-F,False
30001510,10000017,2L5-FI,J7HZ-F,False
30001511,10000017,RS08-B,J7HZ-F,False
30001512,10000017,4U-14I,J7HZ-F,False
30001513,10000017,H-EDXD,J7HZ-F,False
30001514,10000017,8-ULAA,J7HZ-F,False
30001515,10000017,KF1-DU,J7HZ-F,False
30001516,10000017,W-WQM5,J7HZ-F,False
30001517,10000017,G5J-LH,J7HZ-F,False
30001518,10000017,H7OL-I,J7HZ-F,False
30001519,10000017,TO21-U,J7HZ-F,False
30001520,10000017,RN-5K9,J7HZ-F,False
30001521,10000017,0M-M64,J7HZ-F,False
30001522,10000017,W5-SGC,J7HZ-F,False
30001523,10000017,8RV-1L,J7HZ-F,False
30001524,10000017,1C-TD6,J7HZ-F,False
30001525,10000017,YBYX-1,J7HZ-F,False
30001526,10000018,L-WG68,The Spire,False
30001527,10000018,E4-E8W,The Spire,False
30001528,10000018,HIK-MC,The Spire,False
30001529,10000018,B9EA-G,The Spire,False
30001530,10000018,E-BFLT,The Spire,False
30001531,10000018,GZM-KB,The Spire,False
30001532,10000018,5LAJ-8,The Spire,False
30001533,10000018,C6C-K9,The Spire,False
30001534,10000018,AL-JSG,The Spire,False
30001535,10000018,ETO-OT,The Spire,False
30001536,10000018,KPI-OW,The Spire,False
30001537,10000018,A-J6SN,The Spire,False
30001538,10000018,OTJ-4W,The Spire,False
30001539,10000018,AG-SYG,The Spire,False
30001540,10000018,1I5-0V,The Spire,False
30001541,10000018,VX1-HV,The Spire,False
30001542,10000018,JNG7-K,The Spire,False
30001543,10000018,K-XJJT,The Spire,False
30001544,10000018,FO1U-K,The Spire,False
30001545,10000018,6U-1RX,The Spire,False
30001546,10000018,Y4OK-W,The Spire,False
30001547,10000018,P-NI4K,The Spire,False
30001548,10000018,T6T-BQ,The Spire,False
30001549,10000018,N-PS2Y,The Spire,False
30001550,10000018,K-BBYU,The Spire,False
30001551,10000018,0J-MQW,The Spire,False
30001552,10000018,XT-1E0,The Spire,False
30001553,10000018,3ET-G8,The Spire,False
30001554,10000018,MOSA-I,The Spire,False
30001555,10000018,B6-XE8,The Spire,False
30001556,10000018,JLH-FN,The Spire,False
30001557,10000018,DFTK-D,The Spire,False
30001558,10000018,4HF-4R,The Spire,False
30001559,10000018,Y8K-5B,The Spire,False
30001560,10000018,L7-BLT,The Spire,False
30001561,10000018,8P-LKL,The Spire,False
30001562,10000018,Q-UVY6,The Spire,False
30001563,10000018,RXA-W1,The Spire,False
30001564,10000018,QFU-4S,The Spire,False
30001565,10000018,QQGH-G,The Spire,False
30001566,10000018,VK6-EZ,The Spire,False
30001567,10000018,JVA-FE,The Spire,False
30001568,10000018,P65-TA,The Spire,False
30001569,10000018,G-VFVB,The Spire,False
30001570,10000018,Y4B-BQ,The Spire,False
30001571,10000018,EU-WFW,The Spire,False
30001572,10000018,K-YL9T,The Spire,False
30001573,10000018,GTB-O4,The Spire,False
30001574,10000018,6W-6O9,The Spire,False
30001575,10000018,H4X-0I,The Spire,False
30001576,10000018,C-BHDN,The Spire,False
30001577,10000018,R-RE2B,The Spire,False
30001578,10000018,4DH-ST,The Spire,False
30001579,10000018,OSW-0P,The Spire,False
30001580,10000018,GF-GR7,The Spire,False
30001581,10000018,DVN6-0,The Spire,False
30001582,10000018,Z19-B8,The Spire,False
30001583,10000018,HPMN-V,The Spire,False
30001584,10000018,XR-ZL7,The Spire,False
30001585,10000018,U1-VHY,The Spire,False
30001586,10000018,OTJ9-E,The Spire,False
30001587,10000018,LH-LY1,The Spire,False
30001588,10000018,7-QOYS,The Spire,False
30001589,10000018,KS8G-M,The Spire,False
30001590,10000018,ZWM-BB,The Spire,False
30001591,10000018,S-CUEA,The Spire,False
30001592,10000018,L-EUY2,The Spire,False
30001593,10000018,JL-ZUQ,The Spire,False
30001594,10000018,X-KHRZ,The Spire,False
30001595,10000018,WIW-X8,The Spire,False
30001596,10000018,QRH-BF,The Spire,False
30001597,10000018,M-NP5O,The Spire,False
30001598,10000019,2-NF2Z,A821-A,False
30001599,10000019,0Z-VHC,A821-A,False
30001600,10000019,9-BUSQ,A821-A,False
30001601,10000019,LQB-TC,A821-A,False
30001602,10000019,II-1B3,A821-A,False
30001603,10000019,6-HFD6,A821-A,False
30001604,10000019,P3UD-M,A821-A,False
30001605,10000019,LCN-0V,A821-A,False
30001606,10000019,FX-XMW,A821-A,False
30001607,10000019,G-N6MC,A821-A,False
30001608,10000019,7-8XK0,A821-A,False
30001609,10000019,90G-OA,A821-A,False
30001610,10000019,DT-7EO,A821-A,False
30001611,10000019,B-Y06L,A821-A,False
30001612,10000019,HHQ-8L,A821-A,False
30001613,10000019,Z-KPAR,A821-A,False
30001614,10000019,8U-RZH,A821-A,False
30001615,10000019,2RV-06,A821-A,False
30001616,10000019,CLDT-L,A821-A,False
30001617,10000019,QU7-EE,A821-A,False
30001618,10000019,UC-X28,A821-A,False
30001619,10000019,R79-I7,A821-A,False
30001620,10000019,E-RPGP,A821-A,False
30001621,10000019,ZV-KZO,A821-A,False
30001622,10000019,NSE-U1,A821-A,False
30001623,10000019,KER-EU,A821-A,False
30001624,10000019,69A-54,A821-A,False
30001625,10000019,M9-OS2,A821-A,False
30001626,10000019,5V-YL6,A821-A,False
30001627,10000019,8-UWFS,A821-A,False
30001628,10000019,PQWA-L,A821-A,False
30001629,10000019,BWO-UU,A821-A,False
30001630,10000019,SQVI-U,A821-A,False
30001631,10000019,T-YWDD,A821-A,False
30001632,10000019,DLY-RG,A821-A,False
30001633,10000019,T-C5A0,A821-A,False
30001634,10000019,UP-L3Y,A821-A,False
30001635,10000019,F-KBNV,A821-A,False
30001636,10000019,JL-P9P,A821-A,False
30001637,10000019,FR-RCH,A821-A,False
30001638,10000019,FNS3-F,A821-A,False
30001639,10000019,7BA-TK,A821-A,False
30001640,10000019,IAWJ-X,A821-A,False
30001641,10000019,50-TJY,A821-A,False
30001642,10000019,3-CE1R,A821-A,False
30001643,10000019,0IRK-R,A821-A,False
30001644,10000020,Tividu,Tash-Murkon,False
30001645,10000020,Tendhyes,Tash-Murkon,False
30001646,10000020,Goram,Tash-Murkon,False
30001647,10000020,Anjedin,Tash-Murkon,False
30001648,10000020,Adahum,Tash-Murkon,False
30001649,10000020,Ahrosseas,Tash-Murkon,False
30001650,10000020,Riramia,Tash-Murkon,False
30001651,10000020,Nafomeh,Tash-Murkon,False
30001652,10000020,Pimsu,Tash-Murkon,False
30001653,10000020,Jarzalad,Tash-Murkon,False
30001654,10000020,Matyas,Tash-Murkon,False
30001655,10000020,Imeshasa,Tash-Murkon,False
30001656,10000020,Ivih,Tash-Murkon,False
30001657,10000020,Seil,Tash-Murkon,False
30001658,10000020,Mani,Tash-Murkon,False
30001659,10000020,Sehmosh,Tash-Murkon,False
30001660,10000020,Dabrid,Tash-Murkon,False
30001661,10000020,Gyerzen,Tash-Murkon,False
30001662,10000020,Hibi,Tash-Murkon,False
30001663,10000020,Gemodi,Tash-Murkon,False
30001664,10000020,Chamume,Tash-Murkon,False
30001665,10000020,Nuzair,Tash-Murkon,False
30001666,10000020,Pera,Tash-Murkon,False
30001667,10000020,Shousran,Tash-Murkon,False
30001668,10000020,Yong,Tash-Murkon,False
30001669,10000020,Pimebeka,Tash-Murkon,False
30001670,10000020,Baviasi,Tash-Murkon,False
30001671,10000020,Tash-Murkon Prime,Tash-Murkon,False
30001672,10000020,Emrayur,Tash-Murkon,False
30001673,10000020,Shesha,Tash-Murkon,False
30001674,10000020,Hilaban,Tash-Murkon,False
30001675,10000020,Sacalan,Tash-Murkon,False
30001676,10000020,Mimen,Tash-Murkon,False
30001677,10000020,Thashkarai,Tash-Murkon,False
30001678,10000020,Atoosh,Tash-Murkon,False
30001679,10000020,Unkah,Tash-Murkon,False
30001680,10000020,Hoona,Tash-Murkon,False
30001681,10000020,Teshkat,Tash-Murkon,False
30001682,10000020,Keshirou,Tash-Murkon,False
30001683,10000020,Nasesharafa,Tash-Murkon,False
30001684,10000020,Tirbam,Tash-Murkon,False
30001685,10000020,Ordat,Tash-Murkon,False
30001686,10000020,Rethan,Tash-Murkon,False
30001687,10000020,Lossa,Tash-Murkon,False
30001688,10000020,Onazel,Tash-Murkon,False
30001689,10000020,Asesamy,Tash-Murkon,False
30001690,10000020,Hostni,Tash-Murkon,False
30001691,10000020,Mimime,Tash-Murkon,False
30001692,10000020,Kibursha,Tash-Murkon,False
30001693,10000020,Perdan,Tash-Murkon,False
30001694,10000020,Abai,Tash-Murkon,False
30001695,10000020,Nehkiah,Tash-Murkon,False
30001696,10000020,Iro,Tash-Murkon,False
30001697,10000020,Ahkour,Tash-Murkon,False
30001698,10000020,Gaknem,Tash-Murkon,False
30001699,10000020,Siyi,Tash-Murkon,False
30001700,10000020,Remoriu,Tash-Murkon,False
30001701,10000020,Yanuel,Tash-Murkon,False
30001702,10000020,Nafrivik,Tash-Murkon,False
30001703,10000020,Taru,Tash-Murkon,False
30001704,10000020,Arkoz,Tash-Murkon,False
30001705,10000020,Azhgabid,Tash-Murkon,False
30001706,10000020,Jinizu,Tash-Murkon,False
30001707,10000020,Phoren,Tash-Murkon,False
30001708,10000020,Asezai,Tash-Murkon,False
30001709,10000020,Ferira,Tash-Murkon,False
30001710,10000020,Yeder,Tash-Murkon,False
30001711,10000020,Azerakish,Tash-Murkon,False
30001712,10000020,Lari,Tash-Murkon,False
30001713,10000020,Yasud,Tash-Murkon,False
30001714,10000020,Ghishul,Tash-Murkon,False
30001715,10000020,Moutid,Tash-Murkon,False
30001716,10000020,Goni,Tash-Murkon,False
30001717,10000020,Adar,Tash-Murkon,False
30001718,10000020,Paye,Tash-Murkon,False
30001719,10000020,Sagain,Tash-Murkon,False
30001720,10000020,Modun,Tash-Murkon,False
30001721,10000020,Saminer,Tash-Murkon,False
30001722,10000020,Marthia,Tash-Murkon,False
30001723,10000020,Assiad,Tash-Murkon,False
30001724,10000020,Rumida,Tash-Murkon,False
30001725,10000020,Nosodnis,Tash-Murkon,False
30001726,10000020,Iswa,Tash-Murkon,False
30001727,10000020,Rand,Tash-Murkon,False
30001728,10000020,Sizamod,Tash-Murkon,False
30001729,10000020,Sinid,Tash-Murkon,False
30001730,10000020,Alra,Tash-Murkon,False
30001731,10000020,Ilas,Tash-Murkon,False
30001732,10000020,Zith,Tash-Murkon,False
30001733,10000020,Tew,Tash-Murkon,False
30001734,10000020,Zehru,Tash-Murkon,False
30001735,10000020,Uhodoh,Tash-Murkon,False
30001736,10000020,Esa,Tash-Murkon,False
30001737,10000020,Hath,Tash-Murkon,False
30001738,10000020,Judra,Tash-Murkon,False
30001739,10000020,Sharios,Tash-Murkon,False
30001740,10000020,Arakor,Tash-Murkon,False
30001741,10000020,Ahteer,Tash-Murkon,False
30001742,10000020,Kari,Tash-Murkon,False
30001743,10000021,JUE-DX,Outer Passage,False
30001744,10000021,HLR-GL,Outer Passage,False
30001745,10000021,80G-H5,Outer Passage,False
30001746,10000021,2EV-BA,Outer Passage,False
30001747,10000021,M1-PX9,Outer Passage,False
30001748,10000021,W9-TFD,Outer Passage,False
30001749,10000021,QHH-13,Outer Passage,False
30001750,10000021,J4AQ-O,Outer Passage,False
30001751,10000021,O-O2GN,Outer Passage,False
30001752,10000021,I-HRX3,Outer Passage,False
30001753,10000021,XUPK-Z,Outer Passage,False
30001754,10000021,M4U-EH,Outer Passage,False
30001755,10000021,WK2F-Y,Outer Passage,False
30001756,10000021,WIO-OL,Outer Passage,False
30001757,10000021,1-10QG,Outer Passage,False
30001758,10000021,YQM-P1,Outer Passage,False
30001759,10000021,6-GRN7,Outer Passage,False
30001760,10000021,TFPT-U,Outer Passage,False
30001761,10000021,D-JVGJ,Outer Passage,False
30001762,10000021,K4UV-G,Outer Passage,False
30001763,10000021,Q7E-DU,Outer Passage,False
30001764,10000021,9Z-XJN,Outer Passage,False
30001765,10000021,ZEZ1-9,Outer Passage,False
30001766,10000021,QFRV-2,Outer Passage,False
30001767,10000021,HZID-J,Outer Passage,False
30001768,10000021,8-AA98,Outer Passage,False
30001769,10000021,EZWQ-X,Outer Passage,False
30001770,10000021,2ULC-J,Outer Passage,False
30001771,10000021,T0DT-T,Outer Passage,False
30001772,10000021,QG3-Z0,Outer Passage,False
30001773,10000021,RT64-C,Outer Passage,False
30001774,10000021,2ID-87,Outer Passage,False
30001775,10000021,FVQF-W,Outer Passage,False
30001776,10000021,8K-QCZ,Outer Passage,False
30001777,10000021,JBUH-H,Outer Passage,False
30001778,10000021,XDTW-F,Outer Passage,False
30001779,10000021,0-4VQL,Outer Passage,False
30001780,10000021,SN-DZ6,Outer Passage,False
30001781,10000021,DJ-GBH,Outer Passage,False
30001782,10000021,I0N-BM,Outer Passage,False
30001783,10000021,QOK-SX,Outer Passage,False
30001784,10000021,24I-FE,Outer Passage,False
30001785,10000021,4H-YJZ,Outer Passage,False
30001786,10000021,2-84WC,Outer Passage,False
30001787,10000021,V-SEE6,Outer Passage,False
30001788,10000021,U-FQ21,Outer Passage,False
30001789,10000021,NHKO-4,Outer Passage,False
30001790,10000021,KGCF-5,Outer Passage,False
30001791,10000021,Y-UO9U,Outer Passage,False
30001792,10000021,XME-SW,Outer Passage,False
30001793,10000021,JX-SOA,Outer Passage,False
30001794,10000021,VH-9VO,Outer Passage,False
30001795,10000021,P-T9VC,Outer Passage,False
30001796,10000021,9S-GPT,Outer Passage,False
30001797,10000021,UAJ5-K,Outer Passage,False
30001798,10000021,XJ-AG7,Outer Passage,False
30001799,10000021,2WU-XT,Outer Passage,False
30001800,10000021,J7X-VN,Outer Passage,False
30001801,10000021,F-WCLC,Outer Passage,False
30001802,10000021,G-HE0N,Outer Passage,False
30001803,10000021,YC-ANK,Outer Passage,False
30001804,10000021,LTT-AP,Outer Passage,False
30001805,10000021,8RL-OG,Outer Passage,False
30001806,10000021,R3P0-Z,Outer Passage,False
30001807,10000021,ZZK-VF,Outer Passage,False
30001808,10000021,SN-Q1T,Outer Passage,False
30001809,10000021,L1YK-V,Outer Passage,False
30001810,10000021,ZJ-5IS,Outer Passage,False
30001811,10000021,GA58-7,Outer Passage,False
30001812,10000021,J-0KB3,Outer Passage,False
30001813,10000021,UC-8XF,Outer Passage,False
30001814,10000021,90-A1P,Outer Passage,False
30001815,10000021,4AZV-W,Outer Passage,False
30001816,10000021,UNV-3J,Outer Passage,False
30001817,10000021,7F-2FB,Outer Passage,False
30001818,10000021,MC4C-H,Outer Passage,False
30001819,10000021,OW-QXW,Outer Passage,False
30001820,10000021,3-QNM4,Outer Passage,False
30001821,10000021,UEPO-D,Outer Passage,False
30001822,10000021,NQ-M6W,Outer Passage,False
30001823,10000021,P-8PDJ,Outer Passage,False
30001824,10000021,VE-W7O,Outer Passage,False
30001825,10000021,CNHV-M,Outer Passage,False
30001826,10000021,NEU-UD,Outer Passage,False
30001827,10000021,N-I024,Outer Passage,False
30001828,10000021,4O-ZRI,Outer Passage,False
30001829,10000021,Y-7XVJ,Outer Passage,False
30001830,10000021,RQNF-9,Outer Passage,False
30001831,10000022,DSS-EZ,Stain,False
30001832,10000022,MB4D-4,Stain,False
30001833,10000022,LGK-VP,Stain,False
30001834,10000022,E-C0SR,Stain,False
30001835,10000022,X1E-OQ,Stain,False
30001836,10000022,VTGN-U,Stain,False
30001837,10000022,0Y1-M7,Stain,False
30001838,10000022,Q-Q2S6,Stain,False
30001839,10000022,WHG2-7,Stain,False
30001840,10000022,9RQ-L8,Stain,False
30001841,10000022,32-GI9,Stain,False
30001842,10000022,TG-Z23,Stain,False
30001843,10000022,IP-MVJ,Stain,False
30001844,10000022,4J-ZC9,Stain,False
30001845,10000022,7R5-7R,Stain,False
30001846,10000022,Y1-UQ2,Stain,False
30001847,10000022,HM-UVD,Stain,False
30001848,10000022,G-ME2K,Stain,False
30001849,10000022,WNS-7J,Stain,False
30001850,10000022,57M7-W,Stain,False
30001851,10000022,JS-E8E,Stain,False
30001852,10000022,FV-SE8,Stain,False
30001853,10000022,FZSW-Y,Stain,False
30001854,10000022,UF-KKH,Stain,False
30001855,10000022,O5Y3-W,Stain,False
30001856,10000022,0GN-VO,Stain,False
30001857,10000022,9U6-SV,Stain,False
30001858,10000022,4GQ-XQ,Stain,False
30001859,10000022,R8-5XF,Stain,False
30001860,10000022,2IGP-1,Stain,False
30001861,10000022,Z2-QQP,Stain,False
30001862,10000022,GDEW-0,Stain,False
30001863,10000022,PSJ-10,Stain,False
30001864,10000022,2-V0KY,Stain,False
30001865,10000022,U-WLT9,Stain,False
30001866,10000022,ZG8Q-N,Stain,False
30001867,10000022,40GX-P,Stain,False
30001868,10000022,37S-KO,Stain,False
30001869,10000022,4J9-DK,Stain,False
30001870,10000022,A-GPTM,Stain,False
30001871,10000022,HQ-TDJ,Stain,False
30001872,10000022,WBLF-0,Stain,False
30001873,10000022,GDO-7H,Stain,False
30001874,10000022,NZG-LF,Stain,False
30001875,10000022,UJM-RD,Stain,False
30001876,10000022,L0AD-B,Stain,False
30001877,10000022,8ZO-CK,Stain,False
30001878,10000022,WEQT-K,Stain,False
30001879,10000022,8O-OSG,Stain,False
30001880,10000022,1H-I12,Stain,False
30001881,10000022,D9D-GD,Stain,False
30001882,10000022,4A-XJ6,Stain,False
30001883,10000022,GU-54G,Stain,False
30001884,10000022,7-X3RN,Stain,False
30001885,10000022,BF-FVB,Stain,False
30001886,10000022,9O-ZTS,Stain,False
30001887,10000022,8KQR-O,Stain,False
30001888,10000022,F9SX-1,Stain,False
30001889,10000022,0G-A25,Stain,False
30001890,10000022,WJO0-G,Stain,False
30001891,10000022,S91-TI,Stain,False
30001892,10000022,V1V-6F,Stain,False
30001893,10000022,S-DLKC,Stain,False
30001894,10000022,42-UOW,Stain,False
30001895,10000022,CBGG-0,Stain,False
30001896,10000022,A4UG-O,Stain,False
30001897,10000022,W-VXL9,Stain,False
30001898,10000022,U2-BJ2,Stain,False
30001899,10000022,UKYS-5,Stain,False
30001900,10000022,RV5-DW,Stain,False
30001901,10000022,KP-FQ1,Stain,False
30001902,10000022,RLDS-R,Stain,False
30001903,10000022,QM-O7J,Stain,False
30001904,10000022,0-7XA8,Stain,False
30001905,10000022,X5O1-L,Stain,False
30001906,10000022,F-TVAP,Stain,False
30001907,10000022,6Y-0TW,Stain,False
30001908,10000022,TL-T9Z,Stain,False
30001909,10000022,E7-WSY,Stain,False
30001910,10000022,B-G1LG,Stain,False
30001911,10000022,T-8UOF,Stain,False
30001912,10000022,DP-2WP,Stain,False
30001913,10000022,MMR-LZ,Stain,False
30001914,10000022,I-ME3L,Stain,False
30001915,10000022,YE17-R,Stain,False
30001916,10000022,T7-JNB,Stain,False
30001917,10000022,LB0-A1,Stain,False
30001918,10000022,S-BWWQ,Stain,False
30001919,10000022,Z-R96X,Stain,False
30001920,10000022,J-AYLV,Stain,False
30001921,10000022,DABV-N,Stain,False
30001922,10000022,ZH-KEV,Stain,False
30001923,10000022,LC-1ED,Stain,False
30001924,10000022,RPS-0K,Stain,False
30001925,10000022,VNPF-7,Stain,False
30001926,10000022,CJF-1P,Stain,False
30001927,10000022,U6-FCE,Stain,False
30001928,10000022,L6B-0N,Stain,False
30001929,10000022,Z-XMUC,Stain,False
30001930,10000022,6QBH-S,Stain,False
30001931,10000022,RRWI-5,Stain,False
30001932,10000022,Y-4U62,Stain,False
30001933,10000022,EAWE-2,Stain,False
30001934,10000022,I-3FET,Stain,False
30001935,10000022,QCKK-T,Stain,False
30001936,10000022,RP-H66,Stain,False
30001937,10000022,JU-UYK,Stain,False
30001938,10000022,O-FTHE,Stain,False
30001939,10000022,W-Q233,Stain,False
30001940,10000022,4XW2-D,Stain,False
30001941,10000022,J5NU-K,Stain,False
30001942,10000022,EOT-XL,Stain,False
30001943,10000022,RVRE-Z,Stain,False
30001944,10000022,B-2UL0,Stain,False
30001945,10000022,L-A9FS,Stain,False
30001946,10000022,OOO-FS,Stain,False
30001947,10000022,373Z-7,Stain,False
30001948,10000022,JVJ2-N,Stain,False
30001949,10000022,2B-3M4,Stain,False
30001950,10000022,A-XASO,Stain,False
30001951,10000022,5J-UEX,Stain,False
30001952,10000022,1H4V-O,Stain,False
30001953,10000022,LGL-SD,Stain,False
30001954,10000022,A-DZA8,Stain,False
30001955,10000022,O-CT8N,Stain,False
30001956,10000022,Z-6YQC,Stain,False
30001957,10000022,F7-ICZ,Stain,False
30001958,10000022,XFBE-T,Stain,False
30001959,10000022,T-NNJZ,Stain,False
30001960,10000022,DK6W-I,Stain,False
30001961,10000022,0T-LIB,Stain,False
30001962,10000022,NRT4-U,Stain,False
30001963,10000023,KQK1-2,Pure Blind,False
30001964,10000023,O-BY0Y,Pure Blind,False
30001965,10000023,2D-0SO,Pure Blind,False
30001966,10000023,UR-E6D,Pure Blind,False
30001967,10000023,X47L-Q,Pure Blind,False
30001968,10000023,D7T-C0,Pure Blind,False
30001969,10000023,KI-TL0,Pure Blind,False
30001970,10000023,EL8-4Q,Pure Blind,False
30001971,10000023,JC-YX8,Pure Blind,False
30001972,10000023,5-9WNU,Pure Blind,False
30001973,10000023,XI-VUF,Pure Blind,False
30001974,10000023,N-H32Y,Pure Blind,False
30001975,10000023,12YA-2,Pure Blind,False
30001976,10000023,BDV3-T,Pure Blind,False
30001977,10000023,J-CIJV,Pure Blind,False
30001978,10000023,X-7OMU,Pure Blind,False
30001979,10000023,CXN1-Z,Pure Blind,False
30001980,10000023,KLY-C0,Pure Blind,False
30001981,10000023,CL6-ZG,Pure Blind,False
30001982,10000023,G95-VZ,Pure Blind,False
30001983,10000023,ROIR-Y,Pure Blind,False
30001984,10000023,EC-P8R,Pure Blind,False
30001985,10000023,EWOK-K,Pure Blind,False
30001986,10000023,O-N8XZ,Pure Blind,False
30001987,10000023,G-M4I8,Pure Blind,False
30001988,10000023,MI6O-6,Pure Blind,False
30001989,10000023,L-TS8S,Pure Blind,False
30001990,10000023,93PI-4,Pure Blind,False
30001991,10000023,ION-FG,Pure Blind,False
30001992,10000023,C-H9X7,Pure Blind,False
30001993,10000023,A8I-C5,Pure Blind,False
30001994,10000023,DK-FXK,Pure Blind,False
30001995,10000023,M-76XI,Pure Blind,False
30001996,10000023,ZJET-E,Pure Blind,False
30001997,10000023,U-INPD,Pure Blind,False
30001998,10000023,WW-KGD,Pure Blind,False
30001999,10000023,XQ-PXU,Pure Blind,False
30002000,10000023,M-YCD4,Pure Blind,False
30002001,10000023,Q-5211,Pure Blind,False
30002002,10000023,R-2R0G,Pure Blind,False
30002003,10000023,CR-AQH,Pure Blind,False
30002004,10000023,8S-0E1,Pure Blind,False
30002005,10000023,5ZXX-K,Pure Blind,False
30002006,10000023,JE-D5U,Pure Blind,False
30002007,10000023,2-6TGQ,Pure Blind,False
30002008,10000023,OE-9UF,Pure Blind,False
30002009,10000023,PFU-LH,Pure Blind,False
30002010,10000023,R6XN-9,Pure Blind,False
30002011,10000023,3V8-LJ,Pure Blind,False
30002012,10000023,B8EN-S,Pure Blind,False
30002013,10000023,R-LW2I,Pure Blind,False
30002014,10000023,DP-1YE,Pure Blind,False
30002015,10000023,4-ABS8,Pure Blind,False
30002016,10000023,7RM-N0,Pure Blind,False
30002017,10000023,S-MDYI,Pure Blind,False
30002018,10000023,ZKYV-W,Pure Blind,False
30002019,10000023,F-NMX6,Pure Blind,False
30002020,10000023,GA-P6C,Pure Blind,False
30002021,10000023,FWA-4V,Pure Blind,False
30002022,10000023,RZC-16,Pure Blind,False
30002023,10000023,RD-G2R,Pure Blind,False
30002024,10000023,UC3H-Y,Pure Blind,False
30002025,10000023,6GWE-A,Pure Blind,False
30002026,10000023,J-OK0C,Pure Blind,False
30002027,10000023,KDV-DE,Pure Blind,False
30002028,10000023,MT9Q-S,Pure Blind,False
30002029,10000023,B-9C24,Pure Blind,False
30002030,10000023,P-2TTL,Pure Blind,False
30002031,10000023,7X-VKB,Pure Blind,False
30002032,10000023,E-Z2ZX,Pure Blind,False
30002033,10000023,RORZ-H,Pure Blind,False
30002034,10000023,O-A6YN,Pure Blind,False
30002035,10000023,MQ-NPY,Pure Blind,False
30002036,10000023,D2-HOS,Pure Blind,False
30002037,10000023,Y2-6EA,Pure Blind,False
30002038,10000023,TFA0-U,Pure Blind,False
30002039,10000023,RQH-MY,Pure Blind,False
30002040,10000023,HPS5-C,Pure Blind,False
30002041,10000023,DT-TCD,Pure Blind,False
30002042,10000023,KU5R-W,Pure Blind,False
30002043,10000023,H1-J33,Pure Blind,False
30002044,10000023,Y-C3EQ,Pure Blind,False
30002045,10000023,OGV-AS,Pure Blind,False
30002046,10000023,7D-0SQ,Pure Blind,False
30002047,10000023,UI-8ZE,Pure Blind,False
30002048,10000042,Bei,Metropolis,False
30002049,10000042,Uttindar,Metropolis,False
30002050,10000042,Hagilur,Metropolis,False
30002051,10000042,Anher,Metropolis,False
30002052,10000042,Ragnarg,Metropolis,False
30002053,10000042,Hek,Metropolis,False
30002054,10000042,Hror,Metropolis,False
30002055,10000042,Amo,Metropolis,False
30002056,10000042,Resbroko,Metropolis,False
30002057,10000042,Hadozeko,Metropolis,False
30002058,10000042,Ardar,Metropolis,False
30002059,10000042,Auner,Metropolis,False
30002060,10000042,Evati,Metropolis,False
30002061,10000042,Ofstold,Metropolis,False
30002062,10000042,Todifrauan,Metropolis,False
30002063,10000042,Helgatild,Metropolis,False
30002064,10000042,Arnstur,Metropolis,False
30002065,10000042,Lasleinur,Metropolis,False
30002066,10000042,Arnher,Metropolis,False
30002067,10000042,Brin,Metropolis,False
30002068,10000042,Nakugard,Metropolis,False
30002069,10000042,Traun,Metropolis,False
30002070,10000042,Uriok,Metropolis,False
30002071,10000042,Barkrik,Metropolis,False
30002072,10000042,Inder,Metropolis,False
30002073,10000042,Tvink,Metropolis,False
30002074,10000042,Lanngisi,Metropolis,False
30002075,10000042,Hjoramold,Metropolis,False
30002076,10000042,Dudreda,Metropolis,False
30002077,10000042,Hakisalki,Metropolis,False
30002078,10000042,Arwa,Metropolis,False
30002079,10000070,Krirald,Pochven,False
30002080,10000042,Arifsdald,Metropolis,False
30002081,10000042,Ansen,Metropolis,False
30002082,10000042,Floseswin,Metropolis,False
30002083,10000042,Uisper,Metropolis,False
30002084,10000042,Aset,Metropolis,False
30002085,10000042,Eytjangard,Metropolis,False
30002086,10000042,Turnur,Metropolis,False
30002087,10000042,Isbrabata,Metropolis,False
30002088,10000042,Vimeini,Metropolis,False
30002089,10000042,Avenod,Metropolis,False
30002090,10000042,Frerstorn,Metropolis,False
30002091,10000042,Ontorn,Metropolis,False
30002092,10000042,Sirekur,Metropolis,False
30002093,10000042,Gebuladi,Metropolis,False
30002094,10000042,Ebolfer,Metropolis,False
30002095,10000042,Eszur,Metropolis,False
30002096,10000042,Hofjaldgund,Metropolis,False
30002097,10000042,Klogori,Metropolis,False
30002098,10000042,Orfrold,Metropolis,False
30002099,10000042,Egmar,Metropolis,False
30002100,10000042,Taff,Metropolis,False
30002101,10000042,Ualkin,Metropolis,False
30002102,10000042,Gukarla,Metropolis,False
30002103,10000025,NS2L-4,Immensea,False
30002104,10000025,QI-S9W,Immensea,False
30002105,10000025,B-S347,Immensea,False
30002106,10000025,PPFB-U,Immensea,False
30002107,10000025,AF0-V5,Immensea,False
30002108,10000025,B-A587,Immensea,False
30002109,10000025,Y19P-1,Immensea,False
30002110,10000025,B9E-H6,Immensea,False
30002111,10000025,SPBS-6,Immensea,False
30002112,10000025,JDAS-0,Immensea,False
30002113,10000025,A4B-V5,Immensea,False
30002114,10000025,LN-56V,Immensea,False
30002115,10000025,Y2-QUV,Immensea,False
30002116,10000025,O7-7UX,Immensea,False
30002117,10000025,Z8-81T,Immensea,False
30002118,10000025,XD-JW7,Immensea,False
30002119,10000025,DY-P7Q,Immensea,False
30002120,10000025,H-RXNZ,Immensea,False
30002121,10000025,ZBP-TP,Immensea,False
30002122,10000025,XVV-21,Immensea,False
30002123,10000025,GXK-7F,Immensea,False
30002124,10000025,EA-HSA,Immensea,False
30002125,10000025,78TS-Q,Immensea,False
30002126,10000025,WYF8-8,Immensea,False
30002127,10000025,CJNF-J,Immensea,False
30002128,10000025,FYI-49,Immensea,False
30002129,10000025,RF6T-8,Immensea,False
30002130,10000025,ZJA-6U,Immensea,False
30002131,10000025,94FR-S,Immensea,False
30002132,10000025,Q-HJ97,Immensea,False
30002133,10000025,GM-0K7,Immensea,False
30002134,10000025,I-NGI8,Immensea,False
30002135,10000025,R-ZUOL,Immensea,False
30002136,10000025,E1F-LK,Immensea,False
30002137,10000025,Z4-QLD,Immensea,False
30002138,10000025,QE-E1D,Immensea,False
30002139,10000025,LK1K-5,Immensea,False
30002140,10000025,REB-KR,Immensea,False
30002141,10000025,Z-H2MA,Immensea,False
30002142,10000025,L-5JCJ,Immensea,False
30002143,10000025,B-KDOZ,Immensea,False
30002144,10000025,4-GB14,Immensea,False
30002145,10000025,PH-NFR,Immensea,False
30002146,10000025,DW-N2S,Immensea,False
30002147,10000025,W-FHWJ,Immensea,False
30002148,10000025,X-6WC7,Immensea,False
30002149,10000025,D-BAMJ,Immensea,False
30002150,10000025,JKWP-U,Immensea,False
30002151,10000025,RHE7-W,Immensea,False
30002152,10000025,F76-8Q,Immensea,False
30002153,10000025,O3Z5-G,Immensea,False
30002154,10000025,4DV-1T,Immensea,False
30002155,10000025,XS-K1O,Immensea,False
30002156,10000025,FN-DSR,Immensea,False
30002157,10000025,B-R5RB,Immensea,False
30002158,10000025,7-ZT1Y,Immensea,False
30002159,10000025,9-XN3F,Immensea,False
30002160,10000025,AC-7LZ,Immensea,False
30002161,10000025,LBA-SO,Immensea,False
30002162,10000025,Y-FZ5N,Immensea,False
30002163,10000025,E8-YS9,Immensea,False
30002164,10000025,U79-JF,Immensea,False
30002165,10000025,B2-UQW,Immensea,False
30002166,10000025,U9U-TQ,Immensea,False
30002167,10000025,6-I162,Immensea,False
30002168,10000025,08-N7Q,Immensea,False
30002169,10000025,Y-C4AL,Immensea,False
30002170,10000025,CKX-RW,Immensea,False
30002171,10000025,8X6T-8,Immensea,False
30002172,10000025,W4E-IT,Immensea,False
30002173,10000025,OP9L-F,Immensea,False
30002174,10000025,J-QA7I,Immensea,False
30002175,10000025,2O-EEW,Immensea,False
30002176,10000025,Y-N4EF,Immensea,False
30002177,10000025,7YSF-E,Immensea,False
30002178,10000025,KCDX-7,Immensea,False
30002179,10000025,O7-VJ5,Immensea,False
30002180,10000025,FRTC-5,Immensea,False
30002181,10000025,M-ZJWJ,Immensea,False
30002182,10000025,R-ORB7,Immensea,False
30002183,10000025,RU-PT9,Immensea,False
30002184,10000025,DR-427,Immensea,False
30002185,10000025,NI-J0B,Immensea,False
30002186,10000025,QN-6J2,Immensea,False
30002187,10000043,Amarr,Domain,False
30002188,10000043,Boranai,Domain,False
30002189,10000043,Hedion,Domain,False
30002190,10000043,Mabnen,Domain,False
30002191,10000043,Toshabia,Domain,False
30002192,10000043,Irnin,Domain,False
30002193,10000043,Kehour,Domain,False
30002194,10000043,Martha,Domain,False
30002195,10000043,Simbeloud,Domain,False
30002196,10000043,Ebidan,Domain,False
30002197,10000043,Akhragan,Domain,False
30002198,10000043,Mikhir,Domain,False
30002199,10000043,Bashakru,Domain,False
30002200,10000043,Sukirah,Domain,False
30002201,10000043,Shuria,Domain,False
30002202,10000043,Narai,Domain,False
30002203,10000043,Ziona,Domain,False
30002204,10000043,Gaha,Domain,False
30002205,10000043,Armala,Domain,False
30002206,10000043,Murema,Domain,False
30002207,10000043,Cailanar,Domain,False
30002208,10000043,Ilonarav,Domain,False
30002209,10000043,Uchat,Domain,False
30002210,10000043,Joppaya,Domain,False
30002211,10000043,Pelkia,Domain,False
30002212,10000043,Raren,Domain,False
30002213,10000043,Mazitah,Domain,False
30002214,10000043,Hiramu,Domain,False
30002215,10000043,Sakhti,Domain,False
30002216,10000043,Aldali,Domain,False
30002217,10000043,Hutian,Domain,False
30002218,10000043,Noli,Domain,False
30002219,10000043,Nomash,Domain,False
30002220,10000043,Aghesi,Domain,False
30002221,10000043,Fabin,Domain,False
30002222,10000043,Airshaz,Domain,False
30002223,10000043,Patzcha,Domain,False
30002224,10000043,Charra,Domain,False
30002225,10000070,Harva,Pochven,False
30002226,10000043,Thebeka,Domain,False
30002227,10000043,Rasile,Domain,False
30002228,10000043,Nererut,Domain,False
30002229,10000043,Sitanan,Domain,False
30002230,10000043,Vashkah,Domain,False
30002231,10000043,Ardishapur Prime,Domain,False
30002232,10000043,Gid,Domain,False
30002233,10000043,Dakba,Domain,False
30002234,10000043,Nifshed,Domain,False
30002235,10000043,Shumam,Domain,False
30002236,10000043,Milal,Domain,False
30002237,10000043,Sobenah,Domain,False
30002238,10000043,Bourar,Domain,False
30002239,10000043,Rammi,Domain,False
30002240,10000043,Arodan,Domain,False
30002241,10000043,Rimbah,Domain,False
30002242,10000043,Mamenkhanar,Domain,False
30002243,10000043,Seiradih,Domain,False
30002244,10000043,Arera,Domain,False
30002245,10000043,Hizhara,Domain,False
30002246,10000043,Neziel,Domain,False
30002247,10000043,Ahala,Domain,False
30002248,10000043,Knophtikoo,Domain,False
30002249,10000043,Ruchy,Domain,False
30002250,10000043,Hai,Domain,False
30002251,10000043,Sadye,Domain,False
30002252,10000043,Bika,Domain,False
30002253,10000043,Arshat,Domain,False
30002254,10000043,Jerma,Domain,False
30002255,10000043,Miyeli,Domain,False
30002256,10000043,Reyi,Domain,False
30002257,10000043,Moussou,Domain,False
30002258,10000043,Nadohman,Domain,False
30002259,10000043,Sahdil,Domain,False
30002260,10000043,Esteban,Domain,False
30002261,10000043,Luromooh,Domain,False
30002262,10000043,Nalu,Domain,False
30002263,10000043,Jarshitsan,Domain,False
30002264,10000043,Hadonoo,Domain,False
30002265,10000043,Azizora,Domain,False
30002266,10000043,Ahmak,Domain,False
30002267,10000043,Shabura,Domain,False
30002268,10000043,Adia,Domain,False
30002269,10000043,Ebo,Domain,False
30002270,10000043,Avair,Domain,False
30002271,10000043,Rayl,Domain,False
30002272,10000043,Asoutar,Domain,False
30002273,10000043,Porsharrah,Domain,False
30002274,10000043,Tastela,Domain,False
30002275,10000043,Clarelam,Domain,False
30002276,10000043,Isamm,Domain,False
30002277,10000043,Ebtesham,Domain,False
30002278,10000043,Artoun,Domain,False
30002279,10000043,Safizon,Domain,False
30002280,10000043,Zatsyaki,Domain,False
30002281,10000043,Eba,Domain,False
30002282,10000043,Bhizheba,Domain,False
30002283,10000027,2G-VDP,Etherium Reach,False
30002284,10000027,9F-3CR,Etherium Reach,False
30002285,10000027,J7M-3W,Etherium Reach,False
30002286,10000027,KRPF-A,Etherium Reach,False
30002287,10000027,9P-870,Etherium Reach,False
30002288,10000027,QNXJ-M,Etherium Reach,False
30002289,10000027,AID-9T,Etherium Reach,False
30002290,10000027,PXE-RG,Etherium Reach,False
30002291,10000027,5J-62N,Etherium Reach,False
30002292,10000027,Z-DRIY,Etherium Reach,False
30002293,10000027,8-MXHA,Etherium Reach,False
30002294,10000027,LPVL-5,Etherium Reach,False
30002295,10000027,D3S-EA,Etherium Reach,False
30002296,10000027,KGT3-6,Etherium Reach,False
30002297,10000027,4LJ6-Q,Etherium Reach,False
30002298,10000027,SAH-AD,Etherium Reach,False
30002299,10000027,MF-PGF,Etherium Reach,False
30002300,10000027,L-ZJLN,Etherium Reach,False
30002301,10000027,G-QTSD,Etherium Reach,False
30002302,10000027,3G-LFX,Etherium Reach,False
30002303,10000027,NK-VTL,Etherium Reach,False
30002304,10000027,D-CR6W,Etherium Reach,False
30002305,10000027,BY-7PY,Etherium Reach,False
30002306,10000027,GN-TNT,Etherium Reach,False
30002307,10000027,QKCU-4,Etherium Reach,False
30002308,10000027,0M-24X,Etherium Reach,False
30002309,10000027,N06Z-Q,Etherium Reach,False
30002310,10000027,YX-0KH,Etherium Reach,False
30002311,10000027,KMH-J1,Etherium Reach,False
30002312,10000027,CYB-BZ,Etherium Reach,False
30002313,10000027,5U-3PW,Etherium Reach,False
30002314,10000027,89JS-J,Etherium Reach,False
30002315,10000027,C9R-NO,Etherium Reach,False
30002316,10000027,FKR-SR,Etherium Reach,False
30002317,10000027,1ACJ-6,Etherium Reach,False
30002318,10000027,BNX-AS,Etherium Reach,False
30002319,10000027,XB-9U2,Etherium Reach,False
30002320,10000027,F9-FUV,Etherium Reach,False
30002321,10000027,FB-MPY,Etherium Reach,False
30002322,10000027,RO-0PZ,Etherium Reach,False
30002323,10000027,JTA2-2,Etherium Reach,False
30002324,10000027,R-6KYM,Etherium Reach,False
30002325,10000027,3H58-R,Etherium Reach,False
30002326,10000027,RV-GA8,Etherium Reach,False
30002327,10000027,TP-RTO,Etherium Reach,False
30002328,10000027,GTY-FW,Etherium Reach,False
30002329,10000027,1H5-3W,Etherium Reach,False
30002330,10000027,QZV-X3,Etherium Reach,False
30002331,10000027,IS-OBW,Etherium Reach,False
30002332,10000027,1GH-48,Etherium Reach,False
30002333,10000027,IRD-HU,Etherium Reach,False
30002334,10000027,B-2VXB,Etherium Reach,False
30002335,10000027,FIZU-X,Etherium Reach,False
30002336,10000027,JAWX-R,Etherium Reach,False
30002337,10000027,Z0G-XG,Etherium Reach,False
30002338,10000027,ALC-JM,Etherium Reach,False
30002339,10000027,9QS5-C,Etherium Reach,False
30002340,10000027,NWX-LI,Etherium Reach,False
30002341,10000027,N-SFZK,Etherium Reach,False
30002342,10000027,2B-UUQ,Etherium Reach,False
30002343,10000027,I64-XB,Etherium Reach,False
30002344,10000027,4-QDIX,Etherium Reach,False
30002345,10000027,FGJP-J,Etherium Reach,False
30002346,10000027,89-JPE,Etherium Reach,False
30002347,10000027,D-IZT9,Etherium Reach,False
30002348,10000027,WU9-ZR,Etherium Reach,False
30002349,10000027,E8-432,Etherium Reach,False
30002350,10000027,43-1TL,Etherium Reach,False
30002351,10000027,O-LJOO,Etherium Reach,False
30002352,10000027,ZS-PNI,Etherium Reach,False
30002353,10000027,TZ-74M,Etherium Reach,False
30002354,10000027,8KE-YS,Etherium Reach,False
30002355,10000027,LXQ2-T,Etherium Reach,False
30002356,10000027,HV-EAP,Etherium Reach,False
30002357,10000027,3IK-7O,Etherium Reach,False
30002358,10000027,O-EUHA,Etherium Reach,False
30002359,10000027,MO-I1W,Etherium Reach,False
30002360,10000027,ZZ5X-M,Etherium Reach,False
30002361,10000027,UAV-1E,Etherium Reach,False
30002362,10000027,CL-IRS,Etherium Reach,False
30002363,10000027,QBZO-R,Etherium Reach,False
30002364,10000027,QHJR-E,Etherium Reach,False
30002365,10000027,1PF-BC,Etherium Reach,False
30002366,10000027,D-OJEZ,Etherium Reach,False
30002367,10000027,C-V6DQ,Etherium Reach,False
30002368,10000027,Z-FET0,Etherium Reach,False
30002369,10000027,EX-GBT,Etherium Reach,False
30002370,10000027,PX-IHN,Etherium Reach,False
30002371,10000027,WPV-JN,Etherium Reach,False
30002372,10000027,IL-H0A,Etherium Reach,False
30002373,10000027,CT8K-0,Etherium Reach,False
30002374,10000027,M9-LAN,Etherium Reach,False
30002375,10000027,C-4D0W,Etherium Reach,False
30002376,10000027,L4X-1V,Etherium Reach,False
30002377,10000027,M-V0PQ,Etherium Reach,False
30002378,10000027,DYPL-6,Etherium Reach,False
30002379,10000027,V-OL61,Etherium Reach,False
30002380,10000027,RK-Q51,Etherium Reach,False
30002381,10000027,F69O-M,Etherium Reach,False
30002382,10000027,T-IDGH,Etherium Reach,False
30002383,10000028,Aeddin,Molden Heath,False
30002384,10000028,Gulfonodi,Molden Heath,False
30002385,10000028,Teonusude,Molden Heath,False
30002386,10000028,Gelfiven,Molden Heath,False
30002387,10000028,Bosena,Molden Heath,False
30002388,10000028,Oddelulf,Molden Heath,False
30002389,10000028,Atlar,Molden Heath,False
30002390,10000028,Heild,Molden Heath,False
30002391,10000028,Hrokkur,Molden Heath,False
30002392,10000028,Hrober,Molden Heath,False
30002393,10000028,Aedald,Molden Heath,False
30002394,10000028,Muttokon,Molden Heath,False
30002395,10000028,Audesder,Molden Heath,False
30002396,10000028,Illamur,Molden Heath,False
30002397,10000028,Horaka,Molden Heath,False
30002398,10000028,Eldulf,Molden Heath,False
30002399,10000028,Orien,Molden Heath,False
30002400,10000028,Varigne,Molden Heath,False
30002401,10000028,Meildolf,Molden Heath,False
30002402,10000028,Istodard,Molden Heath,False
30002403,10000028,Gonheim,Molden Heath,False
30002404,10000028,Half,Molden Heath,False
30002405,10000028,Sakulda,Molden Heath,False
30002406,10000028,Hedaleolfarber,Molden Heath,False
30002407,10000028,Altbrard,Molden Heath,False
30002408,10000028,Fegomenko,Molden Heath,False
30002409,10000028,Osvetur,Molden Heath,False
30002410,10000028,Mimiror,Molden Heath,False
30002411,10000070,Skarkon,Pochven,False
30002412,10000028,Ennur,Molden Heath,False
30002413,10000028,Unertek,Molden Heath,False
30002414,10000028,Klingt,Molden Heath,False
30002415,10000028,Weld,Molden Heath,False
30002416,10000028,Kattegaud,Molden Heath,False
30002417,10000028,Kadlina,Molden Heath,False
30002418,10000028,Hegfunden,Molden Heath,False
30002419,10000028,Aeditide,Molden Heath,False
30002420,10000028,Egbinger,Molden Heath,False
30002421,10000029,MR4-MY,Geminate,False
30002422,10000029,SR-KBB,Geminate,False
30002423,10000029,FDZ4-A,Geminate,False
30002424,10000029,2E-ZR5,Geminate,False
30002425,10000029,O1-FTD,Geminate,False
30002426,10000029,Roua,Geminate,False
30002427,10000029,OEY-OR,Geminate,False
30002428,10000029,M-MD31,Geminate,False
30002429,10000029,WH-2EZ,Geminate,False
30002430,10000029,D0-F4W,Geminate,False
30002431,10000029,QKTR-L,Geminate,False
30002432,10000029,YN3-E3,Geminate,False
30002433,10000029,NBPH-N,Geminate,False
30002434,10000029,L-HV5C,Geminate,False
30002435,10000029,L4X-FH,Geminate,False
30002436,10000029,B6-52M,Geminate,False
30002437,10000029,V-MZW0,Geminate,False
30002438,10000029,BND-16,Geminate,False
30002439,10000029,IOO-7O,Geminate,False
30002440,10000029,BWF-ZZ,Geminate,False
30002441,10000029,4-CUM5,Geminate,False
30002442,10000029,8MG-J6,Geminate,False
30002443,10000029,RLSI-V,Geminate,False
30002444,10000029,39-DGG,Geminate,False
30002445,10000029,SV-K8J,Geminate,False
30002446,10000029,6RQ9-A,Geminate,False
30002447,10000029,K42-IE,Geminate,False
30002448,10000029,VSJ-PP,Geminate,False
30002449,10000029,3USX-F,Geminate,False
30002450,10000029,9-KWXC,Geminate,False
30002451,10000029,NQ-9IH,Geminate,False
30002452,10000029,KR-V6G,Geminate,False
30002453,10000029,AP9-LV,Geminate,False
30002454,10000029,0-GZX9,Geminate,False
30002455,10000029,2H-TSE,Geminate,False
30002456,10000029,4NGK-F,Geminate,False
30002457,10000029,O-VWPB,Geminate,False
30002458,10000029,LX-ZOJ,Geminate,False
30002459,10000029,6L78-1,Geminate,False
30002460,10000029,04-LQM,Geminate,False
30002461,10000029,4VY-Y1,Geminate,False
30002462,10000029,LU-HQS,Geminate,False
30002463,10000029,U-L4KS,Geminate,False
30002464,10000029,K25-XD,Geminate,False
30002465,10000029,6YC-TU,Geminate,False
30002466,10000029,Y8R-XZ,Geminate,False
30002467,10000029,P-E9GN,Geminate,False
30002468,10000029,HJO-84,Geminate,False
30002469,10000029,4D9-66,Geminate,False
30002470,10000029,L-TOFR,Geminate,False
30002471,10000029,Q-TBHW,Geminate,False
30002472,10000029,9P4O-F,Geminate,False
30002473,10000029,UBX-CC,Geminate,False
30002474,10000029,TJM-JJ,Geminate,False
30002475,10000029,EOA-ZC,Geminate,False
30002476,10000029,G-73MR,Geminate,False
30002477,10000029,E-91FV,Geminate,False
30002478,10000029,AD-5B8,Geminate,False
30002479,10000029,QP0K-B,Geminate,False
30002480,10000029,54-MF6,Geminate,False
30002481,10000029,D-I9HJ,Geminate,False
30002482,10000029,P-6I0B,Geminate,False
30002483,10000029,CFYY-J,Geminate,False
30002484,10000029,8-KZXQ,Geminate,False
30002485,10000029,HKYW-T,Geminate,False
30002486,10000029,3SFU-S,Geminate,False
30002487,10000029,VJ-NQP,Geminate,False
30002488,10000029,U6D-9A,Geminate,False
30002489,10000029,Atioth,Geminate,False
30002490,10000029,PYY3-5,Geminate,False
30002491,10000029,RFGW-V,Geminate,False
30002492,10000029,N-HK93,Geminate,False
30002493,10000029,LR-2XT,Geminate,False
30002494,10000029,TZL-WT,Geminate,False
30002495,10000029,4K0N-J,Geminate,False
30002496,10000029,B-F1MI,Geminate,False
30002497,10000029,W-3BSU,Geminate,False
30002498,10000029,BE-UUN,Geminate,False
30002499,10000029,O2O-2X,Geminate,False
30002500,10000029,JE1-36,Geminate,False
30002501,10000029,5F-YRA,Geminate,False
30002502,10000029,TDE4-H,Geminate,False
30002503,10000029,UER-TH,Geminate,False
30002504,10000029,UG-UWZ,Geminate,False
30002505,10000030,Hulm,Heimatar,False
30002506,10000030,Osoggur,Heimatar,False
30002507,10000030,Abudban,Heimatar,False
30002508,10000030,Trytedald,Heimatar,False
30002509,10000030,Odatrik,Heimatar,False
30002510,10000030,Rens,Heimatar,False
30002511,10000030,Ameinaka,Heimatar,False
30002512,10000030,Alakgur,Heimatar,False
30002513,10000030,Dammalin,Heimatar,False
30002514,10000030,Bosboger,Heimatar,False
30002515,10000030,Olfeim,Heimatar,False
30002516,10000030,Lulm,Heimatar,False
30002517,10000030,Gulmorogod,Heimatar,False
30002518,10000030,Edmalbrurdus,Heimatar,False
30002519,10000030,Kronsur,Heimatar,False
30002520,10000030,Dumkirinur,Heimatar,False
30002521,10000030,Sist,Heimatar,False
30002522,10000030,Obrolber,Heimatar,False
30002523,10000030,Austraka,Heimatar,False
30002524,10000030,Ivar,Heimatar,False
30002525,10000030,Meirakulf,Heimatar,False
30002526,10000030,Frarn,Heimatar,False
30002527,10000030,Illinfrik,Heimatar,False
30002528,10000030,Balginia,Heimatar,False
30002529,10000030,Gyng,Heimatar,False
30002530,10000030,Avesber,Heimatar,False
30002531,10000030,Gerek,Heimatar,False
30002532,10000030,Tongofur,Heimatar,False
30002533,10000030,Gerbold,Heimatar,False
30002534,10000030,Rokofur,Heimatar,False
30002535,10000030,Ebasgerdur,Heimatar,False
30002536,10000030,Ebodold,Heimatar,False
30002537,10000030,Amamake,Heimatar,False
30002538,10000030,Vard,Heimatar,False
30002539,10000030,Siseide,Heimatar,False
30002540,10000030,Lantorn,Heimatar,False
30002541,10000030,Dal,Heimatar,False
30002542,10000030,Auga,Heimatar,False
30002543,10000030,Eystur,Heimatar,False
30002544,10000030,Pator,Heimatar,False
30002545,10000030,Lustrevik,Heimatar,False
30002546,10000030,Isendeldik,Heimatar,False
30002547,10000030,Ammold,Heimatar,False
30002548,10000030,Emolgranlan,Heimatar,False
30002549,10000030,Offugen,Heimatar,False
30002550,10000030,Roniko,Heimatar,False
30002551,10000030,Aralgrund,Heimatar,False
30002552,10000030,Eddar,Heimatar,False
30002553,10000030,Bogelek,Heimatar,False
30002554,10000030,Wiskeber,Heimatar,False
30002555,10000030,Eifer,Heimatar,False
30002556,10000030,Gusandall,Heimatar,False
30002557,10000030,Atgur,Heimatar,False
30002558,10000030,Endrulf,Heimatar,False
30002559,10000030,Ingunn,Heimatar,False
30002560,10000030,Gultratren,Heimatar,False
30002561,10000030,Auren,Heimatar,False
30002562,10000030,Trer,Heimatar,False
30002563,10000030,Egmur,Heimatar,False
30002564,10000030,Javrendei,Heimatar,False
30002565,10000030,Appen,Heimatar,False
30002566,10000030,Klir,Heimatar,False
30002567,10000030,Jorus,Heimatar,False
30002568,10000030,Onga,Heimatar,False
30002569,10000030,Osaumuni,Heimatar,False
30002570,10000030,Magiko,Heimatar,False
30002571,10000030,Oremmulf,Heimatar,False
30002572,10000030,Hurjafren,Heimatar,False
30002573,10000030,Vullat,Heimatar,False
30002574,10000030,Hrondedir,Heimatar,False
30002575,10000030,Sotrenzur,Heimatar,False
30002576,10000030,Hrondmund,Heimatar,False
30002577,10000030,Bundindus,Heimatar,False
30002578,10000030,Otraren,Heimatar,False
30002579,10000030,Hedgiviter,Heimatar,False
30002580,10000030,Katugumur,Heimatar,False
30002581,10000031,1-7KWU,Impass,False
30002582,10000031,3-UCBF,Impass,False
30002583,10000031,N-CREL,Impass,False
30002584,10000031,TM-0P2,Impass,False
30002585,10000031,4OIV-X,Impass,False
30002586,10000031,Y-JKJ8,Impass,False
30002587,10000031,AFJ-NB,Impass,False
30002588,10000031,H-64KI,Impass,False
30002589,10000031,9I-SRF,Impass,False
30002590,10000031,9-IIBL,Impass,False
30002591,10000031,5GQ-S9,Impass,False
30002592,10000031,YALR-F,Impass,False
30002593,10000031,68FT-6,Impass,False
30002594,10000031,IV-UNR,Impass,False
30002595,10000031,IRE-98,Impass,False
30002596,10000031,HOHF-B,Impass,False
30002597,10000031,Y-6B0E,Impass,False
30002598,10000031,F-3H2P,Impass,False
30002599,10000031,DY-40Z,Impass,False
30002600,10000031,XWY-YM,Impass,False
30002601,10000031,M-9V5D,Impass,False
30002602,10000031,O2-39S,Impass,False
30002603,10000031,M-VEJZ,Impass,False
30002604,10000031,LJK-T0,Impass,False
30002605,10000031,E7VE-V,Impass,False
30002606,10000031,NUG-OF,Impass,False
30002607,10000031,L6BY-P,Impass,False
30002608,10000031,U3SQ-X,Impass,False
30002609,10000031,01TG-J,Impass,False
30002610,10000031,UK-SHL,Impass,False
30002611,10000031,A1BK-A,Impass,False
30002612,10000031,N-7ECY,Impass,False
30002613,10000031,4-MPSJ,Impass,False
30002614,10000031,TWJ-AW,Impass,False
30002615,10000031,PZMA-E,Impass,False
30002616,10000031,442-CS,Impass,False
30002617,10000031,Z-N9IP,Impass,False
30002618,10000031,9ZFH-Z,Impass,False
30002619,10000031,6E-MOW,Impass,False
30002620,10000031,GBT4-J,Impass,False
30002621,10000031,GZ1-A1,Impass,False
30002622,10000031,X-0CKQ,Impass,False
30002623,10000031,6B-GKA,Impass,False
30002624,10000031,LHGA-W,Impass,False
30002625,10000031,4RS-L1,Impass,False
30002626,10000031,D-L4H0,Impass,False
30002627,10000031,GU-9F4,Impass,False
30002628,10000031,FG-1GH,Impass,False
30002629,10000031,WFYM-0,Impass,False
30002630,10000031,FR-B1H,Impass,False
30002631,10000031,DDI-B7,Impass,False
30002632,10000032,Pettinck,Sinq Laison,False
30002633,10000032,Du Annes,Sinq Laison,False
30002634,10000032,Balle,Sinq Laison,False
30002635,10000032,Decon,Sinq Laison,False
30002636,10000032,Grinacanne,Sinq Laison,False
30002637,10000032,Metserel,Sinq Laison,False
30002638,10000032,Sharuveil,Sinq Laison,False
30002639,10000032,Adreland,Sinq Laison,False
30002640,10000032,Erme,Sinq Laison,False
30002641,10000032,Aufay,Sinq Laison,False
30002642,10000032,Iyen-Oursta,Sinq Laison,False
30002643,10000032,Faurent,Sinq Laison,False
30002644,10000032,Ambeke,Sinq Laison,False
30002645,10000032,Carrou,Sinq Laison,False
30002646,10000032,Direrie,Sinq Laison,False
30002647,10000032,Ignoitton,Sinq Laison,False
30002648,10000032,Ardene,Sinq Laison,False
30002649,10000032,Boillair,Sinq Laison,False
30002650,10000032,Ney,Sinq Laison,False
30002651,10000032,Fasse,Sinq Laison,False
30002652,10000070,Ala,Pochven,False
30002653,10000032,Gratesier,Sinq Laison,False
30002654,10000032,Schoorasana,Sinq Laison,False
30002655,10000032,Vylade,Sinq Laison,False
30002656,10000032,Auvergne,Sinq Laison,False
30002657,10000032,Aunia,Sinq Laison,False
30002658,10000032,Agrallarier,Sinq Laison,False
30002659,10000032,Dodixie,Sinq Laison,False
30002660,10000032,Eglennaert,Sinq Laison,False
30002661,10000032,Botane,Sinq Laison,False
30002662,10000032,Pulin,Sinq Laison,False
30002663,10000032,Foves,Sinq Laison,False
30002664,10000032,Alles,Sinq Laison,False
30002665,10000032,Misneden,Sinq Laison,False
30002666,10000032,Basgerin,Sinq Laison,False
30002667,10000032,Chelien,Sinq Laison,False
30002668,10000032,Trosquesere,Sinq Laison,False
30002669,10000032,Ansone,Sinq Laison,False
30002670,10000032,Dunraelare,Sinq Laison,False
30002671,10000032,Nausschie,Sinq Laison,False
30002672,10000032,Inghenges,Sinq Laison,False
30002673,10000032,Estene,Sinq Laison,False
30002674,10000032,Gallareue,Sinq Laison,False
30002675,10000032,Stayme,Sinq Laison,False
30002676,10000032,Parchanier,Sinq Laison,False
30002677,10000032,Fluekele,Sinq Laison,False
30002678,10000032,Alsottobier,Sinq Laison,False
30002679,10000032,Jolia,Sinq Laison,False
30002680,10000032,Augnais,Sinq Laison,False
30002681,10000032,Deltole,Sinq Laison,False
30002682,10000032,Colelie,Sinq Laison,False
30002683,10000032,Barmalie,Sinq Laison,False
30002684,10000032,Audaerne,Sinq Laison,False
30002685,10000032,Dodenvale,Sinq Laison,False
30002686,10000032,Olettiers,Sinq Laison,False
30002687,10000032,Artisine,Sinq Laison,False
30002688,10000032,Chainelant,Sinq Laison,False
30002689,10000032,Sileperer,Sinq Laison,False
30002690,10000032,Bamiette,Sinq Laison,False
30002691,10000032,Crielere,Sinq Laison,False
30002692,10000032,Jel,Sinq Laison,False
30002693,10000032,Egghelende,Sinq Laison,False
30002694,10000032,Odette,Sinq Laison,False
30002695,10000032,Ation,Sinq Laison,False
30002696,10000032,Stegette,Sinq Laison,False
30002697,10000032,Ravarin,Sinq Laison,False
30002698,10000032,Aliette,Sinq Laison,False
30002699,10000032,Brapelille,Sinq Laison,False
30002700,10000032,Bawilan,Sinq Laison,False
30002701,10000032,Atier,Sinq Laison,False
30002702,10000070,Archee,Pochven,False
30002703,10000032,Brybier,Sinq Laison,False
30002704,10000032,Adrallezoen,Sinq Laison,False
30002705,10000032,Croleur,Sinq Laison,False
30002706,10000032,Doussivitte,Sinq Laison,False
30002707,10000032,Unel,Sinq Laison,False
30002708,10000032,Claysson,Sinq Laison,False
30002709,10000032,Auberulle,Sinq Laison,False
30002710,10000032,Adiere,Sinq Laison,False
30002711,10000032,Stetille,Sinq Laison,False
30002712,10000032,Alillere,Sinq Laison,False
30002713,10000032,Abenync,Sinq Laison,False
30002714,10000032,Pozirblant,Sinq Laison,False
30002715,10000032,Bourynes,Sinq Laison,False
30002716,10000032,Aurcel,Sinq Laison,False
30002717,10000032,Aymaerne,Sinq Laison,False
30002718,10000032,Rancer,Sinq Laison,False
30002719,10000032,Miroitem,Sinq Laison,False
30002720,10000032,Thelan,Sinq Laison,False
30002721,10000032,Rorsins,Sinq Laison,False
30002722,10000032,Lamadent,Sinq Laison,False
30002723,10000032,Otou,Sinq Laison,False
30002724,10000032,Assiettes,Sinq Laison,False
30002725,10000032,Goinard,Sinq Laison,False
30002726,10000032,Raeghoscon,Sinq Laison,False
30002727,10000032,Allipes,Sinq Laison,False
30002728,10000032,Lermireve,Sinq Laison,False
30002729,10000032,Aetree,Sinq Laison,False
30002730,10000032,Esmes,Sinq Laison,False
30002731,10000032,Vittenyn,Sinq Laison,False
30002732,10000032,Mirilene,Sinq Laison,False
30002733,10000032,Pucherie,Sinq Laison,False
30002734,10000032,Fricoure,Sinq Laison,False
30002735,10000032,Caretyn,Sinq Laison,False
30002736,10000032,Ainaille,Sinq Laison,False
30002737,10000070,Konola,Pochven,False
30002738,10000033,Inoue,The Citadel,False
30002739,10000033,Isaziwa,The Citadel,False
30002740,10000033,Eitu,The Citadel,False
30002741,10000033,Horkkisen,The Citadel,False
30002742,10000033,Erila,The Citadel,False
30002743,10000033,Ohvosamon,The Citadel,False
30002744,10000033,Auviken,The Citadel,False
30002745,10000033,Saikanen,The Citadel,False
30002746,10000033,Oijamon,The Citadel,False
30002747,10000033,Kakki,The Citadel,False
30002748,10000033,Jeras,The Citadel,False
30002749,10000033,Kausaaja,The Citadel,False
30002750,10000033,Oiniken,The Citadel,False
30002751,10000033,Kaimon,The Citadel,False
30002752,10000033,Ahynada,The Citadel,False
30002753,10000033,Aikoro,The Citadel,False
30002754,10000033,Alikara,The Citadel,False
30002755,10000033,Usi,The Citadel,False
30002756,10000033,Ishomilken,The Citadel,False
30002757,10000033,Nikkishina,The Citadel,False
30002758,10000033,Hasama,The Citadel,False
30002759,10000033,Uuna,The Citadel,False
30002760,10000033,Manjonakko,The Citadel,False
30002761,10000033,Kassigainen,The Citadel,False
30002762,10000033,Yashunen,The Citadel,False
30002763,10000033,Tennen,The Citadel,False
30002764,10000033,Hatakani,The Citadel,False
30002765,10000033,Sivala,The Citadel,False
30002766,10000033,Iivinen,The Citadel,False
30002767,10000033,Kubinen,The Citadel,False
30002768,10000033,Uedama,The Citadel,False
30002769,10000033,Enderailen,The Citadel,False
30002770,10000070,Tunudan,Pochven,False
30002771,10000033,Kulelen,The Citadel,False
30002772,10000033,Rairomon,The Citadel,False
30002773,10000033,Hogimo,The Citadel,False
30002774,10000033,Huttaken,The Citadel,False
30002775,10000033,Paara,The Citadel,False
30002776,10000033,Annaro,The Citadel,False
30002777,10000033,Isutaka,The Citadel,False
30002778,10000033,Tasabeshi,The Citadel,False
30002779,10000033,Ono,The Citadel,False
30002780,10000033,Muvolailen,The Citadel,False
30002781,10000033,Halaima,The Citadel,False
30002782,10000033,Kamio,The Citadel,False
30002783,10000033,Sankkasen,The Citadel,False
30002784,10000033,Tintoh,The Citadel,False
30002785,10000033,Santola,The Citadel,False
30002786,10000033,Ikao,The Citadel,False
30002787,10000033,Waira,The Citadel,False
30002788,10000033,Inaro,The Citadel,False
30002789,10000033,Kaaputenen,The Citadel,False
30002790,10000033,Waskisen,The Citadel,False
30002791,10000033,Sirppala,The Citadel,False
30002792,10000033,Irjunen,The Citadel,False
30002793,10000033,Inari,The Citadel,False
30002794,10000033,Yria,The Citadel,False
30002795,10000033,Oshaima,The Citadel,False
30002796,10000033,Hysera,The Citadel,False
30002797,10000070,Kaunokka,Pochven,False
30002798,10000033,Venilen,The Citadel,False
30002799,10000033,Oisio,The Citadel,False
30002800,10000033,Haatomo,The Citadel,False
30002801,10000033,Suroken,The Citadel,False
30002802,10000033,Kusomonmon,The Citadel,False
30002803,10000033,Juunigaishi,The Citadel,False
30002804,10000033,Isikesu,The Citadel,False
30002805,10000033,Anttiri,The Citadel,False
30002806,10000033,Hasmijaala,The Citadel,False
30002807,10000033,Nagamanen,The Citadel,False
30002808,10000033,Oto,The Citadel,False
30002809,10000033,Sujarento,The Citadel,False
30002810,10000033,Eranakko,The Citadel,False
30002811,10000033,Onatoh,The Citadel,False
30002812,10000033,Tannolen,The Citadel,False
30002813,10000033,Tama,The Citadel,False
30002814,10000033,Uotila,The Citadel,False
30002815,10000033,Isenairos,The Citadel,False
30002816,10000033,Saila,The Citadel,False
30002817,10000033,Aramachi,The Citadel,False
30002818,10000033,Oichiya,The Citadel,False
30002819,10000033,Motsu,The Citadel,False
30002820,10000034,N-JK02,The Kalevala Expanse,False
30002821,10000034,JT2I-7,The Kalevala Expanse,False
30002822,10000034,XTJ-5Q,The Kalevala Expanse,False
30002823,10000034,1-KCSA,The Kalevala Expanse,False
30002824,10000034,UJXC-B,The Kalevala Expanse,False
30002825,10000034,UDVW-O,The Kalevala Expanse,False
30002826,10000034,F48K-D,The Kalevala Expanse,False
30002827,10000034,FBH-JN,The Kalevala Expanse,False
30002828,10000034,BVRQ-O,The Kalevala Expanse,False
30002829,10000034,QX-4HO,The Kalevala Expanse,False
30002830,10000034,LS3-HP,The Kalevala Expanse,False
30002831,10000034,SH6X-F,The Kalevala Expanse,False
30002832,10000034,6V-D0E,The Kalevala Expanse,False
30002833,10000034,SG-3HY,The Kalevala Expanse,False
30002834,10000034,AU2V-J,The Kalevala Expanse,False
30002835,10000034,SY-0AM,The Kalevala Expanse,False
30002836,10000034,A-YB15,The Kalevala Expanse,False
30002837,10000034,QZX-L9,The Kalevala Expanse,False
30002838,10000034,D-6PKO,The Kalevala Expanse,False
30002839,10000034,RAI-0E,The Kalevala Expanse,False
30002840,10000034,MN9P-A,The Kalevala Expanse,False
30002841,10000034,TA9T-P,The Kalevala Expanse,False
30002842,10000034,L-TLFU,The Kalevala Expanse,False
30002843,10000034,BM-VYZ,The Kalevala Expanse,False
30002844,10000034,Q-GICU,The Kalevala Expanse,False
30002845,10000034,EPCD-D,The Kalevala Expanse,False
30002846,10000034,0S1-GI,The Kalevala Expanse,False
30002847,10000034,L-GY1B,The Kalevala Expanse,False
30002848,10000034,74-DRC,The Kalevala Expanse,False
30002849,10000034,LE-67X,The Kalevala Expanse,False
30002850,10000034,B1UE-J,The Kalevala Expanse,False
30002851,10000034,O31W-6,The Kalevala Expanse,False
30002852,10000034,M3-H2Y,The Kalevala Expanse,False
30002853,10000034,G-KCFT,The Kalevala Expanse,False
30002854,10000034,WNM-V0,The Kalevala Expanse,False
30002855,10000034,6FS-CZ,The Kalevala Expanse,False
30002856,10000034,HPV-RJ,The Kalevala Expanse,False
30002857,10000034,H7S-5I,The Kalevala Expanse,False
30002858,10000034,C3J0-O,The Kalevala Expanse,False
30002859,10000034,GSO-SR,The Kalevala Expanse,False
30002860,10000034,B3ZU-H,The Kalevala Expanse,False
30002861,10000034,G4-QU6,The Kalevala Expanse,False
30002862,10000034,V2-GZS,The Kalevala Expanse,False
30002863,10000034,HD-HOZ,The Kalevala Expanse,False
30002864,10000034,42G-OB,The Kalevala Expanse,False
30002865,10000034,LEM-I1,The Kalevala Expanse,False
30002866,10000034,1S-SU1,The Kalevala Expanse,False
30002867,10000034,ND-GL4,The Kalevala Expanse,False
30002868,10000034,9-0QB7,The Kalevala Expanse,False
30002869,10000034,M-75WN,The Kalevala Expanse,False
30002870,10000034,PNFW-O,The Kalevala Expanse,False
30002871,10000034,HVGR-R,The Kalevala Expanse,False
30002872,10000034,K76A-3,The Kalevala Expanse,False
30002873,10000034,K95-9I,The Kalevala Expanse,False
30002874,10000034,R1O-GN,The Kalevala Expanse,False
30002875,10000034,GQ-7SP,The Kalevala Expanse,False
30002876,10000034,BGMZ-0,The Kalevala Expanse,False
30002877,10000034,I2D3-5,The Kalevala Expanse,False
30002878,10000034,FZX-PU,The Kalevala Expanse,False
30002879,10000034,O9K-FT,The Kalevala Expanse,False
30002880,10000034,RQOO-U,The Kalevala Expanse,False
30002881,10000034,FB5U-I,The Kalevala Expanse,False
30002882,10000034,BZ-BCK,The Kalevala Expanse,False
30002883,10000034,5-VFC6,The Kalevala Expanse,False
30002884,10000034,O5-YNW,The Kalevala Expanse,False
30002885,10000034,86L-9F,The Kalevala Expanse,False
30002886,10000034,IUU3-L,The Kalevala Expanse,False
30002887,10000034,J-OAH2,The Kalevala Expanse,False
30002888,10000034,S-LHPJ,The Kalevala Expanse,False
30002889,10000035,4U90-Z,Deklein,False
30002890,10000035,T-945F,Deklein,False
30002891,10000035,FO8M-2,Deklein,False
30002892,10000035,AD-CBT,Deklein,False
30002893,10000035,QPO-WI,Deklein,False
30002894,10000035,R8S-1K,Deklein,False
30002895,10000035,94-H3F,Deklein,False
30002896,10000035,CU9-T0,Deklein,False
30002897,10000035,XCF-8N,Deklein,False
30002898,10000035,FMB-JP,Deklein,False
30002899,10000035,0P-F3K,Deklein,False
30002900,10000035,K5F-Z2,Deklein,False
30002901,10000035,TXME-A,Deklein,False
30002902,10000035,YA0-XJ,Deklein,False
30002903,10000035,2-KF56,Deklein,False
30002904,10000035,VFK-IV,Deklein,False
30002905,10000035,2R-CRW,Deklein,False
30002906,10000035,CCP-US,Deklein,False
30002907,10000035,II-5O9,Deklein,False
30002908,10000035,I30-3A,Deklein,False
30002909,10000035,2O9G-D,Deklein,False
30002910,10000035,NC-N3F,Deklein,False
30002911,10000035,JU-OWQ,Deklein,False
30002912,10000035,S-DN5M,Deklein,False
30002913,10000035,MXX5-9,Deklein,False
30002914,10000035,ZZZR-5,Deklein,False
30002915,10000035,C7Y-7Z,Deklein,False
30002916,10000035,X-Z4DA,Deklein,False
30002917,10000035,3OAT-Q,Deklein,False
30002918,10000035,N-TFXK,Deklein,False
30002919,10000035,33RB-O,Deklein,False
30002920,10000035,DKUK-G,Deklein,False
30002921,10000035,3QE-9Q,Deklein,False
30002922,10000035,E-FIC0,Deklein,False
30002923,10000035,ZOYW-O,Deklein,False
30002924,10000035,85-B52,Deklein,False
30002925,10000035,YZ-UKA,Deklein,False
30002926,10000035,RO0-AF,Deklein,False
30002927,10000035,5W3-DG,Deklein,False
30002928,10000035,LT-DRO,Deklein,False
30002929,10000035,7T6P-C,Deklein,False
30002930,10000035,8S28-3,Deklein,False
30002931,10000035,E3UY-6,Deklein,False
30002932,10000035,LEK-N5,Deklein,False
30002933,10000035,AGG-NR,Deklein,False
30002934,10000035,0V0R-R,Deklein,False
30002935,10000035,O-2RNZ,Deklein,False
30002936,10000035,OWXT-5,Deklein,False
30002937,10000035,3JN9-Q,Deklein,False
30002938,10000035,3T7-M8,Deklein,False
30002939,10000035,WUZ-WM,Deklein,False
30002940,10000035,MZ1E-P,Deklein,False
30002941,10000035,43B-O1,Deklein,False
30002942,10000035,J1AU-9,Deklein,False
30002943,10000035,X3-PBC,Deklein,False
30002944,10000035,4N-BUI,Deklein,False
30002945,10000035,N2IS-B,Deklein,False
30002946,10000035,XCBK-X,Deklein,False
30002947,10000035,GY5-26,Deklein,False
30002948,10000035,VPLL-N,Deklein,False
30002949,10000035,9CK-KZ,Deklein,False
30002950,10000035,5S-KXA,Deklein,False
30002951,10000035,U-TJ7Y,Deklein,False
30002952,10000035,A4L-A2,Deklein,False
30002953,10000035,CZDJ-1,Deklein,False
30002954,10000035,RG9-7U,Deklein,False
30002955,10000035,UJY-HE,Deklein,False
30002956,10000035,UEJX-G,Deklein,False
30002957,10000036,Tzvi,Devoid,False
30002958,10000036,Raa,Devoid,False
30002959,10000036,Sifilar,Devoid,False
30002960,10000036,Arzad,Devoid,False
30002961,10000036,Oyeman,Devoid,False
30002962,10000036,Ezzara,Devoid,False
30002963,10000036,Odin,Devoid,False
30002964,10000036,Esescama,Devoid,False
30002965,10000036,Choonka,Devoid,False
30002966,10000036,Thasinaz,Devoid,False
30002967,10000036,Dihra,Devoid,False
30002968,10000036,Dital,Devoid,False
30002969,10000036,Eredan,Devoid,False
30002970,10000036,Ohide,Devoid,False
30002971,10000036,Sasoutikh,Devoid,False
30002972,10000036,Gheth,Devoid,False
30002973,10000036,Lisudeh,Devoid,False
30002974,10000036,Mehatoor,Devoid,False
30002975,10000036,Roushzar,Devoid,False
30002976,10000036,Labapi,Devoid,False
30002977,10000036,Arayar,Devoid,False
30002978,10000036,Asghed,Devoid,False
30002979,10000036,Tararan,Devoid,False
30002980,10000036,Sosan,Devoid,False
30002981,10000036,Halmah,Devoid,False
30002982,10000036,Rahadalon,Devoid,False
30002983,10000036,Soosat,Devoid,False
30002984,10000036,Ibash,Devoid,False
30002985,10000036,Itsyamil,Devoid,False
30002986,10000036,Mendori,Devoid,False
30002987,10000036,Ussad,Devoid,False
30002988,10000036,Nakatre,Devoid,False
30002989,10000036,Laddiaha,Devoid,False
30002990,10000036,Hakshma,Devoid,False
30002991,10000036,Uadelah,Devoid,False
30002992,10000036,Akes,Devoid,False
30002993,10000036,Riavayed,Devoid,False
30002994,10000036,Hati,Devoid,False
30002995,10000036,Naeel,Devoid,False
30002996,10000036,Lower Debyl,Devoid,False
30002997,10000036,Ehnoum,Devoid,False
30002998,10000036,Upper Debyl,Devoid,False
30002999,10000036,Shastal,Devoid,False
30003000,10000036,Thakala,Devoid,False
30003001,10000036,Mili,Devoid,False
30003002,10000036,Faktun,Devoid,False
30003003,10000036,Halenan,Devoid,False
30003004,10000036,Ulerah,Devoid,False
30003005,10000036,Uktiad,Devoid,False
30003006,10000036,Nidebora,Devoid,False
30003007,10000036,Arveyil,Devoid,False
30003008,10000036,Palpis,Devoid,False
30003009,10000037,Arnatele,Everyshore,False
30003010,10000037,Halle,Everyshore,False
30003011,10000037,Mormoen,Everyshore,False
30003012,10000037,Amattens,Everyshore,False
30003013,10000037,Jurlesel,Everyshore,False
30003014,10000037,Bereye,Everyshore,False
30003015,10000037,Aice,Everyshore,False
30003016,10000037,Junsoraert,Everyshore,False
30003017,10000037,Harerget,Everyshore,False
30003018,10000037,Azer,Everyshore,False
30003019,10000037,Cherore,Everyshore,False
30003020,10000037,Torvi,Everyshore,False
30003021,10000037,Mosson,Everyshore,False
30003022,10000037,Mya,Everyshore,False
30003023,10000037,Gerper,Everyshore,False
30003024,10000037,Marosier,Everyshore,False
30003025,10000037,Lirsautton,Everyshore,False
30003026,10000037,Blameston,Everyshore,False
30003027,10000037,Vaurent,Everyshore,False
30003028,10000037,Aclan,Everyshore,False
30003029,10000037,Jaschercis,Everyshore,False
30003030,10000037,Ardallabier,Everyshore,False
30003031,10000037,Athinard,Everyshore,False
30003032,10000037,Meves,Everyshore,False
30003033,10000037,Ethernity,Everyshore,False
30003034,10000037,Mattere,Everyshore,False
30003035,10000037,Gicodel,Everyshore,False
30003036,10000037,Frarolle,Everyshore,False
30003037,10000037,Quier,Everyshore,False
30003038,10000037,Atlanins,Everyshore,False
30003039,10000037,Leremblompes,Everyshore,False
30003040,10000037,Bille,Everyshore,False
30003041,10000037,Colcer,Everyshore,False
30003042,10000037,Alachene,Everyshore,False
30003043,10000037,Uphene,Everyshore,False
30003044,10000037,Elarel,Everyshore,False
30003045,10000037,Enedore,Everyshore,False
30003046,10000070,Angymonne,Pochven,False
30003047,10000037,Averon,Everyshore,False
30003048,10000037,Carirgnottin,Everyshore,False
30003049,10000037,Laic,Everyshore,False
30003050,10000037,Odixie,Everyshore,False
30003051,10000037,Antollare,Everyshore,False
30003052,10000037,Tolle,Everyshore,False
30003053,10000037,Avele,Everyshore,False
30003054,10000037,Scuelazyns,Everyshore,False
30003055,10000037,Aydoteaux,Everyshore,False
30003056,10000037,Muer,Everyshore,False
30003057,10000037,Groothese,Everyshore,False
30003058,10000037,Olide,Everyshore,False
30003059,10000037,Adeel,Everyshore,False
30003060,10000037,Mannar,Everyshore,False
30003061,10000037,Mormelot,Everyshore,False
30003062,10000037,Angatalie,Everyshore,False
30003063,10000038,Lamaa,The Bleak Lands,False
30003064,10000038,Tuomuta,The Bleak Lands,False
30003065,10000038,Otelen,The Bleak Lands,False
30003066,10000038,Kuomi,The Bleak Lands,False
30003067,10000038,Huola,The Bleak Lands,False
30003068,10000038,Kourmonen,The Bleak Lands,False
30003069,10000038,Kamela,The Bleak Lands,False
30003070,10000038,Sosala,The Bleak Lands,False
30003071,10000038,Anka,The Bleak Lands,False
30003072,10000038,Iesa,The Bleak Lands,False
30003073,10000038,Netsalakka,The Bleak Lands,False
30003074,10000038,Sasiekko,The Bleak Lands,False
30003075,10000038,Myyhera,The Bleak Lands,False
30003076,10000038,Gammel,The Bleak Lands,False
30003077,10000038,Uusanen,The Bleak Lands,False
30003078,10000038,Erkinen,The Bleak Lands,False
30003079,10000038,Saikamon,The Bleak Lands,False
30003080,10000038,Jarkkolen,The Bleak Lands,False
30003081,10000038,Ronne,The Bleak Lands,False
30003082,10000038,Hatori,The Bleak Lands,False
30003083,10000038,Junsen,The Bleak Lands,False
30003084,10000038,Malpara,The Bleak Lands,False
30003085,10000038,Hakodan,The Bleak Lands,False
30003086,10000038,Sahtogas,The Bleak Lands,False
30003087,10000038,Haras,The Bleak Lands,False
30003088,10000038,Oyonata,The Bleak Lands,False
30003089,10000038,Kurniainen,The Bleak Lands,False
30003090,10000038,Saidusairos,The Bleak Lands,False
30003091,10000038,Tannakan,The Bleak Lands,False
30003092,10000038,Komaa,The Bleak Lands,False
30003093,10000038,Ayeroilen,The Bleak Lands,False
30003094,10000038,Imata,The Bleak Lands,False
30003095,10000038,Furskeshin,The Bleak Lands,False
30003096,10000038,Kurmaru,The Bleak Lands,False
30003097,10000038,Satalama,The Bleak Lands,False
30003098,10000039,VYJ-DA,Esoteria,False
30003099,10000039,HHQ-M1,Esoteria,False
30003100,10000039,A-CJGE,Esoteria,False
30003101,10000039,G2-INZ,Esoteria,False
30003102,10000039,WAC-HW,Esoteria,False
30003103,10000039,HT4K-M,Esoteria,False
30003104,10000039,RBW-8G,Esoteria,False
30003105,10000039,4-OUKF,Esoteria,False
30003106,10000039,HAJ-DQ,Esoteria,False
30003107,10000039,JAUD-V,Esoteria,False
30003108,10000039,DTX8-M,Esoteria,False
30003109,10000039,C9N-CC,Esoteria,False
30003110,10000039,X-7BIX,Esoteria,False
30003111,10000039,5-9UXZ,Esoteria,False
30003112,10000039,Q0OH-V,Esoteria,False
30003113,10000039,C-VZAK,Esoteria,False
30003114,10000039,0-O6XF,Esoteria,False
30003115,10000039,D-FVI7,Esoteria,False
30003116,10000039,VL7-60,Esoteria,False
30003117,10000039,NH-R5B,Esoteria,False
30003118,10000039,FN-GFQ,Esoteria,False
30003119,10000039,XKZ8-H,Esoteria,False
30003120,10000039,WX-6UX,Esoteria,False
30003121,10000039,BZ-0GW,Esoteria,False
30003122,10000039,16P-PX,Esoteria,False
30003123,10000039,CR-0E5,Esoteria,False
30003124,10000039,Z-Y9C3,Esoteria,False
30003125,10000039,A1-AUH,Esoteria,False
30003126,10000039,F-UVBV,Esoteria,False
30003127,10000039,R-FM0G,Esoteria,False
30003128,10000039,TEIZ-C,Esoteria,False
30003129,10000039,VUAC-Y,Esoteria,False
30003130,10000039,V-XANH,Esoteria,False
30003131,10000039,450I-W,Esoteria,False
30003132,10000039,OIOM-Y,Esoteria,False
30003133,10000039,G-YZUX,Esoteria,False
30003134,10000039,CZ6U-1,Esoteria,False
30003135,10000039,D-PNP9,Esoteria,False
30003136,10000039,E1UU-3,Esoteria,False
30003137,10000039,P-3XVV,Esoteria,False
30003138,10000039,BY-MSY,Esoteria,False
30003139,10000039,6EK-BV,Esoteria,False
30003140,10000039,IR-FDV,Esoteria,False
30003141,10000039,NIZJ-0,Esoteria,False
30003142,10000039,J-RVGD,Esoteria,False
30003143,10000039,V1ZC-S,Esoteria,False
30003144,10000039,H-T40Z,Esoteria,False
30003145,10000039,6-TYRX,Esoteria,False
30003146,10000039,Q1-R7K,Esoteria,False
30003147,10000039,111-F1,Esoteria,False
30003148,10000039,JD-TYH,Esoteria,False
30003149,10000039,02V-BK,Esoteria,False
30003150,10000039,A5MT-B,Esoteria,False
30003151,10000039,R-ARKN,Esoteria,False
30003152,10000039,SN9S-N,Esoteria,False
30003153,10000039,MS2-V8,Esoteria,False
30003154,10000039,Z-MO29,Esoteria,False
30003155,10000039,G-JC9R,Esoteria,False
30003156,10000039,DIBH-Q,Esoteria,False
30003157,10000039,DNEP-Y,Esoteria,False
30003158,10000039,YAP-TN,Esoteria,False
30003159,10000039,PE-H02,Esoteria,False
30003160,10000039,H-YHYM,Esoteria,False
30003161,10000039,G-4H4C,Esoteria,False
30003162,10000039,HHE5-L,Esoteria,False
30003163,10000039,P9F-ZG,Esoteria,False
30003164,10000039,QFGB-E,Esoteria,False
30003165,10000039,7P-J38,Esoteria,False
30003166,10000039,WT-2J9,Esoteria,False
30003167,10000039,PK-PHZ,Esoteria,False
30003168,10000039,L-M6JK,Esoteria,False
30003169,10000039,C-PEWN,Esoteria,False
30003170,10000039,DL-CDY,Esoteria,False
30003171,10000039,29YH-V,Esoteria,False
30003172,10000039,LG-RO2,Esoteria,False
30003173,10000039,X-HISR,Esoteria,False
30003174,10000039,QS-530,Esoteria,False
30003175,10000039,VR-YRV,Esoteria,False
30003176,10000039,IPX-H5,Esoteria,False
30003177,10000039,KSM-1T,Esoteria,False
30003178,10000039,YRV-MZ,Esoteria,False
30003179,10000039,6SB-BN,Esoteria,False
30003180,10000039,B1D-KU,Esoteria,False
30003181,10000039,QFIU-K,Esoteria,False
30003182,10000039,2R-KLH,Esoteria,False
30003183,10000040,QB-AE6,Oasa,False
30003184,10000040,G-W1ND,Oasa,False
30003185,10000040,MZLW-9,Oasa,False
30003186,10000040,ND-X7X,Oasa,False
30003187,10000040,DGDT-3,Oasa,False
30003188,10000040,2-WNTD,Oasa,False
30003189,10000040,83-YGI,Oasa,False
30003190,10000040,KH-EWC,Oasa,False
30003191,10000040,3VL6-I,Oasa,False
30003192,10000040,F-816R,Oasa,False
30003193,10000040,DS3-6A,Oasa,False
30003194,10000040,V0-H4L,Oasa,False
30003195,10000040,T-HMWP,Oasa,False
30003196,10000040,DYS-CG,Oasa,False
30003197,10000040,MTGF-2,Oasa,False
30003198,10000040,0-QP56,Oasa,False
30003199,10000040,GTQ-C9,Oasa,False
30003200,10000040,M-NWLB,Oasa,False
30003201,10000040,ORB4-J,Oasa,False
30003202,10000040,GGMF-J,Oasa,False
30003203,10000040,IG-4OF,Oasa,False
30003204,10000040,LQQH-J,Oasa,False
30003205,10000040,W5-VBR,Oasa,False
30003206,10000040,J-D5U7,Oasa,False
30003207,10000040,Y-770C,Oasa,False
30003208,10000040,X-Z4JW,Oasa,False
30003209,10000040,R8WV-7,Oasa,False
30003210,10000040,6U-MFQ,Oasa,False
30003211,10000040,1EO-OE,Oasa,False
30003212,10000040,YQTK-R,Oasa,False
30003213,10000040,FZCR-3,Oasa,False
30003214,10000040,5-9L3H,Oasa,False
30003215,10000040,1-HDQ4,Oasa,False
30003216,10000040,WVMS-X,Oasa,False
30003217,10000040,7-UVMT,Oasa,False
30003218,10000040,R-ZESX,Oasa,False
30003219,10000040,IO-R2S,Oasa,False
30003220,10000040,HF-K3O,Oasa,False
30003221,10000040,QE2-FS,Oasa,False
30003222,10000040,Q-ITV5,Oasa,False
30003223,10000040,5JEZ-I,Oasa,False
30003224,10000040,XEF6-Z,Oasa,False
30003225,10000040,SON-TW,Oasa,False
30003226,10000040,V-X0KM,Oasa,False
30003227,10000040,U9SE-N,Oasa,False
30003228,10000040,XXZ-3W,Oasa,False
30003229,10000040,RF-X7V,Oasa,False
30003230,10000040,BQ0-UU,Oasa,False
30003231,10000040,3-JG3X,Oasa,False
30003232,10000040,GK3-RX,Oasa,False
30003233,10000040,1P-QWR,Oasa,False
30003234,10000040,FJ-GUR,Oasa,False
30003235,10000040,UGR-J2,Oasa,False
30003236,10000040,QZ-DIZ,Oasa,False
30003237,10000040,Y-0HVF,Oasa,False
30003238,10000040,21M1-B,Oasa,False
30003239,10000040,KED-2O,Oasa,False
30003240,10000040,U-RELP,Oasa,False
30003241,10000040,IAMJ-Q,Oasa,False
30003242,10000040,E6Q-LE,Oasa,False
30003243,10000040,HO4E-Q,Oasa,False
30003244,10000040,QY2Y-N,Oasa,False
30003245,10000040,X-9ZZR,Oasa,False
30003246,10000040,RO-AIQ,Oasa,False
30003247,10000040,VZEG-B,Oasa,False
30003248,10000040,P-ZWKH,Oasa,False
30003249,10000040,9G5J-1,Oasa,False
30003250,10000040,B-ETDW,Oasa,False
30003251,10000040,0PU2-R,Oasa,False
30003252,10000040,XM-RMD,Oasa,False
30003253,10000040,91-KD8,Oasa,False
30003254,10000040,OZ-DS5,Oasa,False
30003255,10000040,LA2-KV,Oasa,False
30003256,10000040,WW-OVQ,Oasa,False
30003257,10000040,S7WI-F,Oasa,False
30003258,10000040,1-BK1Q,Oasa,False
30003259,10000040,X-CYNC,Oasa,False
30003260,10000040,RJBC-I,Oasa,False
30003261,10000040,H-MHWF,Oasa,False
30003262,10000040,PND-SI,Oasa,False
30003263,10000040,XKM-DE,Oasa,False
30003264,10000040,JXQJ-B,Oasa,False
30003265,10000040,Y-BIPM,Oasa,False
30003266,10000040,QYT-X8,Oasa,False
30003267,10000040,5-IH57,Oasa,False
30003268,10000041,MHC-R3,Syndicate,False
30003269,10000041,F67E-Q,Syndicate,False
30003270,10000041,6E-578,Syndicate,False
30003271,10000041,Poitot,Syndicate,False
30003272,10000041,ZVN5-H,Syndicate,False
30003273,10000041,ATY-2U,Syndicate,False
30003274,10000041,X-BV98,Syndicate,False
30003275,10000041,2X-PQG,Syndicate,False
30003276,10000041,FD-MLJ,Syndicate,False
30003277,10000041,PF-346,Syndicate,False
30003278,10000041,X-M2LR,Syndicate,False
30003279,10000041,K5-JRD,Syndicate,False
30003280,10000041,6-CZ49,Syndicate,False
30003281,10000041,EZA-FM,Syndicate,False
30003282,10000041,8-JYPM,Syndicate,False
30003283,10000041,PVH8-0,Syndicate,False
30003284,10000041,M2-CF1,Syndicate,False
30003285,10000041,JH-M2W,Syndicate,False
30003286,10000041,PC9-AY,Syndicate,False
30003287,10000041,T22-QI,Syndicate,False
30003288,10000041,X-PYH5,Syndicate,False
30003289,10000041,ZN0-SR,Syndicate,False
30003290,10000041,5-DSFH,Syndicate,False
30003291,10000041,AK-QBU,Syndicate,False
30003292,10000041,QWF-6P,Syndicate,False
30003293,10000041,AAS-8R,Syndicate,False
30003294,10000041,V4-L0X,Syndicate,False
30003295,10000041,PFP-GU,Syndicate,False
30003296,10000041,0EK-NJ,Syndicate,False
30003297,10000041,1-NKVT,Syndicate,False
30003298,10000041,UM-Q7F,Syndicate,False
30003299,10000041,T-LIWS,Syndicate,False
30003300,10000041,KTHT-O,Syndicate,False
30003301,10000041,97X-CH,Syndicate,False
30003302,10000041,5-T0PZ,Syndicate,False
30003303,10000041,6R-PWU,Syndicate,False
30003304,10000041,2Q-I6Q,Syndicate,False
30003305,10000041,A-ZLHX,Syndicate,False
30003306,10000041,UTKS-5,Syndicate,False
30003307,10000041,Y9G-KS,Syndicate,False
30003308,10000041,I-YGGI,Syndicate,False
30003309,10000041,VV-VCR,Syndicate,False
30003310,10000041,5-75MB,Syndicate,False
30003311,10000041,IIRH-G,Syndicate,False
30003312,10000041,35-RK9,Syndicate,False
30003313,10000041,XS-XAY,Syndicate,False
30003314,10000041,DP34-U,Syndicate,False
30003315,10000041,617I-I,Syndicate,False
30003316,10000041,6-U2M8,Syndicate,False
30003317,10000041,I0AB-R,Syndicate,False
30003318,10000041,MXYS-8,Syndicate,False
30003319,10000041,A-3ES3,Syndicate,False
30003320,10000041,8V-SJJ,Syndicate,False
30003321,10000041,5-FGQI,Syndicate,False
30003322,10000041,3KNK-A,Syndicate,False
30003323,10000041,TXW-EI,Syndicate,False
30003324,10000041,3MOG-V,Syndicate,False
30003325,10000041,NG-C6Y,Syndicate,False
30003326,10000041,XYY-IA,Syndicate,False
30003327,10000041,BMNV-P,Syndicate,False
30003328,10000041,BY-S36,Syndicate,False
30003329,10000041,31-MLU,Syndicate,False
30003330,10000041,0LTQ-C,Syndicate,False
30003331,10000041,A9D-R0,Syndicate,False
30003332,10000041,2P-4LS,Syndicate,False
30003333,10000041,RF-GGF,Syndicate,False
30003334,10000041,LSC4-P,Syndicate,False
30003335,10000041,A-SJ8X,Syndicate,False
30003336,10000041,10UZ-P,Syndicate,False
30003337,10000041,EN-VOD,Syndicate,False
30003338,10000041,9GYL-O,Syndicate,False
30003339,10000041,VLGD-R,Syndicate,False
30003340,10000041,S-GKKR,Syndicate,False
30003341,10000041,9U-TTJ,Syndicate,False
30003342,10000041,Y-W6GF,Syndicate,False
30003343,10000041,KFR-ZE,Syndicate,False
30003344,10000041,KLYN-8,Syndicate,False
30003345,10000041,D85-VD,Syndicate,False
30003346,10000041,5-VKCN,Syndicate,False
30003347,10000041,U0V6-T,Syndicate,False
30003348,10000041,5KS-AB,Syndicate,False
30003349,10000041,0T-AMZ,Syndicate,False
30003350,10000041,57-YRU,Syndicate,False
30003351,10000041,4L-E5P,Syndicate,False
30003352,10000041,UFXF-C,Syndicate,False
30003353,10000041,RLL-9R,Syndicate,False
30003354,10000041,51-5XG,Syndicate,False
30003355,10000041,EF-F36,Syndicate,False
30003356,10000041,3-IN0V,Syndicate,False
30003357,10000041,Z-QENW,Syndicate,False
30003358,10000041,D-B7YK,Syndicate,False
30003359,10000041,DUV-5Y,Syndicate,False
30003360,10000041,GRNJ-3,Syndicate,False
30003361,10000041,VSIG-K,Syndicate,False
30003362,10000041,RSS-KA,Syndicate,False
30003363,10000041,CIS-7X,Syndicate,False
30003364,10000041,DCHR-L,Syndicate,False
30003365,10000041,EU0I-T,Syndicate,False
30003366,10000041,4-JWWQ,Syndicate,False
30003367,10000041,G-6SXJ,Syndicate,False
30003368,10000041,S-U8A4,Syndicate,False
30003369,10000041,ZV-72W,Syndicate,False
30003370,10000041,2G38-I,Syndicate,False
30003371,10000041,CY-ZLP,Syndicate,False
30003372,10000041,U4-Q2V,Syndicate,False
30003373,10000041,98Q-8O,Syndicate,False
30003374,10000042,Arlulf,Metropolis,False
30003375,10000042,Brundakur,Metropolis,False
30003376,10000042,Stirht,Metropolis,False
30003377,10000042,Illuin,Metropolis,False
30003378,10000042,Nedegulf,Metropolis,False
30003379,10000042,Aldilur,Metropolis,False
30003380,10000042,Alf,Metropolis,False
30003381,10000042,Eust,Metropolis,False
30003382,10000042,Flost,Metropolis,False
30003383,10000042,Todrir,Metropolis,False
30003384,10000042,Asgeir,Metropolis,False
30003385,10000042,Evuldgenzo,Metropolis,False
30003386,10000042,Ongund,Metropolis,False
30003387,10000042,Jondik,Metropolis,False
30003388,10000042,Olbra,Metropolis,False
30003389,10000042,Altrinur,Metropolis,False
30003390,10000042,Vilur,Metropolis,False
30003391,10000042,Reset,Metropolis,False
30003392,10000042,Eygfe,Metropolis,False
30003393,10000042,Eiluvodi,Metropolis,False
30003394,10000042,Freatlidur,Metropolis,False
30003395,10000042,Roleinn,Metropolis,False
30003396,10000042,Maturat,Metropolis,False
30003397,10000042,Bongveber,Metropolis,False
30003398,10000042,Anbald,Metropolis,False
30003399,10000042,Vorsk,Metropolis,False
30003400,10000042,Hjortur,Metropolis,False
30003401,10000042,Egbonbet,Metropolis,False
30003402,10000042,Totkubad,Metropolis,False
30003403,10000042,Meimungen,Metropolis,False
30003404,10000042,Agtver,Metropolis,False
30003405,10000042,Datulen,Metropolis,False
30003406,10000042,Situner,Metropolis,False
30003407,10000042,Tamekamur,Metropolis,False
30003408,10000042,Evettullur,Metropolis,False
30003409,10000042,Leurtmar,Metropolis,False
30003410,10000042,Ryddinjorn,Metropolis,False
30003411,10000042,Arlek,Metropolis,False
30003412,10000042,Elgoi,Metropolis,False
30003413,10000042,Eram,Metropolis,False
30003414,10000042,Yrmori,Metropolis,False
30003415,10000042,Aldagolf,Metropolis,False
30003416,10000042,Aldrat,Metropolis,False
30003417,10000042,Urnhard,Metropolis,False
30003418,10000042,Hardbako,Metropolis,False
30003419,10000042,Erstur,Metropolis,False
30003420,10000042,Fredagod,Metropolis,False
30003421,10000042,Libold,Metropolis,False
30003422,10000042,Wirdalen,Metropolis,False
30003423,10000042,Nein,Metropolis,False
30003424,10000042,Enden,Metropolis,False
30003425,10000042,Erstet,Metropolis,False
30003426,10000042,Anstard,Metropolis,False
30003427,10000042,Osvestmunnur,Metropolis,False
30003428,10000042,Hilfhurmur,Metropolis,False
30003429,10000042,Geffur,Metropolis,False
30003430,10000042,Oppold,Metropolis,False
30003431,10000042,Tratokard,Metropolis,False
30003432,10000042,Lumegen,Metropolis,False
30003433,10000042,Gedugaud,Metropolis,False
30003434,10000042,Polstodur,Metropolis,False
30003435,10000042,Hebisa,Metropolis,False
30003436,10000042,Tollus,Metropolis,False
30003437,10000042,Ogoten,Metropolis,False
30003438,10000042,Earled,Metropolis,False
30003439,10000042,Aderkan,Metropolis,False
30003440,10000042,Ansher,Metropolis,False
30003441,10000042,Earwik,Metropolis,False
30003442,10000042,Finanar,Metropolis,False
30003443,10000042,Moselgi,Metropolis,False
30003444,10000042,Mateber,Metropolis,False
30003445,10000042,Iluin,Metropolis,False
30003446,10000042,Ofage,Metropolis,False
30003447,10000042,Josekorn,Metropolis,False
30003448,10000042,Nifflung,Metropolis,False
30003449,10000042,Hakeri,Metropolis,False
30003450,10000042,Oraekja,Metropolis,False
30003451,10000042,Dantbeinn,Metropolis,False
30003452,10000042,Irgrus,Metropolis,False
30003453,10000042,Orduin,Metropolis,False
30003454,10000042,Engosi,Metropolis,False
30003455,10000042,Atonder,Metropolis,False
30003456,10000042,Hotrardik,Metropolis,False
30003457,10000042,Ridoner,Metropolis,False
30003458,10000042,Klaevik,Metropolis,False
30003459,10000042,Lirerim,Metropolis,False
30003460,10000042,Offikatlin,Metropolis,False
30003461,10000042,Diromitur,Metropolis,False
30003462,10000042,Eldjaerin,Metropolis,False
30003463,10000042,Erlendur,Metropolis,False
30003464,10000042,Aldik,Metropolis,False
30003465,10000042,Tabbetzur,Metropolis,False
30003466,10000042,Eurgrana,Metropolis,False
30003467,10000042,Frulegur,Metropolis,False
30003468,10000042,Hroduko,Metropolis,False
30003469,10000042,Hodrold,Metropolis,False
30003470,10000042,Odebeinn,Metropolis,False
30003471,10000042,Konora,Metropolis,False
30003472,10000042,Erindur,Metropolis,False
30003473,10000043,Fahruni,Domain,False
30003474,10000043,Sahda,Domain,False
30003475,10000043,Naguton,Domain,False
30003476,10000043,Ealur,Domain,False
30003477,10000043,Shajarleg,Domain,False
30003478,10000043,Basan,Domain,False
30003479,10000043,Akila,Domain,False
30003480,10000043,Amod,Domain,False
30003481,10000043,Unefsih,Domain,False
30003482,10000043,Mista,Domain,False
30003483,10000043,Valmu,Domain,False
30003484,10000043,Sibot,Domain,False
30003485,10000043,Andabiar,Domain,False
30003486,10000043,Kheram,Domain,False
30003487,10000043,Arbaz,Domain,False
30003488,10000043,Penirgman,Domain,False
30003489,10000043,Chaven,Domain,False
30003490,10000043,Khopa,Domain,False
30003491,10000043,Ashab,Domain,False
30003492,10000043,Orkashu,Domain,False
30003493,10000043,Youl,Domain,False
30003494,10000043,Ekid,Domain,False
30003495,10000070,Raravoss,Pochven,False
30003496,10000043,Nakri,Domain,False
30003497,10000043,Zaimeth,Domain,False
30003498,10000043,Sharhelund,Domain,False
30003499,10000043,Mai,Domain,False
30003500,10000043,Sharji,Domain,False
30003501,10000043,Kudi,Domain,False
30003502,10000043,Bahromab,Domain,False
30003503,10000043,Madirmilire,Domain,False
30003504,10000070,Niarja,Pochven,False
30003505,10000043,Fabum,Domain,False
30003506,10000043,Saana,Domain,False
30003507,10000043,Teshi,Domain,False
30003508,10000043,Sayartchen,Domain,False
30003509,10000043,Gosalav,Domain,False
30003510,10000043,Sorzielang,Domain,False
30003511,10000043,Somouh,Domain,False
30003512,10000043,Abaim,Domain,False
30003513,10000043,Ides,Domain,False
30003514,10000043,Yeeramoun,Domain,False
30003515,10000043,Anila,Domain,False
30003516,10000043,Pedel,Domain,False
30003517,10000043,Etav,Domain,False
30003518,10000043,Saheri,Domain,False
30003519,10000043,Lahnina,Domain,False
30003520,10000043,Mahrokht,Domain,False
30003521,10000043,Alkabsi,Domain,False
30003522,10000043,Sarum Prime,Domain,False
30003523,10000043,Hama,Domain,False
30003524,10000043,Irnal,Domain,False
30003525,10000043,Bagodan,Domain,False
30003526,10000043,Murzi,Domain,False
30003527,10000043,Chesoh,Domain,False
30003528,10000043,Herila,Domain,False
30003529,10000043,Chemilip,Domain,False
30003530,10000043,Raravath,Domain,False
30003531,10000043,Hisoufad,Domain,False
30003532,10000043,Jesoyeh,Domain,False
30003533,10000043,Hahda,Domain,False
30003534,10000043,Namaili,Domain,False
30003535,10000043,Afivad,Domain,False
30003536,10000043,Uzigh,Domain,False
30003537,10000043,Erzoh,Domain,False
30003538,10000043,Merz,Domain,False
30003539,10000043,Miakie,Domain,False
30003540,10000043,Sirkahri,Domain,False
30003541,10000043,Faswiba,Domain,False
30003542,10000043,Hayumtom,Domain,False
30003543,10000043,Zanka,Domain,False
30003544,10000043,Galeh,Domain,False
30003545,10000043,Yuhelia,Domain,False
30003546,10000043,Maiah,Domain,False
30003547,10000043,Hamse,Domain,False
30003548,10000043,Barira,Domain,False
30003549,10000043,Lashkai,Domain,False
30003550,10000043,Zhilshinou,Domain,False
30003551,10000043,Jaswelu,Domain,False
30003552,10000043,Ana,Domain,False
30003553,10000043,Warouh,Domain,False
30003554,10000043,Jambu,Domain,False
30003555,10000043,Bittanshal,Domain,False
30003556,10000043,Arton,Domain,False
30003557,10000043,Sieh,Domain,False
30003558,10000043,Madimal,Domain,False
30003559,10000043,Mamet,Domain,False
30003560,10000043,Hoshoun,Domain,False
30003561,10000043,Biphi,Domain,False
30003562,10000043,Ziriert,Domain,False
30003563,10000043,Misaba,Domain,False
30003564,10000043,Rephirib,Domain,False
30003565,10000044,Conomette,Solitude,False
30003566,10000044,Aimoguier,Solitude,False
30003567,10000044,Yveve,Solitude,False
30003568,10000044,Meunvon,Solitude,False
30003569,10000044,Cadelanne,Solitude,False
30003570,10000044,Elore,Solitude,False
30003571,10000044,Anckee,Solitude,False
30003572,10000044,Vevelonel,Solitude,False
30003573,10000044,Pertnineere,Solitude,False
30003574,10000044,Boystin,Solitude,False
30003575,10000044,Lour,Solitude,False
30003576,10000044,Maire,Solitude,False
30003577,10000044,Oerse,Solitude,False
30003578,10000044,Octanneve,Solitude,False
30003579,10000044,Larryn,Solitude,False
30003580,10000044,Niballe,Solitude,False
30003581,10000044,Postouvin,Solitude,False
30003582,10000044,Odinesyn,Solitude,False
30003583,10000044,Weraroix,Solitude,False
30003584,10000044,Sarline,Solitude,False
30003585,10000044,Aeter,Solitude,False
30003586,10000044,Gererique,Solitude,False
30003587,10000044,Harner,Solitude,False
30003588,10000044,Yvaeroure,Solitude,False
30003589,10000044,Vecodie,Solitude,False
30003590,10000044,Arasare,Solitude,False
30003591,10000044,Yvelet,Solitude,False
30003592,10000044,Lazer,Solitude,False
30003593,10000044,Stoure,Solitude,False
30003594,10000044,Heluene,Solitude,False
30003595,10000044,Arittant,Solitude,False
30003596,10000044,Oruse,Solitude,False
30003597,10000044,Hare,Solitude,False
30003598,10000044,Ogaria,Solitude,False
30003599,10000044,Faurulle,Solitude,False
30003600,10000044,Agaullores,Solitude,False
30003601,10000044,Babirmoult,Solitude,False
30003602,10000044,Ratillose,Solitude,False
30003603,10000044,Ondree,Solitude,False
30003604,10000044,Pochelympe,Solitude,False
30003605,10000044,Eggheron,Solitude,False
30003606,10000044,Toustain,Solitude,False
30003607,10000044,Straloin,Solitude,False
30003608,10000045,H1-ESN,Tenal,False
30003609,10000045,3DR-CR,Tenal,False
30003610,10000045,RLTG-3,Tenal,False
30003611,10000045,S-EVIQ,Tenal,False
30003612,10000045,EOY-BG,Tenal,False
30003613,10000045,PNS7-J,Tenal,False
30003614,10000045,IG-ZAM,Tenal,False
30003615,10000045,0-UVHJ,Tenal,False
30003616,10000045,NCG-PW,Tenal,False
30003617,10000045,1QH-0K,Tenal,False
30003618,10000045,ZH3-BS,Tenal,False
30003619,10000045,ZJ-QOO,Tenal,False
30003620,10000045,ZXA-V6,Tenal,False
30003621,10000045,I1-BE8,Tenal,False
30003622,10000045,W8O-19,Tenal,False
30003623,10000045,U1TX-A,Tenal,False
30003624,10000045,1BWK-S,Tenal,False
30003625,10000045,KMV-CQ,Tenal,False
30003626,10000045,RKE-CP,Tenal,False
30003627,10000045,NV-3KA,Tenal,False
30003628,10000045,S-1LIO,Tenal,False
30003629,10000045,S-KSWL,Tenal,False
30003630,10000045,5-O8B1,Tenal,False
30003631,10000045,R-YWID,Tenal,False
30003632,10000045,30-D5G,Tenal,False
30003633,10000045,HB-FSO,Tenal,False
30003634,10000045,J1-KJP,Tenal,False
30003635,10000045,KW-1MV,Tenal,False
30003636,10000045,G06-8Y,Tenal,False
30003637,10000045,U-O2DA,Tenal,False
30003638,10000045,WV-0R2,Tenal,False
30003639,10000045,SZ6-TA,Tenal,False
30003640,10000045,6-AOLS,Tenal,False
30003641,10000045,IKTD-P,Tenal,False
30003642,10000045,33CE-7,Tenal,False
30003643,10000045,L-P3XM,Tenal,False
30003644,10000045,DCJ-ZT,Tenal,False
30003645,10000045,O36A-P,Tenal,False
30003646,10000045,Z-LO6I,Tenal,False
30003647,10000045,0M-103,Tenal,False
30003648,10000045,6OYQ-Z,Tenal,False
30003649,10000045,HE5T-A,Tenal,False
30003650,10000045,A-1IJ9,Tenal,False
30003651,10000045,Y-YHZQ,Tenal,False
30003652,10000045,Z-SR1I,Tenal,False
30003653,10000045,GW7P-8,Tenal,False
30003654,10000045,SF-XJS,Tenal,False
30003655,10000045,A1RR-M,Tenal,False
30003656,10000045,AR-5SY,Tenal,False
30003657,10000045,OE-4HB,Tenal,False
30003658,10000045,ZK-YQ3,Tenal,False
30003659,10000045,MZPH-W,Tenal,False
30003660,10000045,W0X-MG,Tenal,False
30003661,10000045,JI-1UQ,Tenal,False
30003662,10000045,EN-GTB,Tenal,False
30003663,10000045,U5-XW7,Tenal,False
30003664,10000045,JSI-LL,Tenal,False
30003665,10000045,M-UC0S,Tenal,False
30003666,10000045,V7-MID,Tenal,False
30003667,10000045,SY0W-2,Tenal,False
30003668,10000045,2-3Q2G,Tenal,False
30003669,10000045,Q1U-IU,Tenal,False
30003670,10000045,C-XNUA,Tenal,False
30003671,10000045,7D-PAT,Tenal,False
30003672,10000045,V-LDEJ,Tenal,False
30003673,10000045,T-K10W,Tenal,False
30003674,10000045,P-UCRP,Tenal,False
30003675,10000045,3-QYVE,Tenal,False
30003676,10000046,C8-CHY,Fade,False
30003677,10000046,E-9ORY,Fade,False
30003678,10000046,CR-IFM,Fade,False
30003679,10000046,HHK-VL,Fade,False
30003680,10000046,P-33KR,Fade,False
30003681,10000046,DO6H-Q,Fade,False
30003682,10000046,DW-T2I,Fade,False
30003683,10000046,O-CNPR,Fade,False
30003684,10000046,L-SCBU,Fade,False
30003685,10000046,VRH-H7,Fade,False
30003686,10000046,O1Y-ED,Fade,False
30003687,10000046,K4YZ-Y,Fade,False
30003688,10000046,X36Y-G,Fade,False
30003689,10000046,L-C3O7,Fade,False
30003690,10000046,YKSC-A,Fade,False
30003691,10000046,FIO1-8,Fade,False
30003692,10000046,C-OK0R,Fade,False
30003693,10000046,0-ARFO,Fade,False
30003694,10000046,E9KD-N,Fade,False
30003695,10000046,8W-OSE,Fade,False
30003696,10000046,WQY-IQ,Fade,False
30003697,10000046,C4C-Z4,Fade,False
30003698,10000046,GME-PQ,Fade,False
30003699,10000046,MPPA-A,Fade,False
30003700,10000046,X5-UME,Fade,False
30003701,10000046,I-UUI5,Fade,False
30003702,10000046,8QMO-E,Fade,False
30003703,10000047,G-5EN2,Providence,False
30003704,10000047,9-F0B2,Providence,False
30003705,10000047,YWS0-Z,Providence,False
30003706,10000047,4B-NQN,Providence,False
30003707,10000047,9UY4-H,Providence,False
30003708,10000047,49GC-R,Providence,False
30003709,10000047,D-GTMI,Providence,False
30003710,10000047,FSW-3C,Providence,False
30003711,10000047,FX-7EM,Providence,False
30003712,10000047,MH9C-S,Providence,False
30003713,10000047,G7AQ-7,Providence,False
30003714,10000047,QBL-BV,Providence,False
30003715,10000047,T-RPFU,Providence,False
30003716,10000047,I7S-1S,Providence,False
30003717,10000047,U-HYMT,Providence,False
30003718,10000047,FC-3YI,Providence,False
30003719,10000047,QR-K85,Providence,False
30003720,10000047,5IO8-U,Providence,False
30003721,10000047,DP-JD4,Providence,False
30003722,10000047,OXIY-V,Providence,False
30003723,10000047,H6-CX8,Providence,False
30003724,10000047,D61A-G,Providence,False
30003725,10000047,Shintaht,Providence,False
30003726,10000047,Y-MPWL,Providence,False
30003727,10000047,D-6WS1,Providence,False
30003728,10000047,SI-I89,Providence,False
30003729,10000047,KBP7-G,Providence,False
30003730,10000047,B-WPLZ,Providence,False
30003731,10000047,XHQ-7V,Providence,False
30003732,10000047,E-YCML,Providence,False
30003733,10000047,TU-O0T,Providence,False
30003734,10000047,Y9-MDG,Providence,False
30003735,10000047,PI5-39,Providence,False
30003736,10000047,GN7-XY,Providence,False
30003737,10000047,F-DTOO,Providence,False
30003738,10000047,5KG-PY,Providence,False
30003739,10000047,QO-SRI,Providence,False
30003740,10000047,INQ-WR,Providence,False
30003741,10000047,S9X-AX,Providence,False
30003742,10000047,TU-RI6,Providence,False
30003743,10000047,08Z-JJ,Providence,False
30003744,10000047,X-4WZD,Providence,False
30003745,10000047,6-OQJV,Providence,False
30003746,10000047,AY-YCU,Providence,False
30003747,10000047,ZT-LPU,Providence,False
30003748,10000047,3GXF-U,Providence,False
30003749,10000047,VKI-T7,Providence,False
30003750,10000047,8P9-BM,Providence,False
30003751,10000047,F-YH5B,Providence,False
30003752,10000047,H-GKI6,Providence,False
30003753,10000047,YQB-22,Providence,False
30003754,10000047,2-TEGJ,Providence,False
30003755,10000047,MVCJ-E,Providence,False
30003756,10000047,AY-24I,Providence,False
30003757,10000047,BK4-YC,Providence,False
30003758,10000047,K1I1-J,Providence,False
30003759,10000047,LF-2KP,Providence,False
30003760,10000047,JEIV-E,Providence,False
30003761,10000047,O-Y5JQ,Providence,False
30003762,10000047,DNR-7M,Providence,False
30003763,10000047,N-RMSH,Providence,False
30003764,10000047,K1Y-5H,Providence,False
30003765,10000047,IWZ3-C,Providence,False
30003766,10000047,1-1I53,Providence,False
30003767,10000047,N8XA-L,Providence,False
30003768,10000047,18-GZM,Providence,False
30003769,10000047,R3-K7K,Providence,False
30003770,10000047,X-R3NM,Providence,False
30003771,10000047,8B-VLX,Providence,False
30003772,10000047,G-B22J,Providence,False
30003773,10000047,X6AB-Y,Providence,False
30003774,10000047,2V-CS5,Providence,False
30003775,10000047,H9-J8N,Providence,False
30003776,10000047,HP-6Z6,Providence,False
30003777,10000047,GA9P-0,Providence,False
30003778,10000047,7YWV-S,Providence,False
30003779,10000047,TXJ-II,Providence,False
30003780,10000047,C1-HAB,Providence,False
30003781,10000047,3KB-J0,Providence,False
30003782,10000047,0B-HLZ,Providence,False
30003783,10000047,Z-RFE3,Providence,False
30003784,10000047,I-MGAB,Providence,False
30003785,10000047,18XA-C,Providence,False
30003786,10000047,3D-CQU,Providence,False
30003787,10000048,Agoze,Placid,False
30003788,10000048,Intaki,Placid,False
30003789,10000048,Brarel,Placid,False
30003790,10000048,Vey,Placid,False
30003791,10000048,Annancale,Placid,False
30003792,10000048,Ostingele,Placid,False
30003793,10000048,Harroule,Placid,False
30003794,10000048,Stacmon,Placid,False
30003795,10000048,Covryn,Placid,False
30003796,10000048,Iges,Placid,False
30003797,10000048,Dastryns,Placid,False
30003798,10000048,Slays,Placid,False
30003799,10000048,Uphallant,Placid,False
30003800,10000048,Alperaute,Placid,False
30003801,10000048,Aunsou,Placid,False
30003802,10000048,Cumemare,Placid,False
30003803,10000048,Reynire,Placid,False
30003804,10000048,Pain,Placid,False
30003805,10000048,Gare,Placid,False
30003806,10000048,Pelille,Placid,False
30003807,10000048,Dour,Placid,False
30003808,10000048,Grispire,Placid,False
30003809,10000048,Brellystier,Placid,False
30003810,10000048,Vivanier,Placid,False
30003811,10000048,Algasienan,Placid,False
30003812,10000048,Osmallanais,Placid,False
30003813,10000048,Ivorider,Placid,False
30003814,10000048,Mollin,Placid,False
30003815,10000048,Iffrue,Placid,False
30003816,10000048,Vilinnon,Placid,False
30003817,10000048,Ommaerrer,Placid,False
30003818,10000048,Aulbres,Placid,False
30003819,10000048,Barleguet,Placid,False
30003820,10000048,Vestouve,Placid,False
30003821,10000048,Ausmaert,Placid,False
30003822,10000048,Espigoure,Placid,False
30003823,10000048,Kenninck,Placid,False
30003824,10000048,Archavoinet,Placid,False
30003825,10000048,Eugales,Placid,False
30003826,10000048,Frarie,Placid,False
30003827,10000048,Aubenall,Placid,False
30003828,10000048,Moclinamaud,Placid,False
30003829,10000048,Renarelle,Placid,False
30003830,10000048,Orvolle,Placid,False
30003831,10000048,Osmeden,Placid,False
30003832,10000048,Adacyne,Placid,False
30003833,10000048,Oulley,Placid,False
30003834,10000048,Chardalane,Placid,False
30003835,10000048,Maut,Placid,False
30003836,10000048,Vlillirier,Placid,False
30003837,10000048,Aldranette,Placid,False
30003838,10000048,Oicx,Placid,False
30003839,10000048,Evaulon,Placid,False
30003840,10000048,Anchauttes,Placid,False
30003841,10000048,Alsavoinon,Placid,False
30003842,10000048,Esesier,Placid,False
30003843,10000048,Avaux,Placid,False
30003844,10000048,Gallusiene,Placid,False
30003845,10000048,Ruerrotta,Placid,False
30003846,10000048,Hedoubel,Placid,False
30003847,10000048,Amoen,Placid,False
30003848,10000048,Amasiree,Placid,False
30003849,10000048,Aubonnie,Placid,False
30003850,10000048,Alparena,Placid,False
30003851,10000048,Reschard,Placid,False
30003852,10000048,Arderonne,Placid,False
30003853,10000048,Mercomesier,Placid,False
30003854,10000048,Alamel,Placid,False
30003855,10000048,Mantenault,Placid,False
30003856,10000048,Athounon,Placid,False
30003857,10000048,Odamia,Placid,False
30003858,10000049,Gousoviba,Khanid,False
30003859,10000049,Neyi,Khanid,False
30003860,10000049,Kihtaled,Khanid,False
30003861,10000049,Ipref,Khanid,False
30003862,10000049,Agil,Khanid,False
30003863,10000049,Khanid Prime,Khanid,False
30003864,10000049,Jachanu,Khanid,False
30003865,10000049,Sazre,Khanid,False
30003866,10000049,Bukah,Khanid,False
30003867,10000049,Ervekam,Khanid,False
30003868,10000049,Mashtarmem,Khanid,False
30003869,10000049,Sehsasez,Khanid,False
30003870,10000049,Osis,Khanid,False
30003871,10000049,Geztic,Khanid,False
30003872,10000049,Yezara,Khanid,False
30003873,10000049,Kahah,Khanid,False
30003874,10000049,Saloti,Khanid,False
30003875,10000049,Hishai,Khanid,False
30003876,10000049,Molea,Khanid,False
30003877,10000049,Gidali,Khanid,False
30003878,10000049,Palas,Khanid,False
30003879,10000049,Safshela,Khanid,False
30003880,10000049,Reteka,Khanid,False
30003881,10000049,Moniyyuku,Khanid,False
30003882,10000049,Lansez,Khanid,False
30003883,10000049,Keberz,Khanid,False
30003884,10000049,Nourbal,Khanid,False
30003885,10000049,Arzanni,Khanid,False
30003886,10000049,Ashmarir,Khanid,False
30003887,10000049,Kaira,Khanid,False
30003888,10000049,Badivefi,Khanid,False
30003889,10000049,Talidal,Khanid,False
30003890,10000049,Ashi,Khanid,False
30003891,10000049,Tzashrah,Khanid,False
30003892,10000049,Efa,Khanid,False
30003893,10000049,Moro,Khanid,False
30003894,10000049,Sabusi,Khanid,False
30003895,10000049,Ainsan,Khanid,False
30003896,10000049,Claini,Khanid,False
30003897,10000049,Gehi,Khanid,False
30003898,10000049,Seshala,Khanid,False
30003899,10000049,Vezila,Khanid,False
30003900,10000049,Ham,Khanid,False
30003901,10000049,Upt,Khanid,False
30003902,10000049,Hemouner,Khanid,False
30003903,10000049,Afnakat,Khanid,False
30003904,10000049,Col,Khanid,False
30003905,10000049,Chamemi,Khanid,False
30003906,10000049,Firbha,Khanid,False
30003907,10000049,Tegheon,Khanid,False
30003908,10000049,Bashyam,Khanid,False
30003909,10000049,Parses,Khanid,False
30003910,10000049,Balanaz,Khanid,False
30003911,10000049,Edani,Khanid,False
30003912,10000049,Danera,Khanid,False
30003913,10000049,Bomana,Khanid,False
30003914,10000049,Rahabeda,Khanid,False
30003915,10000049,Aurejet,Khanid,False
30003916,10000049,Rilera,Khanid,False
30003917,10000049,Amafi,Khanid,False
30003918,10000049,Hakana,Khanid,False
30003919,10000049,Ashkoo,Khanid,False
30003920,10000049,Baratar,Khanid,False
30003921,10000049,Arzieh,Khanid,False
30003922,10000049,Nahrneder,Khanid,False
30003923,10000049,Nandeza,Khanid,False
30003924,10000049,Dimoohan,Khanid,False
30003925,10000049,Chitiamem,Khanid,False
30003926,10000049,Kuhri,Khanid,False
30003927,10000049,Zahefeus,Khanid,False
30003928,10000049,Zephan,Khanid,False
30003929,10000049,Neda,Khanid,False
30003930,10000049,Goudiyah,Khanid,False
30003931,10000049,Sassecho,Khanid,False
30003932,10000049,Timudan,Khanid,False
30003933,10000049,Ibani,Khanid,False
30003934,10000049,Cabeki,Khanid,False
30003935,10000049,Irmalin,Khanid,False
30003936,10000049,Nakis,Khanid,False
30003937,10000049,Hezere,Khanid,False
30003938,10000049,Fanathor,Khanid,False
30003939,10000049,Zirsem,Khanid,False
30003940,10000049,Pout,Khanid,False
30003941,10000049,Rafeme,Khanid,False
30003942,10000050,A2-V27,Querious,False
30003943,10000050,T8H-66,Querious,False
30003944,10000050,A3-LOG,Querious,False
30003945,10000050,7V-KHW,Querious,False
30003946,10000050,O3L-95,Querious,False
30003947,10000050,0-WT2D,Querious,False
30003948,10000050,7GCD-P,Querious,False
30003949,10000050,G-3BOG,Querious,False
30003950,10000050,K7D-II,Querious,False
30003951,10000050,L-6BE1,Querious,False
30003952,10000050,1M4-FK,Querious,False
30003953,10000050,V-LEKM,Querious,False
30003954,10000050,9ES-SI,Querious,False
30003955,10000050,UQY-IK,Querious,False
30003956,10000050,60M-TG,Querious,False
30003957,10000050,0TKF-6,Querious,False
30003958,10000050,TV8-HS,Querious,False
30003959,10000050,VT-G2P,Querious,False
30003960,10000050,YOP-0T,Querious,False
30003961,10000050,9-HM04,Querious,False
30003962,10000050,MKD-O8,Querious,False
30003963,10000050,GOP-GE,Querious,False
30003964,10000050,SKR-SP,Querious,False
30003965,10000050,V-3U8T,Querious,False
30003966,10000050,T8T-RA,Querious,False
30003967,10000050,A-BO4V,Querious,False
30003968,10000050,W-IX39,Querious,False
30003969,10000050,K-B8DK,Querious,False
30003970,10000050,L-6W1J,Querious,False
30003971,10000050,P4-3TJ,Querious,False
30003972,10000050,K-Z0V4,Querious,False
30003973,10000050,LNVW-K,Querious,False
30003974,10000050,8B-SAJ,Querious,False
30003975,10000050,Q2-N6W,Querious,False
30003976,10000050,C-9RRR,Querious,False
30003977,10000050,A-5F4A,Querious,False
30003978,10000050,P-ZMZV,Querious,False
30003979,10000050,9CG6-H,Querious,False
30003980,10000050,NDII-Q,Querious,False
30003981,10000050,UYU-VV,Querious,False
30003982,10000050,K-L690,Querious,False
30003983,10000050,W6V-VM,Querious,False
30003984,10000050,OGY-6D,Querious,False
30003985,10000050,8-SNUD,Querious,False
30003986,10000050,H-4R6Z,Querious,False
30003987,10000050,IGE-NE,Querious,False
30003988,10000050,UVHO-F,Querious,False
30003989,10000050,Z-XX2J,Querious,False
30003990,10000050,YW-SYT,Querious,False
30003991,10000050,Z-UZZN,Querious,False
30003992,10000050,DS-LO3,Querious,False
30003993,10000050,BX2-ZX,Querious,False
30003994,10000050,RF-CN3,Querious,False
30003995,10000050,C-7SBM,Querious,False
30003996,10000050,ZAU-JW,Querious,False
30003997,10000050,YF-6L1,Querious,False
30003998,10000050,K-YI1L,Querious,False
30003999,10000050,KEJY-U,Querious,False
30004000,10000050,3BK-O7,Querious,False
30004001,10000050,8-GE2P,Querious,False
30004002,10000050,QXQ-I6,Querious,False
30004003,10000050,L3-I3K,Querious,False
30004004,10000050,3-JCJT,Querious,False
30004005,10000050,W-IIYI,Querious,False
30004006,10000050,AO-N1P,Querious,False
30004007,10000050,4-GJT1,Querious,False
30004008,10000050,5V-BJI,Querious,False
30004009,10000050,49-U6U,Querious,False
30004010,10000050,M1BZ-2,Querious,False
30004011,10000050,N-M1A3,Querious,False
30004012,10000050,8QT-H4,Querious,False
30004013,10000050,F2OY-X,Querious,False
30004014,10000050,4-2UXV,Querious,False
30004015,10000050,RKM-GE,Querious,False
30004016,10000050,DG-L7S,Querious,False
30004017,10000050,K4-RFZ,Querious,False
30004018,10000050,L-FVHR,Querious,False
30004019,10000050,3-FKCZ,Querious,False
30004020,10000050,ED-L9T,Querious,False
30004021,10000050,LS-V29,Querious,False
30004022,10000050,9SBB-9,Querious,False
30004023,10000050,I1Y-IU,Querious,False
30004024,10000050,U-HYZN,Querious,False
30004025,10000050,8-YNBE,Querious,False
30004026,10000050,YQX-7U,Querious,False
30004027,10000050,QY1E-N,Querious,False
30004028,10000050,E-VKJV,Querious,False
30004029,10000050,BX-VEX,Querious,False
30004030,10000050,B-7DFU,Querious,False
30004031,10000050,ZXJ-71,Querious,False
30004032,10000050,F-NXLQ,Querious,False
30004033,10000050,ES-Q0W,Querious,False
30004034,10000050,H74-B0,Querious,False
30004035,10000050,NU4-2G,Querious,False
30004036,10000050,3D5K-R,Querious,False
30004037,10000051,1-3HWZ,Cloud Ring,False
30004038,10000051,XT-R36,Cloud Ring,False
30004039,10000051,5-MLDT,Cloud Ring,False
30004040,10000051,B-DBYQ,Cloud Ring,False
30004041,10000051,QXW-PV,Cloud Ring,False
30004042,10000051,DY-F70,Cloud Ring,False
30004043,10000051,FD53-H,Cloud Ring,False
30004044,10000051,O-ZXUV,Cloud Ring,False
30004045,10000051,77-KDQ,Cloud Ring,False
30004046,10000051,F7C-H0,Cloud Ring,False
30004047,10000051,TN-T7T,Cloud Ring,False
30004048,10000051,1-NW2G,Cloud Ring,False
30004049,10000051,O-IVNH,Cloud Ring,False
30004050,10000051,O-0HW8,Cloud Ring,False
30004051,10000051,YI-8ZM,Cloud Ring,False
30004052,10000051,OU-X3P,Cloud Ring,False
30004053,10000051,6-4V20,Cloud Ring,False
30004054,10000051,Q-UA3C,Cloud Ring,False
30004055,10000051,W-4NUU,Cloud Ring,False
30004056,10000051,8R-RTB,Cloud Ring,False
30004057,10000051,6Z9-0M,Cloud Ring,False
30004058,10000051,FQ9W-C,Cloud Ring,False
30004059,10000051,9-4RP2,Cloud Ring,False
30004060,10000051,O-BDXB,Cloud Ring,False
30004061,10000051,G8AD-C,Cloud Ring,False
30004062,10000051,XZH-4X,Cloud Ring,False
30004063,10000051,Z-Y7R7,Cloud Ring,False
30004064,10000051,MJYW-3,Cloud Ring,False
30004065,10000051,PPG-XC,Cloud Ring,False
30004066,10000051,QA1-BT,Cloud Ring,False
30004067,10000051,5S-KNL,Cloud Ring,False
30004068,10000051,00TY-J,Cloud Ring,False
30004069,10000051,XG-D1L,Cloud Ring,False
30004070,10000051,6RCQ-V,Cloud Ring,False
30004071,10000051,28O-JY,Cloud Ring,False
30004072,10000051,CX7-70,Cloud Ring,False
30004073,10000051,6ON-RW,Cloud Ring,False
30004074,10000051,U65-CN,Cloud Ring,False
30004075,10000051,X-M9ON,Cloud Ring,False
30004076,10000051,P5-KCC,Cloud Ring,False
30004077,10000052,Hiroudeh,Kador,False
30004078,10000052,Dresi,Kador,False
30004079,10000052,Aphend,Kador,False
30004080,10000052,Romi,Kador,False
30004081,10000052,Zororzih,Kador,False
30004082,10000052,Aharalel,Kador,False
30004083,10000052,Gensela,Kador,False
30004084,10000052,Ghesis,Kador,False
30004085,10000052,Gamdis,Kador,False
30004086,10000052,Joamma,Kador,False
30004087,10000052,Gonan,Kador,False
30004088,10000052,Joramok,Kador,False
30004089,10000052,Neburab,Kador,False
30004090,10000052,Aband,Kador,False
30004091,10000052,Uanim,Kador,False
30004092,10000052,Murini,Kador,False
30004093,10000052,Askonak,Kador,False
30004094,10000052,Nordar,Kador,False
30004095,10000052,Kador Prime,Kador,False
30004096,10000052,Khafis,Kador,False
30004097,10000052,Dantan,Kador,False
30004098,10000052,Turba,Kador,False
30004099,10000052,Sonama,Kador,False
30004100,10000052,Halibai,Kador,False
30004101,10000052,Suner,Kador,False
30004102,10000052,Inis-Ilix,Kador,False
30004103,10000052,Kothe,Kador,False
30004104,10000052,Ansasos,Kador,False
30004105,10000052,Dehrokh,Kador,False
30004106,10000052,Bordan,Kador,False
30004107,10000052,Zimmem,Kador,False
30004108,10000052,Chaneya,Kador,False
30004109,10000052,Oberen,Kador,False
30004110,10000052,Finid,Kador,False
30004111,10000052,Yarebap,Kador,False
30004112,10000052,Mandoo,Kador,False
30004113,10000052,Miah,Kador,False
30004114,10000052,Peyiri,Kador,False
30004115,10000052,Kamda,Kador,False
30004116,10000052,Rayeret,Kador,False
30004117,10000052,Bushemal,Kador,False
30004118,10000052,Ardhis,Kador,False
30004119,10000052,Gasavak,Kador,False
30004120,10000052,Iaokit,Kador,False
30004121,10000052,Menri,Kador,False
30004122,10000052,Chanoun,Kador,False
30004123,10000052,Garisas,Kador,False
30004124,10000052,Aphi,Kador,False
30004125,10000052,Jakri,Kador,False
30004126,10000052,Nidupad,Kador,False
30004127,10000052,Zimse,Kador,False
30004128,10000052,Koona,Kador,False
30004129,10000052,Munory,Kador,False
30004130,10000052,Hostakoh,Kador,False
30004131,10000052,Yooh,Kador,False
30004132,10000052,Jeshideh,Kador,False
30004133,10000052,Hilmar,Kador,False
30004134,10000052,Kasi,Kador,False
30004135,10000052,Shura,Kador,False
30004136,10000052,Mod,Kador,False
30004137,10000052,Omam,Kador,False
30004138,10000052,Bersyrim,Kador,False
30004139,10000052,Sechmaren,Kador,False
30004140,10000052,Zinoo,Kador,False
30004141,10000052,Hiremir,Kador,False
30004142,10000052,Hikansog,Kador,False
30004143,10000052,Syrikos,Kador,False
30004144,10000052,Yebouz,Kador,False
30004145,10000052,Hapala,Kador,False
30004146,10000052,Salah,Kador,False
30004147,10000052,Akhmoh,Kador,False
30004148,10000052,Jennim,Kador,False
30004149,10000052,Elmed,Kador,False
30004150,10000052,Shaggoth,Kador,False
30004151,10000052,Ustnia,Kador,False
30004152,10000052,Kooreng,Kador,False
30004153,10000052,Minin,Kador,False
30004154,10000052,Yehnifi,Kador,False
30004155,10000052,Shemah,Kador,False
30004156,10000052,Asrios,Kador,False
30004157,10000052,Ithar,Kador,False
30004158,10000052,Telang,Kador,False
30004159,10000052,Lazara,Kador,False
30004160,10000052,Zorrabed,Kador,False
30004161,10000053,FV-YEA,Cobalt Edge,False
30004162,10000053,J-A5QD,Cobalt Edge,False
30004163,10000053,BI0Y-X,Cobalt Edge,False
30004164,10000053,SK7-G6,Cobalt Edge,False
30004165,10000053,4-PCHD,Cobalt Edge,False
30004166,10000053,5-3722,Cobalt Edge,False
30004167,10000053,GQLB-V,Cobalt Edge,False
30004168,10000053,5E-EZC,Cobalt Edge,False
30004169,10000053,9KE-IT,Cobalt Edge,False
30004170,10000053,P-NRD3,Cobalt Edge,False
30004171,10000053,Y-RAW3,Cobalt Edge,False
30004172,10000053,S-W8CF,Cobalt Edge,False
30004173,10000053,X-41DA,Cobalt Edge,False
30004174,10000053,YVSL-2,Cobalt Edge,False
30004175,10000053,5E6I-W,Cobalt Edge,False
30004176,10000053,KIG9-K,Cobalt Edge,False
30004177,10000053,I-CMZA,Cobalt Edge,False
30004178,10000053,H23-B5,Cobalt Edge,False
30004179,10000053,A-0IIQ,Cobalt Edge,False
30004180,10000053,CBY8-J,Cobalt Edge,False
30004181,10000053,E-BYOS,Cobalt Edge,False
30004182,10000053,ETXT-F,Cobalt Edge,False
30004183,10000053,MK-YNM,Cobalt Edge,False
30004184,10000053,2-9Z6V,Cobalt Edge,False
30004185,10000053,5HN-D6,Cobalt Edge,False
30004186,10000053,E-B957,Cobalt Edge,False
30004187,10000053,P-H5IY,Cobalt Edge,False
30004188,10000053,4A-6NI,Cobalt Edge,False
30004189,10000053,1M7-RK,Cobalt Edge,False
30004190,10000053,87-1PM,Cobalt Edge,False
30004191,10000053,C2-1B5,Cobalt Edge,False
30004192,10000053,JE-VLG,Cobalt Edge,False
30004193,10000053,5ED-4E,Cobalt Edge,False
30004194,10000053,B-U299,Cobalt Edge,False
30004195,10000053,DN58-U,Cobalt Edge,False
30004196,10000053,VAF1-P,Cobalt Edge,False
30004197,10000053,FV1-RQ,Cobalt Edge,False
30004198,10000053,QT-EBC,Cobalt Edge,False
30004199,10000053,O-F4SN,Cobalt Edge,False
30004200,10000053,CUT-0V,Cobalt Edge,False
30004201,10000053,9-WEMC,Cobalt Edge,False
30004202,10000053,U6R-F9,Cobalt Edge,False
30004203,10000053,L-Z9NB,Cobalt Edge,False
30004204,10000053,EJ-5X2,Cobalt Edge,False
30004205,10000053,HXK-J6,Cobalt Edge,False
30004206,10000053,4LNE-M,Cobalt Edge,False
30004207,10000053,DK0-N8,Cobalt Edge,False
30004208,10000053,E0DR-G,Cobalt Edge,False
30004209,10000053,KI2-S3,Cobalt Edge,False
30004210,10000053,CHP-76,Cobalt Edge,False
30004211,10000053,T-67F8,Cobalt Edge,False
30004212,10000053,58Z-IH,Cobalt Edge,False
30004213,10000053,M-VACR,Cobalt Edge,False
30004214,10000053,0B-VOJ,Cobalt Edge,False
30004215,10000053,J-QOKQ,Cobalt Edge,False
30004216,10000053,4GSZ-1,Cobalt Edge,False
30004217,10000053,E-EFAM,Cobalt Edge,False
30004218,10000053,SBEN-Q,Cobalt Edge,False
30004219,10000053,9-7SRQ,Cobalt Edge,False
30004220,10000053,VEQ-3V,Cobalt Edge,False
30004221,10000053,4T-VDE,Cobalt Edge,False
30004222,10000053,D9Z-VY,Cobalt Edge,False
30004223,10000053,MO-YDG,Cobalt Edge,False
30004224,10000053,42SU-L,Cobalt Edge,False
30004225,10000053,RGU1-T,Cobalt Edge,False
30004226,10000053,1GT-MA,Cobalt Edge,False
30004227,10000053,VY-866,Cobalt Edge,False
30004228,10000053,HB-5L3,Cobalt Edge,False
30004229,10000053,Q-VTWJ,Cobalt Edge,False
30004230,10000054,Van,Aridia,False
30004231,10000054,Shakasi,Aridia,False
30004232,10000054,Zayi,Aridia,False
30004233,10000054,Shirshocin,Aridia,False
30004234,10000054,Maalna,Aridia,False
30004235,10000054,Maseera,Aridia,False
30004236,10000054,Yehaba,Aridia,False
30004237,10000054,Kenahehab,Aridia,False
30004238,10000054,Gens,Aridia,False
30004239,10000054,Kamih,Aridia,False
30004240,10000054,Hier,Aridia,False
30004241,10000054,Jasson,Aridia,False
30004242,10000054,Sadana,Aridia,False
30004243,10000054,Isid,Aridia,False
30004244,10000054,Onanam,Aridia,False
30004245,10000054,Udianoor,Aridia,False
30004246,10000054,Vehan,Aridia,False
30004247,10000054,Marmeha,Aridia,False
30004248,10000054,Haimeh,Aridia,False
30004249,10000054,Avada,Aridia,False
30004250,10000054,Chibi,Aridia,False
30004251,10000054,Mishi,Aridia,False
30004252,10000054,Bazadod,Aridia,False
30004253,10000054,Pahineh,Aridia,False
30004254,10000054,Fihrneh,Aridia,False
30004255,10000054,Parouz,Aridia,False
30004256,10000054,Edilkam,Aridia,False
30004257,10000054,Hakatiz,Aridia,False
30004258,10000054,Khnar,Aridia,False
30004259,10000054,Ertoo,Aridia,False
30004260,10000054,Yiratal,Aridia,False
30004261,10000054,Balas,Aridia,False
30004262,10000054,Pemsah,Aridia,False
30004263,10000054,Feshur,Aridia,False
30004264,10000054,Hoseen,Aridia,False
30004265,10000054,Yekh,Aridia,False
30004266,10000054,Gesh,Aridia,False
30004267,10000054,Nema,Aridia,False
30004268,10000054,Shenda,Aridia,False
30004269,10000054,Rashagh,Aridia,False
30004270,10000054,Sazilid,Aridia,False
30004271,10000054,Afrah,Aridia,False
30004272,10000054,Sota,Aridia,False
30004273,10000054,Soliara,Aridia,False
30004274,10000054,Nielez,Aridia,False
30004275,10000054,Tukanas,Aridia,False
30004276,10000054,Fageras,Aridia,False
30004277,10000054,Ajna,Aridia,False
30004278,10000054,Sheri,Aridia,False
30004279,10000054,Ahraghen,Aridia,False
30004280,10000054,Nalnifan,Aridia,False
30004281,10000054,Jerhesh,Aridia,False
30004282,10000054,Getrenjesa,Aridia,False
30004283,10000054,Shafrak,Aridia,False
30004284,10000054,Defsunun,Aridia,False
30004285,10000054,Zazamye,Aridia,False
30004286,10000054,Yahyerer,Aridia,False
30004287,10000054,Esubara,Aridia,False
30004288,10000054,Ghekon,Aridia,False
30004289,10000054,Vaini,Aridia,False
30004290,10000054,Zaveral,Aridia,False
30004291,10000054,Anohel,Aridia,False
30004292,10000054,Soza,Aridia,False
30004293,10000054,Pserz,Aridia,False
30004294,10000054,Illi,Aridia,False
30004295,10000054,Keba,Aridia,False
30004296,10000054,Bapraya,Aridia,False
30004297,10000054,Efu,Aridia,False
30004298,10000054,Tisot,Aridia,False
30004299,10000054,Sakht,Aridia,False
30004300,10000054,Naga,Aridia,False
30004301,10000054,Anath,Aridia,False
30004302,10000054,Omigiav,Aridia,False
30004303,10000054,Fobiner,Aridia,False
30004304,10000054,Huna,Aridia,False
30004305,10000054,Esaeel,Aridia,False
30004306,10000054,Karan,Aridia,False
30004307,10000054,Nouta,Aridia,False
30004308,10000054,Ned,Aridia,False
30004309,10000054,Hophib,Aridia,False
30004310,10000055,UQ9-3C,Branch,False
30004311,10000055,DCI7-7,Branch,False
30004312,10000055,J7YR-1,Branch,False
30004313,10000055,PKG4-7,Branch,False
30004314,10000055,EWN-2U,Branch,False
30004315,10000055,VL3I-M,Branch,False
30004316,10000055,KMC-WI,Branch,False
30004317,10000055,4-48K1,Branch,False
30004318,10000055,NTV0-1,Branch,False
30004319,10000055,C-HCGU,Branch,False
30004320,10000055,XW-2XP,Branch,False
30004321,10000055,Q-FEEJ,Branch,False
30004322,10000055,0P9Z-I,Branch,False
30004323,10000055,AH-B84,Branch,False
30004324,10000055,JTAU-5,Branch,False
30004325,10000055,HB7R-F,Branch,False
30004326,10000055,O-JPKH,Branch,False
30004327,10000055,F-9F6Q,Branch,False
30004328,10000055,B-GC1T,Branch,False
30004329,10000055,V8W-QS,Branch,False
30004330,10000055,JRZ-B9,Branch,False
30004331,10000055,X4UV-Z,Branch,False
30004332,10000055,S-B7IT,Branch,False
30004333,10000055,BKG-Q2,Branch,False
30004334,10000055,OJ-A8M,Branch,False
30004335,10000055,CX-1XF,Branch,False
30004336,10000055,3-TD6L,Branch,False
30004337,10000055,Q-NJZ4,Branch,False
30004338,10000055,NLPB-0,Branch,False
30004339,10000055,R4O-I6,Branch,False
30004340,10000055,KL3O-J,Branch,False
30004341,10000055,Z-K495,Branch,False
30004342,10000055,XM-4L0,Branch,False
30004343,10000055,QCWA-Z,Branch,False
30004344,10000055,52G-NZ,Branch,False
30004345,10000055,5LJ-MD,Branch,False
30004346,10000055,B8O-KJ,Branch,False
30004347,10000055,6-O5GY,Branch,False
30004348,10000055,KV-8SN,Branch,False
30004349,10000055,UB-UQZ,Branch,False
30004350,10000055,YG-82V,Branch,False
30004351,10000055,8-4GQM,Branch,False
30004352,10000055,T-Q2DD,Branch,False
30004353,10000055,LRWD-B,Branch,False
30004354,10000055,QXQ-BA,Branch,False
30004355,10000055,X7R-JW,Branch,False
30004356,10000055,M-HU4V,Branch,False
30004357,10000055,CS-ZGD,Branch,False
30004358,10000055,3-N3OO,Branch,False
30004359,10000055,A-G1FM,Branch,False
30004360,10000055,4-BE0M,Branch,False
30004361,10000055,I-7RIS,Branch,False
30004362,10000055,P7Z-R3,Branch,False
30004363,10000055,ZIU-EP,Branch,False
30004364,10000055,LXWN-W,Branch,False
30004365,10000055,C-LP3N,Branch,False
30004366,10000055,9F-7PZ,Branch,False
30004367,10000055,1G-MJE,Branch,False
30004368,10000055,WO-AIJ,Branch,False
30004369,10000055,MA-VDX,Branch,False
30004370,10000055,RO90-H,Branch,False
30004371,10000055,BWI1-9,Branch,False
30004372,10000055,C-LBQS,Branch,False
30004373,10000055,J52-BH,Branch,False
30004374,10000055,5-P1Y2,Branch,False
30004375,10000055,KMQ4-V,Branch,False
30004376,10000055,KJ-QWL,Branch,False
30004377,10000055,SVB-RE,Branch,False
30004378,10000055,C-4ZOS,Branch,False
30004379,10000055,K-8SQS,Branch,False
30004380,10000055,C-VGYO,Branch,False
30004381,10000055,O94U-A,Branch,False
30004382,10000055,XW-JHT,Branch,False
30004383,10000055,NEH-CS,Branch,False
30004384,10000055,4DTQ-K,Branch,False
30004385,10000055,J9-5MQ,Branch,False
30004386,10000055,D4R-H7,Branch,False
30004387,10000055,313I-B,Branch,False
30004388,10000055,EQI2-2,Branch,False
30004389,10000055,Q-4DEC,Branch,False
30004390,10000055,3F-JZF,Branch,False
30004391,10000055,5-0WB9,Branch,False
30004392,10000055,W-4FA9,Branch,False
30004393,10000055,1IX-C0,Branch,False
30004394,10000055,2B7A-3,Branch,False
30004395,10000055,PUWL-4,Branch,False
30004396,10000055,Y-1918,Branch,False
30004397,10000055,9-B1DS,Branch,False
30004398,10000055,ME-4IU,Branch,False
30004399,10000055,BU-IU4,Branch,False
30004400,10000055,I-7JR4,Branch,False
30004401,10000055,CH9L-K,Branch,False
30004402,10000055,QYZM-W,Branch,False
30004403,10000055,3KNA-N,Branch,False
30004404,10000056,UD-VZW,Feythabolis,False
30004405,10000056,3-YX2D,Feythabolis,False
30004406,10000056,V-TN6Q,Feythabolis,False
30004407,10000056,CFLF-P,Feythabolis,False
30004408,10000056,QBH5-F,Feythabolis,False
30004409,10000056,9-ZFCG,Feythabolis,False
30004410,10000056,J-TPTA,Feythabolis,False
30004411,10000056,PMV-G6,Feythabolis,False
30004412,10000056,5-IZGE,Feythabolis,False
30004413,10000056,OXC-UL,Feythabolis,False
30004414,10000056,F-8Y13,Feythabolis,False
30004415,10000056,4AZ-J8,Feythabolis,False
30004416,10000056,X6-J6R,Feythabolis,False
30004417,10000056,BGN1-O,Feythabolis,False
30004418,10000056,DUU1-K,Feythabolis,False
30004419,10000056,3L-Y9M,Feythabolis,False
30004420,10000056,BLC-X0,Feythabolis,False
30004421,10000056,K-X5AX,Feythabolis,False
30004422,10000056,BJD4-E,Feythabolis,False
30004423,10000056,TSG-NO,Feythabolis,False
30004424,10000056,O9V-R7,Feythabolis,False
30004425,10000056,Z-PNIA,Feythabolis,False
30004426,10000056,OCU4-R,Feythabolis,False
30004427,10000056,BG-W90,Feythabolis,False
30004428,10000056,Y-YGMW,Feythabolis,False
30004429,10000056,75C-WN,Feythabolis,False
30004430,10000056,I5Q2-S,Feythabolis,False
30004431,10000056,PO-3QW,Feythabolis,False
30004432,10000056,5XR-KZ,Feythabolis,False
30004433,10000056,VF-FN6,Feythabolis,False
30004434,10000056,C-0ND2,Feythabolis,False
30004435,10000056,JI-LGM,Feythabolis,False
30004436,10000056,U-BXU9,Feythabolis,False
30004437,10000056,ZXOG-O,Feythabolis,False
30004438,10000056,NW2S-A,Feythabolis,False
30004439,10000056,U-JJEW,Feythabolis,False
30004440,10000056,NX5W-U,Feythabolis,False
30004441,10000056,U1-C18,Feythabolis,False
30004442,10000056,6O-XIO,Feythabolis,False
30004443,10000056,H65-HE,Feythabolis,False
30004444,10000056,BJ-ZFD,Feythabolis,False
30004445,10000056,5ELE-A,Feythabolis,False
30004446,10000056,H-P4LB,Feythabolis,False
30004447,10000056,2UK4-N,Feythabolis,False
30004448,10000056,QK-CDG,Feythabolis,False
30004449,10000056,M-CMLV,Feythabolis,False
30004450,10000056,AZN-D2,Feythabolis,False
30004451,10000056,E-PR0S,Feythabolis,False
30004452,10000056,TR07-S,Feythabolis,False
30004453,10000056,VNGJ-U,Feythabolis,False
30004454,10000056,2-F3OE,Feythabolis,False
30004455,10000056,5-LCI7,Feythabolis,False
30004456,10000056,Y2-I3W,Feythabolis,False
30004457,10000056,VVO-R6,Feythabolis,False
30004458,10000056,CL-J9W,Feythabolis,False
30004459,10000056,YHP2-D,Feythabolis,False
30004460,10000056,J94-MU,Feythabolis,False
30004461,10000056,M2GJ-X,Feythabolis,False
30004462,10000056,JO-32L,Feythabolis,False
30004463,10000056,UB5Z-3,Feythabolis,False
30004464,10000056,MSKR-1,Feythabolis,False
30004465,10000056,GPUS-A,Feythabolis,False
30004466,10000056,3-BADZ,Feythabolis,False
30004467,10000056,23M-PX,Feythabolis,False
30004468,10000056,UTDH-N,Feythabolis,False
30004469,10000056,ZS-2LT,Feythabolis,False
30004470,10000056,DB1R-4,Feythabolis,False
30004471,10000056,P8-BKO,Feythabolis,False
30004472,10000056,RIT-A7,Feythabolis,False
30004473,10000056,R4K-8L,Feythabolis,False
30004474,10000056,GHZ-SJ,Feythabolis,False
30004475,10000056,K-J50B,Feythabolis,False
30004476,10000056,NLO-3Z,Feythabolis,False
30004477,10000056,5P-AIP,Feythabolis,False
30004478,10000056,M-PGT0,Feythabolis,False
30004479,10000056,NPD9-A,Feythabolis,False
30004480,10000056,D6SK-L,Feythabolis,False
30004481,10000056,HYPL-V,Feythabolis,False
30004482,10000056,I9-ZQZ,Feythabolis,False
30004483,10000056,0OYZ-G,Feythabolis,False
30004484,10000056,SWBV-2,Feythabolis,False
30004485,10000056,R97-CI,Feythabolis,False
30004486,10000056,6-ELQP,Feythabolis,False
30004487,10000056,OBK-K8,Feythabolis,False
30004488,10000056,KJ-V0P,Feythabolis,False
30004489,10000056,ZID-LE,Feythabolis,False
30004490,10000056,K-9UG4,Feythabolis,False
30004491,10000056,D4-2XN,Feythabolis,False
30004492,10000056,2-RSC7,Feythabolis,False
30004493,10000057,C0T-77,Outer Ring,False
30004494,10000057,RL-KT0,Outer Ring,False
30004495,10000057,UO9-YG,Outer Ring,False
30004496,10000057,ZQP-QV,Outer Ring,False
30004497,10000057,P-NUWP,Outer Ring,False
30004498,10000057,ZJQH-S,Outer Ring,False
30004499,10000057,E9G-MT,Outer Ring,False
30004500,10000057,TQ-RR8,Outer Ring,False
30004501,10000057,1L-BHT,Outer Ring,False
30004502,10000057,D5IW-F,Outer Ring,False
30004503,10000057,F-XWIN,Outer Ring,False
30004504,10000057,4C-B7X,Outer Ring,False
30004505,10000057,LGUZ-1,Outer Ring,False
30004506,10000057,BF-SDP,Outer Ring,False
30004507,10000057,F5FO-U,Outer Ring,False
30004508,10000057,5WAE-M,Outer Ring,False
30004509,10000057,0-WVQS,Outer Ring,False
30004510,10000057,0-9UHT,Outer Ring,False
30004511,10000057,M-NKZM,Outer Ring,False
30004512,10000057,H-M1BY,Outer Ring,False
30004513,10000057,J1H-R4,Outer Ring,False
30004514,10000057,J9SH-A,Outer Ring,False
30004515,10000057,JKJ-VJ,Outer Ring,False
30004516,10000057,RTX0-S,Outer Ring,False
30004517,10000057,33FN-P,Outer Ring,False
30004518,10000057,NM-OEA,Outer Ring,False
30004519,10000057,MT-2VJ,Outer Ring,False
30004520,10000057,3HQC-6,Outer Ring,False
30004521,10000057,OX-RGN,Outer Ring,False
30004522,10000057,R-OCBA,Outer Ring,False
30004523,10000057,GA-2V7,Outer Ring,False
30004524,10000057,DB-6W4,Outer Ring,False
30004525,10000057,7-692B,Outer Ring,False
30004526,10000057,L3-XYO,Outer Ring,False
30004527,10000057,AN-G54,Outer Ring,False
30004528,10000057,ZXI-K2,Outer Ring,False
30004529,10000057,T-Z6J2,Outer Ring,False
30004530,10000057,CT7-5V,Outer Ring,False
30004531,10000057,2JJ-0E,Outer Ring,False
30004532,10000057,B0C-LD,Outer Ring,False
30004533,10000057,NP6-38,Outer Ring,False
30004534,10000057,G-YT55,Outer Ring,False
30004535,10000057,IZ-AOB,Outer Ring,False
30004536,10000057,G5-EN3,Outer Ring,False
30004537,10000057,W-Z3HW,Outer Ring,False
30004538,10000057,W2F-ZH,Outer Ring,False
30004539,10000057,BMU-V1,Outer Ring,False
30004540,10000057,ZXC8-1,Outer Ring,False
30004541,10000057,LBV-Q1,Outer Ring,False
30004542,10000057,Z-40CG,Outer Ring,False
30004543,10000057,O-RIDF,Outer Ring,False
30004544,10000057,A-5M31,Outer Ring,False
30004545,10000057,BOE7-P,Outer Ring,False
30004546,10000057,E-GCX0,Outer Ring,False
30004547,10000057,VBFC-8,Outer Ring,False
30004548,10000057,YVA-F0,Outer Ring,False
30004549,10000057,0D-CHA,Outer Ring,False
30004550,10000057,A2V6-6,Outer Ring,False
30004551,10000057,VJ0-81,Outer Ring,False
30004552,10000058,XF-TQL,Fountain,False
30004553,10000058,4-EP12,Fountain,False
30004554,10000058,YZS5-4,Fountain,False
30004555,10000058,3WE-KY,Fountain,False
30004556,10000058,IR-WT1,Fountain,False
30004557,10000058,9-VO0Q,Fountain,False
30004558,10000058,A8-XBW,Fountain,False
30004559,10000058,PNQY-Y,Fountain,False
30004560,10000058,RP2-OQ,Fountain,False
30004561,10000058,YVBE-E,Fountain,False
30004562,10000058,BYXF-Q,Fountain,False
30004563,10000058,AC2E-3,Fountain,False
30004564,10000058,C-C99Z,Fountain,False
30004565,10000058,CL-BWB,Fountain,False
30004566,10000058,R3W-XU,Fountain,False
30004567,10000058,E-BWUU,Fountain,False
30004568,10000058,Y-1W01,Fountain,False
30004569,10000058,9R4-EJ,Fountain,False
30004570,10000058,SPLE-Y,Fountain,False
30004571,10000058,Q-XEB3,Fountain,False
30004572,10000058,K8L-X7,Fountain,False
30004573,10000058,5-D82P,Fountain,False
30004574,10000058,8ESL-G,Fountain,False
30004575,10000058,JGOW-Y,Fountain,False
30004576,10000058,APM-6K,Fountain,False
30004577,10000058,RE-C26,Fountain,False
30004578,10000058,AL8-V4,Fountain,False
30004579,10000058,KCT-0A,Fountain,False
30004580,10000058,N2-OQG,Fountain,False
30004581,10000058,OW-TPO,Fountain,False
30004582,10000058,9O-ORX,Fountain,False
30004583,10000058,IGE-RI,Fountain,False
30004584,10000058,Z9PP-H,Fountain,False
30004585,10000058,7-8S5X,Fountain,False
30004586,10000058,EI-O0O,Fountain,False
30004587,10000058,7X-02R,Fountain,False
30004588,10000058,D2AH-Z,Fountain,False
30004589,10000058,J5A-IX,Fountain,False
30004590,10000058,B17O-R,Fountain,False
30004591,10000058,6F-H3W,Fountain,False
30004592,10000058,H-NPXW,Fountain,False
30004593,10000058,L-1SW8,Fountain,False
30004594,10000058,U-SOH2,Fountain,False
30004595,10000058,DBRN-Z,Fountain,False
30004596,10000058,00GD-D,Fountain,False
30004597,10000058,C1XD-X,Fountain,False
30004598,10000058,G95F-H,Fountain,False
30004599,10000058,B32-14,Fountain,False
30004600,10000058,C-N4OD,Fountain,False
30004601,10000058,CHA2-Q,Fountain,False
30004602,10000058,UAYL-F,Fountain,False
30004603,10000058,ESC-RI,Fountain,False
30004604,10000058,671-ST,Fountain,False
30004605,10000058,A-HZYL,Fountain,False
30004606,10000058,H-S80W,Fountain,False
30004607,10000058,Z30S-A,Fountain,False
30004608,10000058,6VDT-H,Fountain,False
30004609,10000058,NDH-NV,Fountain,False
30004610,10000058,QV28-G,Fountain,False
30004611,10000058,15U-JY,Fountain,False
30004612,10000058,NY6-FH,Fountain,False
30004613,10000058,XJP-Y7,Fountain,False
30004614,10000058,AV-VB6,Fountain,False
30004615,10000058,HMF-9D,Fountain,False
30004616,10000058,7BX-6F,Fountain,False
30004617,10000058,YZ-LQL,Fountain,False
30004618,10000058,MN5N-X,Fountain,False
30004619,10000058,A-1CON,Fountain,False
30004620,10000058,75FA-Z,Fountain,False
30004621,10000058,WY-9LL,Fountain,False
30004622,10000058,D-Q04X,Fountain,False
30004623,10000058,Serpentis Prime,Fountain,False
30004624,10000058,P5-EFH,Fountain,False
30004625,10000058,L-A5XP,Fountain,False
30004626,10000058,D4KU-5,Fountain,False
30004627,10000058,YRNJ-8,Fountain,False
30004628,10000058,3ZTV-V,Fountain,False
30004629,10000058,9D6O-M,Fountain,False
30004630,10000058,LIWW-P,Fountain,False
30004631,10000058,G-UTHL,Fountain,False
30004632,10000058,38IA-E,Fountain,False
30004633,10000058,M-KXEH,Fountain,False
30004634,10000058,TU-Y2A,Fountain,False
30004635,10000058,7BIX-A,Fountain,False
30004636,10000058,I-CUVX,Fountain,False
30004637,10000058,J-RQMF,Fountain,False
30004638,10000058,TEG-SD,Fountain,False
30004639,10000058,14YI-D,Fountain,False
30004640,10000058,87XQ-0,Fountain,False
30004641,10000058,LJ-TZW,Fountain,False
30004642,10000058,KVN-36,Fountain,False
30004643,10000058,57-KJB,Fountain,False
30004644,10000058,V6-NY1,Fountain,False
30004645,10000058,OL3-78,Fountain,False
30004646,10000058,9DQW-W,Fountain,False
30004647,10000058,PXF-RF,Fountain,False
30004648,10000058,R-BGSU,Fountain,False
30004649,10000058,O-PNSN,Fountain,False
30004650,10000058,1-5GBW,Fountain,False
30004651,10000058,C-FER9,Fountain,False
30004652,10000058,F2-2C3,Fountain,False
30004653,10000058,F-88PJ,Fountain,False
30004654,10000058,ATQ-QS,Fountain,False
30004655,10000058,XUW-3X,Fountain,False
30004656,10000058,006-L3,Fountain,False
30004657,10000058,PB-0C1,Fountain,False
30004658,10000058,ZUE-NS,Fountain,False
30004659,10000058,L7-APB,Fountain,False
30004660,10000058,ZTS-4D,Fountain,False
30004661,10000058,4HS-CR,Fountain,False
30004662,10000058,WMH-SO,Fountain,False
30004663,10000058,LBGI-2,Fountain,False
30004664,10000058,G1CA-Y,Fountain,False
30004665,10000058,Y-2ANO,Fountain,False
30004666,10000058,Z-YN5Y,Fountain,False
30004667,10000059,JI-K5H,Paragon Soul,False
30004668,10000059,33-JRO,Paragon Soul,False
30004669,10000059,ARBX-9,Paragon Soul,False
30004670,10000059,5-CSE3,Paragon Soul,False
30004671,10000059,O-MCZR,Paragon Soul,False
30004672,10000059,9T-APQ,Paragon Soul,False
30004673,10000059,4Y-OBL,Paragon Soul,False
30004674,10000059,0-MX34,Paragon Soul,False
30004675,10000059,5AQ-5H,Paragon Soul,False
30004676,10000059,T-ZFID,Paragon Soul,False
30004677,10000059,0ZN7-G,Paragon Soul,False
30004678,10000059,H8-ZTO,Paragon Soul,False
30004679,10000059,YV-FDG,Paragon Soul,False
30004680,10000059,LUL-WX,Paragon Soul,False
30004681,10000059,8Q-UYU,Paragon Soul,False
30004682,10000059,3PPT-9,Paragon Soul,False
30004683,10000059,S-KU8B,Paragon Soul,False
30004684,10000059,JK-GLL,Paragon Soul,False
30004685,10000059,UAAU-C,Paragon Soul,False
30004686,10000059,HHJD-5,Paragon Soul,False
30004687,10000059,ZWV-GD,Paragon Soul,False
30004688,10000059,1DDR-X,Paragon Soul,False
30004689,10000059,LG-WA9,Paragon Soul,False
30004690,10000059,AA-GWF,Paragon Soul,False
30004691,10000059,O4T-Z5,Paragon Soul,False
30004692,10000059,O-97ZG,Paragon Soul,False
30004693,10000059,2I-520,Paragon Soul,False
30004694,10000059,GQ2S-8,Paragon Soul,False
30004695,10000059,0SUF-3,Paragon Soul,False
30004696,10000059,G-M4GK,Paragon Soul,False
30004697,10000059,G1D0-G,Paragon Soul,False
30004698,10000059,KU3-BB,Paragon Soul,False
30004699,10000059,O1Q-P1,Paragon Soul,False
30004700,10000059,LD-2VL,Paragon Soul,False
30004701,10000059,ZBY-0I,Paragon Soul,False
30004702,10000059,MP5-KR,Paragon Soul,False
30004703,10000059,O-N589,Paragon Soul,False
30004704,10000059,ZDYA-G,Paragon Soul,False
30004705,10000059,LX5K-W,Paragon Soul,False
30004706,10000060,UHKL-N,Delve,False
30004707,10000060,Z3V-1W,Delve,False
30004708,10000060,A-ELE2,Delve,False
30004709,10000060,KFIE-Z,Delve,False
30004710,10000060,1DH-SX,Delve,False
30004711,10000060,PR-8CA,Delve,False
30004712,10000060,NOL-M9,Delve,False
30004713,10000060,O-IOAI,Delve,False
30004714,10000060,QX-LIJ,Delve,False
30004715,10000060,HM-XR2,Delve,False
30004716,10000060,4K-TRB,Delve,False
30004717,10000060,AJI-MA,Delve,False
30004718,10000060,FWST-8,Delve,False
30004719,10000060,YZ9-F6,Delve,False
30004720,10000060,0N-3RO,Delve,False
30004721,10000060,G-TT5V,Delve,False
30004722,10000060,319-3D,Delve,False
30004723,10000060,I3Q-II,Delve,False
30004724,10000060,RF-K9W,Delve,False
30004725,10000060,E3OI-U,Delve,False
30004726,10000060,IP6V-X,Delve,False
30004727,10000060,R5-MM8,Delve,False
30004728,10000060,1B-VKF,Delve,False
30004729,10000060,T-J6HT,Delve,False
30004730,10000060,D-W7F0,Delve,False
30004731,10000060,JP4-AA,Delve,False
30004732,10000060,FM-JK5,Delve,False
30004733,10000060,PDE-U3,Delve,False
30004734,10000060,23G-XC,Delve,False
30004735,10000060,T5ZI-S,Delve,False
30004736,10000060,4X0-8B,Delve,False
30004737,10000060,Q-HESZ,Delve,False
30004738,10000060,1-SMEB,Delve,False
30004739,10000060,M5-CGW,Delve,False
30004740,10000060,6Q-R50,Delve,False
30004741,10000060,ZA9-PY,Delve,False
30004742,10000060,RCI-VL,Delve,False
30004743,10000060,MJXW-P,Delve,False
30004744,10000060,QC-YX6,Delve,False
30004745,10000060,T-M0FA,Delve,False
30004746,10000060,4O-239,Delve,False
30004747,10000060,LUA5-L,Delve,False
30004748,10000060,T-IPZB,Delve,False
30004749,10000060,Q-JQSG,Delve,False
30004750,10000060,D-3GIQ,Delve,False
30004751,10000060,K-6K16,Delve,False
30004752,10000060,QY6-RK,Delve,False
30004753,10000060,W-KQPI,Delve,False
30004754,10000060,PUIG-F,Delve,False
30004755,10000060,J-LPX7,Delve,False
30004756,10000060,0-HDC8,Delve,False
30004757,10000060,F-TE1T,Delve,False
30004758,10000060,SVM-3K,Delve,False
30004759,10000060,1DQ1-A,Delve,False
30004760,10000060,8WA-Z6,Delve,False
30004761,10000060,5BTK-M,Delve,False
30004762,10000060,N-8YET,Delve,False
30004763,10000060,Y-OMTZ,Delve,False
30004764,10000060,3-DMQT,Delve,False
30004765,10000060,MO-GZ5,Delve,False
30004766,10000060,39P-1J,Delve,False
30004767,10000060,HZAQ-W,Delve,False
30004768,10000060,7G-QIG,Delve,False
30004769,10000060,NIDJ-K,Delve,False
30004770,10000060,PS-94K,Delve,False
30004771,10000060,8RQJ-2,Delve,False
30004772,10000060,KEE-N6,Delve,False
30004773,10000060,M2-XFE,Delve,False
30004774,10000060,5-CQDA,Delve,False
30004775,10000060,I-E3TG,Delve,False
30004776,10000060,S-6HHN,Delve,False
30004777,10000060,ZXB-VC,Delve,False
30004778,10000060,GY6A-L,Delve,False
30004779,10000060,UEXO-Z,Delve,False
30004780,10000060,9O-8W1,Delve,False
30004781,10000060,8F-TK3,Delve,False
30004782,10000060,PF-KUQ,Delve,False
30004783,10000060,N8D9-Z,Delve,False
30004784,10000060,F-9PXR,Delve,False
30004785,10000060,Y5C-YD,Delve,False
30004786,10000060,31X-RE,Delve,False
30004787,10000060,Q-02UL,Delve,False
30004788,10000060,7UTB-F,Delve,False
30004789,10000060,5-6QW7,Delve,False
30004790,10000060,7-K6UE,Delve,False
30004791,10000060,C6Y-ZF,Delve,False
30004792,10000060,6Z-CKS,Delve,False
30004793,10000060,G-M5L3,Delve,False
30004794,10000060,KBAK-I,Delve,False
30004795,10000060,M-SRKS,Delve,False
30004796,10000060,9GNS-2,Delve,False
30004797,10000060,YAW-7M,Delve,False
30004798,10000060,C3N-3S,Delve,False
30004799,10000060,CX8-6K,Delve,False
30004800,10000060,LWX-93,Delve,False
30004801,10000060,1-2J4P,Delve,False
30004802,10000060,M0O-JG,Delve,False
30004803,10000061,WB-AYY,Tenerifis,False
30004804,10000061,BW-WJ2,Tenerifis,False
30004805,10000061,S4-9DN,Tenerifis,False
30004806,10000061,DT-PXH,Tenerifis,False
30004807,10000061,UALX-3,Tenerifis,False
30004808,10000061,3L3N-X,Tenerifis,False
30004809,10000061,Y-ORBJ,Tenerifis,False
30004810,10000061,6-IAFR,Tenerifis,False
30004811,10000061,4-P4FE,Tenerifis,False
30004812,10000061,RH0-EG,Tenerifis,False
30004813,10000061,D-9UEV,Tenerifis,False
30004814,10000061,H-HWQR,Tenerifis,False
30004815,10000061,QRBN-M,Tenerifis,False
30004816,10000061,78R-PI,Tenerifis,False
30004817,10000061,ZD1-Z2,Tenerifis,False
30004818,10000061,C-FD0D,Tenerifis,False
30004819,10000061,S-9RCJ,Tenerifis,False
30004820,10000061,ZMV9-A,Tenerifis,False
30004821,10000061,FE-6YQ,Tenerifis,False
30004822,10000061,W-16DY,Tenerifis,False
30004823,10000061,M-4KDB,Tenerifis,False
30004824,10000061,C3-0YD,Tenerifis,False
30004825,10000061,PDF-3Z,Tenerifis,False
30004826,10000061,9-MJVQ,Tenerifis,False
30004827,10000061,L2GN-K,Tenerifis,False
30004828,10000061,4-IT9G,Tenerifis,False
30004829,10000061,PEK-8Z,Tenerifis,False
30004830,10000061,2PG-KN,Tenerifis,False
30004831,10000061,ABE-M2,Tenerifis,False
30004832,10000061,IL-YTR,Tenerifis,False
30004833,10000061,KW-OAM,Tenerifis,False
30004834,10000061,U2U5-A,Tenerifis,False
30004835,10000061,EQWO-Y,Tenerifis,False
30004836,10000061,JK-Q77,Tenerifis,False
30004837,10000061,QI9-42,Tenerifis,False
30004838,10000061,YF-P4X,Tenerifis,False
30004839,10000061,JI1-SY,Tenerifis,False
30004840,10000061,X-1QGA,Tenerifis,False
30004841,10000061,CCE-0J,Tenerifis,False
30004842,10000061,T2-V8F,Tenerifis,False
30004843,10000061,0VK-43,Tenerifis,False
30004844,10000061,TY2X-C,Tenerifis,False
30004845,10000061,Q0G-L8,Tenerifis,False
30004846,10000061,Q5KZ-W,Tenerifis,False
30004847,10000061,WE-KK2,Tenerifis,False
30004848,10000061,B8HU-Z,Tenerifis,False
30004849,10000061,16AM-3,Tenerifis,False
30004850,10000061,A-REKV,Tenerifis,False
30004851,10000061,BB-EKF,Tenerifis,False
30004852,10000061,DZ6-I5,Tenerifis,False
30004853,10000061,R-XDKM,Tenerifis,False
30004854,10000061,G1-0UI,Tenerifis,False
30004855,10000061,QCDG-H,Tenerifis,False
30004856,10000061,XUDX-A,Tenerifis,False
30004857,10000061,QLU-P0,Tenerifis,False
30004858,10000061,OQTY-Z,Tenerifis,False
30004859,10000061,Y-EQ0C,Tenerifis,False
30004860,10000061,7M4C-F,Tenerifis,False
30004861,10000061,MS1-KJ,Tenerifis,False
30004862,10000061,8-BEW8,Tenerifis,False
30004863,10000061,NZW-ZO,Tenerifis,False
30004864,10000061,WSK-1A,Tenerifis,False
30004865,10000061,5-NZNW,Tenerifis,False
30004866,10000061,NR8S-Y,Tenerifis,False
30004867,10000061,F-ZBO0,Tenerifis,False
30004868,10000061,3Q1T-O,Tenerifis,False
30004869,10000061,8-4KME,Tenerifis,False
30004870,10000061,T6GY-Y,Tenerifis,False
30004871,10000061,R1-IMO,Tenerifis,False
30004872,10000061,7KIK-H,Tenerifis,False
30004873,10000061,B-6STA,Tenerifis,False
30004874,10000061,0P-U0Q,Tenerifis,False
30004875,10000061,XGH-SH,Tenerifis,False
30004876,10000061,G-D0N3,Tenerifis,False
30004877,10000061,T-AKQZ,Tenerifis,False
30004878,10000061,46DP-O,Tenerifis,False
30004879,10000061,9-980U,Tenerifis,False
30004880,10000061,EMIG-F,Tenerifis,False
30004881,10000061,M-RPN3,Tenerifis,False
30004882,10000061,ZO-P5K,Tenerifis,False
30004883,10000061,JV1V-O,Tenerifis,False
30004884,10000062,9MWZ-B,Omist,False
30004885,10000062,LS-QLX,Omist,False
30004886,10000062,S-XZHU,Omist,False
30004887,10000062,CO-7BI,Omist,False
30004888,10000062,ZJG-7D,Omist,False
30004889,10000062,C-WPWH,Omist,False
30004890,10000062,VULA-I,Omist,False
30004891,10000062,R2TJ-1,Omist,False
30004892,10000062,G-B3PR,Omist,False
30004893,10000062,73-JQO,Omist,False
30004894,10000062,XPUM-L,Omist,False
30004895,10000062,KR8-27,Omist,False
30004896,10000062,LQ-AHE,Omist,False
30004897,10000062,LOI-L1,Omist,False
30004898,10000062,Y-MSJN,Omist,False
30004899,10000062,MJ-X5V,Omist,False
30004900,10000062,3FKU-H,Omist,False
30004901,10000062,M9-FIB,Omist,False
30004902,10000062,D2EZ-X,Omist,False
30004903,10000062,DJK-67,Omist,False
30004904,10000062,AXDX-F,Omist,False
30004905,10000062,J-4FNO,Omist,False
30004906,10000062,PEM-LC,Omist,False
30004907,10000062,X-EHHD,Omist,False
30004908,10000062,6T3I-L,Omist,False
30004909,10000062,QSF-EJ,Omist,False
30004910,10000062,L-AS00,Omist,False
30004911,10000062,NZPK-G,Omist,False
30004912,10000062,K-1OY3,Omist,False
30004913,10000062,MMUF-8,Omist,False
30004914,10000062,99-0GS,Omist,False
30004915,10000062,X-3AUU,Omist,False
30004916,10000062,H90-C9,Omist,False
30004917,10000062,0DD-MH,Omist,False
30004918,10000062,RI-JB1,Omist,False
30004919,10000062,NQH-MR,Omist,False
30004920,10000062,1I6F-9,Omist,False
30004921,10000062,Z-7OK1,Omist,False
30004922,10000062,UEP0-A,Omist,False
30004923,10000062,66-PMM,Omist,False
30004924,10000062,OKEO-X,Omist,False
30004925,10000062,7-8EOE,Omist,False
30004926,10000062,7L9-ZC,Omist,False
30004927,10000063,L-YMYU,Period Basis,False
30004928,10000063,35-JWD,Period Basis,False
30004929,10000063,F-M1FU,Period Basis,False
30004930,10000063,0-NTIS,Period Basis,False
30004931,10000063,VR-YIQ,Period Basis,False
30004932,10000063,XZ-SKZ,Period Basis,False
30004933,10000063,I6M-9U,Period Basis,False
30004934,10000063,MG0-RD,Period Basis,False
30004935,10000063,TPAR-G,Period Basis,False
30004936,10000063,VYO-68,Period Basis,False
30004937,10000063,TCAG-3,Period Basis,False
30004938,10000063,UR-E46,Period Basis,False
30004939,10000063,CW9-1Y,Period Basis,False
30004940,10000063,1-NJLK,Period Basis,False
30004941,10000063,Y-CWQY,Period Basis,False
30004942,10000063,8KR9-5,Period Basis,False
30004943,10000063,VQE-CN,Period Basis,False
30004944,10000063,L5D-ZL,Period Basis,False
30004945,10000063,G-C8QO,Period Basis,False
30004946,10000063,EIMJ-M,Period Basis,False
30004947,10000063,0A-KZ0,Period Basis,False
30004948,10000063,E-DOF2,Period Basis,False
30004949,10000063,48I1-X,Period Basis,False
30004950,10000063,0OTX-J,Period Basis,False
30004951,10000063,3OP-3E,Period Basis,False
30004952,10000063,JZL-VB,Period Basis,False
30004953,10000063,RJ3H-0,Period Basis,False
30004954,10000063,08S-39,Period Basis,False
30004955,10000063,ZU-MS3,Period Basis,False
30004956,10000063,HIX4-H,Period Basis,False
30004957,10000063,GR-J8B,Period Basis,False
30004958,10000063,OY0-2T,Period Basis,False
30004959,10000063,E2-RDQ,Period Basis,False
30004960,10000063,TN25-J,Period Basis,False
30004961,10000063,PA-VE3,Period Basis,False
30004962,10000063,G-Q5JU,Period Basis,False
30004963,10000063,RYQC-I,Period Basis,False
30004964,10000063,1E-W5I,Period Basis,False
30004965,10000063,Z-M5A1,Period Basis,False
30004966,10000063,MVUO-F,Period Basis,False
30004967,10000064,Luminaire,Essence,False
30004968,10000064,Mies,Essence,False
30004969,10000064,Oursulaert,Essence,False
30004970,10000064,Renyn,Essence,False
30004971,10000064,Duripant,Essence,False
30004972,10000064,Algogille,Essence,False
30004973,10000064,Caslemon,Essence,False
30004974,10000064,Jolevier,Essence,False
30004975,10000064,Mesybier,Essence,False
30004976,10000064,Charmerout,Essence,False
30004977,10000064,Yvangier,Essence,False
30004978,10000064,Pemene,Essence,False
30004979,10000064,Heydieles,Essence,False
30004980,10000064,Fliet,Essence,False
30004981,10000064,Actee,Essence,False
30004982,10000064,Indregulle,Essence,False
30004983,10000064,Amane,Essence,False
30004984,10000064,Abune,Essence,False
30004985,10000064,Deven,Essence,False
30004986,10000064,Estaunitte,Essence,False
30004987,10000064,Deninard,Essence,False
30004988,10000064,Hulmate,Essence,False
30004989,10000064,Annages,Essence,False
30004990,10000064,Onne,Essence,False
30004991,10000064,Vitrauze,Essence,False
30004992,10000064,Palmon,Essence,False
30004993,10000064,Villore,Essence,False
30004994,10000064,Arant,Essence,False
30004995,10000064,Allamotte,Essence,False
30004996,10000064,Obalyu,Essence,False
30004997,10000064,Vifrevaert,Essence,False
30004998,10000064,Parts,Essence,False
30004999,10000064,Ladistier,Essence,False
30005000,10000064,Old Man Star,Essence,False
30005001,10000064,Arnon,Essence,False
30005002,10000064,Laurvier,Essence,False
30005003,10000064,Adirain,Essence,False
30005004,10000064,Attyn,Essence,False
30005005,10000070,Ignebaener,Pochven,False
30005006,10000064,Aere,Essence,False
30005007,10000064,Lisbaetanne,Essence,False
30005008,10000064,Aeschee,Essence,False
30005009,10000064,Allebin,Essence,False
30005010,10000064,Atlulle,Essence,False
30005011,10000064,Droselory,Essence,False
30005012,10000064,Haine,Essence,False
30005013,10000064,Perckhevin,Essence,False
30005014,10000064,Isenan,Essence,False
30005015,10000064,Synchelle,Essence,False
30005016,10000064,Wysalan,Essence,False
30005017,10000064,Yona,Essence,False
30005018,10000064,Noghere,Essence,False
30005019,10000064,Aporulie,Essence,False
30005020,10000064,Seyllin,Essence,False
30005021,10000064,Adrel,Essence,False
30005022,10000064,Ane,Essence,False
30005023,10000064,Clorteler,Essence,False
30005024,10000064,Atlangeins,Essence,False
30005025,10000064,Derririntel,Essence,False
30005026,10000064,Cat,Essence,False
30005027,10000064,Ommare,Essence,False
30005028,10000064,Andole,Essence,False
30005029,10000070,Vale,Pochven,False
30005030,10000065,Fensi,Kor-Azor,False
30005031,10000065,Nebian,Kor-Azor,False
30005032,10000065,Khabara,Kor-Azor,False
30005033,10000065,Jeni,Kor-Azor,False
30005034,10000065,Bridi,Kor-Azor,False
30005035,10000065,Ami,Kor-Azor,False
30005036,10000065,Amdonen,Kor-Azor,False
30005037,10000065,Mora,Kor-Azor,False
30005038,10000065,Kor-Azor Prime,Kor-Azor,False
30005039,10000065,Leva,Kor-Azor,False
30005040,10000065,Nishah,Kor-Azor,False
30005041,10000065,Masanuh,Kor-Azor,False
30005042,10000065,Sehmy,Kor-Azor,False
30005043,10000065,Nakregde,Kor-Azor,False
30005044,10000065,Danyana,Kor-Azor,False
30005045,10000065,Nahyeen,Kor-Azor,False
30005046,10000065,Jinkah,Kor-Azor,False
30005047,10000065,Nibainkier,Kor-Azor,False
30005048,10000065,Polfaly,Kor-Azor,False
30005049,10000065,Andrub,Kor-Azor,False
30005050,10000065,Kulu,Kor-Azor,False
30005051,10000065,Choga,Kor-Azor,False
30005052,10000065,Soumi,Kor-Azor,False
30005053,10000065,Imih,Kor-Azor,False
30005054,10000065,Nare,Kor-Azor,False
30005055,10000065,Zinkon,Kor-Azor,False
30005056,10000065,Kizama,Kor-Azor,False
30005057,10000065,Shaha,Kor-Azor,False
30005058,10000065,Neesher,Kor-Azor,False
30005059,10000065,Misha,Kor-Azor,False
30005060,10000065,Ordion,Kor-Azor,False
30005061,10000065,Perbhe,Kor-Azor,False
30005062,10000065,Abath,Kor-Azor,False
30005063,10000065,Schmaeel,Kor-Azor,False
30005064,10000065,Mafra,Kor-Azor,False
30005065,10000065,Arzi,Kor-Azor,False
30005066,10000065,Kerying,Kor-Azor,False
30005067,10000065,Zorenyen,Kor-Azor,False
30005068,10000065,Oguser,Kor-Azor,False
30005069,10000065,Nahol,Kor-Azor,False
30005070,10000065,Tadadan,Kor-Azor,False
30005071,10000065,Tralasa,Kor-Azor,False
30005072,10000065,Gademam,Kor-Azor,False
30005073,10000065,Pananan,Kor-Azor,False
30005074,10000065,Daran,Kor-Azor,False
30005075,10000065,Latari,Kor-Azor,False
30005076,10000065,Shokal,Kor-Azor,False
30005077,10000065,Atarli,Kor-Azor,False
30005078,10000065,Keproh,Kor-Azor,False
30005079,10000065,Zatamaka,Kor-Azor,False
30005080,10000065,Rannoze,Kor-Azor,False
30005081,10000065,Piri,Kor-Azor,False
30005082,10000065,Enal,Kor-Azor,False
30005083,10000065,Jedandan,Kor-Azor,False
30005084,10000065,Miroona,Kor-Azor,False
30005085,10000065,Ranni,Kor-Azor,False
30005086,10000065,Arza,Kor-Azor,False
30005087,10000065,Liparer,Kor-Azor,False
30005088,10000066,B-B0ME,Perrigen Falls,False
30005089,10000066,TDP-T3,Perrigen Falls,False
30005090,10000066,H-HGGJ,Perrigen Falls,False
30005091,10000066,OJT-J3,Perrigen Falls,False
30005092,10000066,A9-F18,Perrigen Falls,False
30005093,10000066,DE-IHK,Perrigen Falls,False
30005094,10000066,AY9X-Q,Perrigen Falls,False
30005095,10000066,XU7-CH,Perrigen Falls,False
30005096,10000066,2V-ZHM,Perrigen Falls,False
30005097,10000066,V-3K7C,Perrigen Falls,False
30005098,10000066,AK-L0Z,Perrigen Falls,False
30005099,10000066,R-AG7W,Perrigen Falls,False
30005100,10000066,E-WMT7,Perrigen Falls,False
30005101,10000066,FLK-LJ,Perrigen Falls,False
30005102,10000066,0FG-KS,Perrigen Falls,False
30005103,10000066,F-5WYK,Perrigen Falls,False
30005104,10000066,EF-QZK,Perrigen Falls,False
30005105,10000066,RZ3O-K,Perrigen Falls,False
30005106,10000066,LW-YEW,Perrigen Falls,False
30005107,10000066,HB-KSF,Perrigen Falls,False
30005108,10000066,EH2I-P,Perrigen Falls,False
30005109,10000066,OP7-BP,Perrigen Falls,False
30005110,10000066,5ZU-VG,Perrigen Falls,False
30005111,10000066,6-1T6Z,Perrigen Falls,False
30005112,10000066,R-AYGT,Perrigen Falls,False
30005113,10000066,G-GRSZ,Perrigen Falls,False
30005114,10000066,6-8QLA,Perrigen Falls,False
30005115,10000066,5T-A3D,Perrigen Falls,False
30005116,10000066,H-FOYG,Perrigen Falls,False
30005117,10000066,1A8-6G,Perrigen Falls,False
30005118,10000066,PE-SAM,Perrigen Falls,False
30005119,10000066,RY-2FX,Perrigen Falls,False
30005120,10000066,K-3PQW,Perrigen Falls,False
30005121,10000066,4-M1TY,Perrigen Falls,False
30005122,10000066,C6CG-W,Perrigen Falls,False
30005123,10000066,H-29TM,Perrigen Falls,False
30005124,10000066,KOI8-Z,Perrigen Falls,False
30005125,10000066,D-QJR9,Perrigen Falls,False
30005126,10000066,U4-V3J,Perrigen Falls,False
30005127,10000066,B9N2-2,Perrigen Falls,False
30005128,10000066,6Q4-X6,Perrigen Falls,False
30005129,10000066,BEG-RL,Perrigen Falls,False
30005130,10000066,972C-1,Perrigen Falls,False
30005131,10000066,U-W436,Perrigen Falls,False
30005132,10000066,Z-ENUD,Perrigen Falls,False
30005133,10000066,MJ-5F9,Perrigen Falls,False
30005134,10000066,M5NO-B,Perrigen Falls,False
30005135,10000066,JZ-UQC,Perrigen Falls,False
30005136,10000066,JPEZ-R,Perrigen Falls,False
30005137,10000066,9WVY-F,Perrigen Falls,False
30005138,10000066,7M4-4C,Perrigen Falls,False
30005139,10000066,2-YO2K,Perrigen Falls,False
30005140,10000066,M-SG47,Perrigen Falls,False
30005141,10000066,SR-10Z,Perrigen Falls,False
30005142,10000066,W-KXEX,Perrigen Falls,False
30005143,10000066,TAL1-3,Perrigen Falls,False
30005144,10000066,QHY-RU,Perrigen Falls,False
30005145,10000066,7AH-SF,Perrigen Falls,False
30005146,10000066,7MMJ-3,Perrigen Falls,False
30005147,10000066,PVF-N9,Perrigen Falls,False
30005148,10000066,9-EXU9,Perrigen Falls,False
30005149,10000066,4-1ECP,Perrigen Falls,False
30005150,10000066,UYOC-1,Perrigen Falls,False
30005151,10000066,5-U12M,Perrigen Falls,False
30005152,10000066,5V-Q1R,Perrigen Falls,False
30005153,10000066,M4-KX5,Perrigen Falls,False
30005154,10000066,4F9Y-3,Perrigen Falls,False
30005155,10000066,MS-RXH,Perrigen Falls,False
30005156,10000066,U-3FKL,Perrigen Falls,False
30005157,10000066,0XN-SK,Perrigen Falls,False
30005158,10000066,J9A-BH,Perrigen Falls,False
30005159,10000066,4F6-VZ,Perrigen Falls,False
30005160,10000066,B-7LYC,Perrigen Falls,False
30005161,10000066,JM0A-4,Perrigen Falls,False
30005162,10000066,PT-2KR,Perrigen Falls,False
30005163,10000066,L-POLO,Perrigen Falls,False
30005164,10000066,8B-A4E,Perrigen Falls,False
30005165,10000066,49V-E4,Perrigen Falls,False
30005166,10000066,3LL-O0,Perrigen Falls,False
30005167,10000066,A1F-22,Perrigen Falls,False
30005168,10000066,9-ZA4Z,Perrigen Falls,False
30005169,10000066,IU-E9T,Perrigen Falls,False
30005170,10000066,NGM-OK,Perrigen Falls,False
30005171,10000066,O-QKSM,Perrigen Falls,False
30005172,10000066,QKQ3-L,Perrigen Falls,False
30005173,10000066,VWES-Y,Perrigen Falls,False
30005174,10000066,SY-OLX,Perrigen Falls,False
30005175,10000066,XY-ZCI,Perrigen Falls,False
30005176,10000066,7JRA-G,Perrigen Falls,False
30005177,10000066,W-CSFY,Perrigen Falls,False
30005178,10000066,PFV-ZH,Perrigen Falls,False
30005179,10000066,L5Y4-M,Perrigen Falls,False
30005180,10000066,9IZ-HU,Perrigen Falls,False
30005181,10000066,OBV-YC,Perrigen Falls,False
30005182,10000066,2AUL-X,Perrigen Falls,False
30005183,10000066,F-HQWV,Perrigen Falls,False
30005184,10000066,F-A3TR,Perrigen Falls,False
30005185,10000066,PA-ALN,Perrigen Falls,False
30005186,10000066,01B-88,Perrigen Falls,False
30005187,10000066,F18-AY,Perrigen Falls,False
30005188,10000066,RZ8A-P,Perrigen Falls,False
30005189,10000066,MTO2-2,Perrigen Falls,False
30005190,10000066,C3I-D5,Perrigen Falls,False
30005191,10000066,0-U2M4,Perrigen Falls,False
30005192,10000067,Shera,Genesis,False
30005193,10000067,Lor,Genesis,False
30005194,10000067,Cleyd,Genesis,False
30005195,10000067,Vecamia,Genesis,False
30005196,10000067,Ahbazon,Genesis,False
30005197,10000067,Atreen,Genesis,False
30005198,10000067,Pakhshi,Genesis,False
30005199,10000067,Tar,Genesis,False
30005200,10000067,Tekaima,Genesis,False
30005201,10000067,Manarq,Genesis,False
30005202,10000067,Emsar,Genesis,False
30005203,10000067,Ourapheh,Genesis,False
30005204,10000067,Yulai,Genesis,False
30005205,10000067,Tarta,Genesis,False
30005206,10000067,Kemerk,Genesis,False
30005207,10000067,Nardiarang,Genesis,False
30005208,10000067,Ziasad,Genesis,False
30005209,10000067,Sibe,Genesis,False
30005210,10000067,Makhwasan,Genesis,False
30005211,10000067,Zarer,Genesis,False
30005212,10000067,Toon,Genesis,False
30005213,10000067,Hesarid,Genesis,False
30005214,10000067,Ashokon,Genesis,False
30005215,10000067,Avyuh,Genesis,False
30005216,10000067,Apanake,Genesis,False
30005217,10000067,Sheroo,Genesis,False
30005218,10000067,Sosh,Genesis,False
30005219,10000067,Sigga,Genesis,False
30005220,10000067,Keseya,Genesis,False
30005221,10000067,Zoohen,Genesis,False
30005222,10000067,Serren,Genesis,False
30005223,10000067,Hadji,Genesis,False
30005224,10000067,Assez,Genesis,False
30005225,10000067,Alal,Genesis,False
30005226,10000067,Dom-Aphis,Genesis,False
30005227,10000067,Iderion,Genesis,False
30005228,10000067,Chamja,Genesis,False
30005229,10000067,Diaderi,Genesis,False
30005230,10000067,Manatirid,Genesis,False
30005231,10000067,Pashanai,Genesis,False
30005232,10000067,Pamah,Genesis,False
30005233,10000067,Leran,Genesis,False
30005234,10000067,Beke,Genesis,False
30005235,10000067,Malma,Genesis,False
30005236,10000067,Noranim,Genesis,False
30005237,10000067,Chej,Genesis,False
30005238,10000067,Menai,Genesis,False
30005239,10000067,Aring,Genesis,False
30005240,10000067,Gayar,Genesis,False
30005241,10000067,Petidu,Genesis,False
30005242,10000067,Naka,Genesis,False
30005243,10000067,Madomi,Genesis,False
30005244,10000067,Gergish,Genesis,False
30005245,10000067,Tahli,Genesis,False
30005246,10000067,Imya,Genesis,False
30005247,10000067,Kobam,Genesis,False
30005248,10000067,Hirizan,Genesis,False
30005249,10000067,Anyed,Genesis,False
30005250,10000067,Habu,Genesis,False
30005251,10000067,Asanot,Genesis,False
30005252,10000067,Anzalaisio,Genesis,False
30005253,10000067,Chiga,Genesis,False
30005254,10000067,Abhan,Genesis,False
30005255,10000067,Saphthar,Genesis,False
30005256,10000067,Itrin,Genesis,False
30005257,10000067,Bantish,Genesis,False
30005258,10000067,Korridi,Genesis,False
30005259,10000067,Lela,Genesis,False
30005260,10000067,Keri,Genesis,False
30005261,10000067,Antem,Genesis,False
30005262,10000067,Djimame,Genesis,False
30005263,10000067,Mozzidit,Genesis,False
30005264,10000067,Angur,Genesis,False
30005265,10000067,Hangond,Genesis,False
30005266,10000067,Access,Genesis,False
30005267,10000067,Bherdasopt,Genesis,False
30005268,10000067,Gonditsa,Genesis,False
30005269,10000067,Simela,Genesis,False
30005270,10000067,Shalne,Genesis,False
30005271,10000067,Shapisin,Genesis,False
30005272,10000067,Olin,Genesis,False
30005273,10000067,Galnafsad,Genesis,False
30005274,10000067,Otakod,Genesis,False
30005275,10000067,Azedi,Genesis,False
30005276,10000067,Sharza,Genesis,False
30005277,10000067,Pirna,Genesis,False
30005278,10000067,Seshi,Genesis,False
30005279,10000067,Anara,Genesis,False
30005280,10000067,Partod,Genesis,False
30005281,10000067,Exit,Genesis,False
30005282,10000067,Gateway,Genesis,False
30005283,10000067,Central Point,Genesis,False
30005284,10000067,Promised Land,Genesis,False
30005285,10000067,Dead End,Genesis,False
30005286,10000067,New Eden,Genesis,False
30005287,10000067,Canard,Genesis,False
30005288,10000067,Girani-Fa,Genesis,False
30005289,10000067,Nasreri,Genesis,False
30005290,10000067,Heorah,Genesis,False
30005291,10000067,Ebasez,Genesis,False
30005292,10000067,Agal,Genesis,False
30005293,10000067,Doza,Genesis,False
30005294,10000067,Bania,Genesis,False
30005295,10000068,Murethand,Verge Vendor,False
30005296,10000068,Melmaniel,Verge Vendor,False
30005297,10000068,Ouelletta,Verge Vendor,False
30005298,10000068,Costolle,Verge Vendor,False
30005299,10000068,Muetralle,Verge Vendor,False
30005300,10000068,Loes,Verge Vendor,False
30005301,10000068,Tourier,Verge Vendor,False
30005302,10000068,Alenia,Verge Vendor,False
30005303,10000068,Merolles,Verge Vendor,False
30005304,10000068,Alentene,Verge Vendor,False
30005305,10000068,Cistuvaert,Verge Vendor,False
30005306,10000068,Vaere,Verge Vendor,False
30005307,10000068,Aidart,Verge Vendor,False
30005308,10000068,Jufvitte,Verge Vendor,False
30005309,10000068,Ansalle,Verge Vendor,False
30005310,10000068,Scheenins,Verge Vendor,False
30005311,10000068,Amygnon,Verge Vendor,False
30005312,10000068,Gisleres,Verge Vendor,False
30005313,10000068,Ellmay,Verge Vendor,False
30005314,10000068,Theruesse,Verge Vendor,False
30005315,10000068,Eletta,Verge Vendor,False
30005316,10000068,Luse,Verge Vendor,False
30005317,10000068,Ekuenbiron,Verge Vendor,False
30005318,10000068,Vay,Verge Vendor,False
30005319,10000068,Raneilles,Verge Vendor,False
30005320,10000068,Hevrice,Verge Vendor,False
30005321,10000068,Jovainnon,Verge Vendor,False
30005322,10000068,Scolluzer,Verge Vendor,False
30005323,10000068,Sortet,Verge Vendor,False
30005324,10000068,Claulenne,Verge Vendor,False
30005325,10000068,Masalle,Verge Vendor,False
30005326,10000068,Annelle,Verge Vendor,False
30005327,10000068,Chesiette,Verge Vendor,False
30005328,10000068,Reblier,Verge Vendor,False
30005329,10000068,Amoderia,Verge Vendor,False
30005330,10000068,Arraron,Verge Vendor,False
30005331,10000068,Chantrousse,Verge Vendor,False
30005332,10000068,Osmomonne,Verge Vendor,False
30005333,10000068,Stou,Verge Vendor,False
30005334,10000068,Tierijev,Verge Vendor,False
30010141,10000070,Sakenta,Pochven,False
30011392,10000016,Jouvulen,Lonetrek,False
30011407,10000016,Akiainavas,Lonetrek,False
30011672,10000020,Kerepa,Tash-Murkon,False
30012505,10000030,Malukker,Heimatar,False
30012547,10000030,Hadaugago,Heimatar,False
30012715,10000032,Odotte,Sinq Laison,False
30013410,10000042,Abrat,Metropolis,False
30013489,10000043,Deepari,Domain,False
30014971,10000064,Couster,Essence,False
30015042,10000052,Akhwa,Kador,False
30015305,10000068,Adallier,Verge Vendor,False
30020141,10000070,Senda,Pochven,False
30021392,10000016,Kappas,Lonetrek,False
30021407,10000002,Aokannitoh,The Forge,False
30021672,10000020,Pasha,Tash-Murkon,False
30022505,10000042,Orgron,Metropolis,False
30022547,10000030,Krilmokenur,Heimatar,False
30022715,10000032,Oirtlair,Sinq Laison,False
30023410,10000042,Embod,Metropolis,False
30023489,10000043,Fora,Domain,False
30024971,10000064,Hecarrin,Essence,False
30025042,10000065,Annad,Kor-Azor,False
30025305,10000068,Channace,Verge Vendor,False
30030141,10000002,Uitra,The Forge,False
30031392,10000070,Komo,Pochven,False
30031407,10000016,Hitanishio,Lonetrek,False
30031672,10000020,Safilbab,Tash-Murkon,False
30032505,10000030,Todeko,Heimatar,False
30032547,10000030,Larkugei,Heimatar,False
30032715,10000032,Olelon,Sinq Laison,False
30033410,10000042,Erego,Metropolis,False
30033489,10000043,Hanan,Domain,False
30034971,10000064,Henebene,Essence,False
30035042,10000065,Chaktaren,Kor-Azor,False
30035305,10000068,Clacille,Verge Vendor,False
30040141,10000070,Urhinichi,Pochven,False
30041392,10000033,Laah,The Citadel,False
30041407,10000016,Ichinumi,Lonetrek,False
30041672,10000020,Seitam,Tash-Murkon,False
30042505,10000030,Usteli,Heimatar,False
30042547,10000030,Loguttur,Heimatar,False
30042715,10000032,Trossere,Sinq Laison,False
30043410,10000042,Fildar,Metropolis,False
30043489,10000043,Horir,Domain,False
30044971,10000064,Mesokel,Essence,False
30045042,10000065,Conoban,Kor-Azor,False
30045305,10000068,Clellinon,Verge Vendor,False
30045306,10000069,Hykanima,Black Rise,False
30045307,10000069,Okagaiken,Black Rise,False
30045308,10000069,Kehjari,Black Rise,False
30045309,10000069,Villasen,Black Rise,False
30045310,10000069,Sarenemi,Black Rise,False
30045311,10000069,Ashitsu,Black Rise,False
30045312,10000069,Korasen,Black Rise,False
30045313,10000069,Ienakkamon,Black Rise,False
30045314,10000069,Kinakka,Black Rise,False
30045315,10000069,Raihbaka,Black Rise,False
30045316,10000069,Innia,Black Rise,False
30045317,10000069,Iralaja,Black Rise,False
30045318,10000069,Martoh,Black Rise,False
30045319,10000069,Eha,Black Rise,False
30045320,10000069,Pavanakka,Black Rise,False
30045321,10000069,Uchomida,Black Rise,False
30045322,10000069,Samanuni,Black Rise,False
30045323,10000069,Astoh,Black Rise,False
30045324,10000069,Onnamon,Black Rise,False
30045325,10000069,Rohamaa,Black Rise,False
30045326,10000069,Uuhulanen,Black Rise,False
30045327,10000069,Tsuruma,Black Rise,False
30045328,10000070,Ahtila,Pochven,False
30045329,10000070,Ichoriya,Pochven,False
30045330,10000069,Okkamon,Black Rise,False
30045331,10000069,Vaaralen,Black Rise,False
30045332,10000069,Asakai,Black Rise,False
30045333,10000069,Prism,Black Rise,False
30045334,10000069,Mushikegi,Black Rise,False
30045335,10000069,Teskanen,Black Rise,False
30045336,10000069,Elunala,Black Rise,False
30045337,10000069,Ikoskio,Black Rise,False
30045338,10000069,Hikkoken,Black Rise,False
30045339,10000069,Enaluri,Black Rise,False
30045340,10000069,Aivonen,Black Rise,False
30045341,10000069,Hallanen,Black Rise,False
30045342,10000069,Akidagi,Black Rise,False
30045343,10000069,Immuri,Black Rise,False
30045344,10000069,Nennamaila,Black Rise,False
30045345,10000069,Hirri,Black Rise,False
30045346,10000069,Kedama,Black Rise,False
30045347,10000069,Oinasiken,Black Rise,False
30045348,10000069,Notoras,Black Rise,False
30045349,10000069,Rakapas,Black Rise,False
30045350,10000069,Teimo,Black Rise,False
30045351,10000069,Iwisoda,Black Rise,False
30045352,10000069,Nisuwa,Black Rise,False
30045353,10000069,Pynekastoh,Black Rise,False
30045354,10000069,Reitsato,Black Rise,False
30100000,10001000,Zarzakh,Yasna Zakh,False
30100032,10001004,Manifest,Exordium,False
30100033,10001004,Gallant,Exordium,False
30100034,10001004,Fortitude,Exordium,False
30100035,10001004,Forte,Exordium,False
30100036,10001004,Triumph,Exordium,False
30100037,10001004,Decorum,Exordium,False
30100038,10001004,Lustre,Exordium,False
30100039,10001004,Celerity,Exordium,False
30100040,10001004,Ratiocinate,Exordium,False
30100041,10001004,Rigor,Exordium,False
30100042,10001004,Lenity,Exordium,False
30100043,10001004,Steadfast,Exordium,False
30100044,10001004,Couth,Exordium,False
30100045,10001004,Mettle,Exordium,False
30100046,10001004,Venerate,Exordium,False
30100047,10001004,Repute,Exordium,False
30100048,10001004,Adroit,Exordium,False
30100049,10001004,Sagacity,Exordium,False
30100050,10001004,Erudite,Exordium,False
30100051,10001004,Solemn,Exordium,False
30100052,10001004,Tenacity,Exordium,False
30100053,10001004,Valiance,Exordium,False
30100054,10001004,Chivalric,Exordium,False
30100055,10001004,Equity,Exordium,False
30100056,10001004,Abstention,Exordium,False
30100057,10001004,Tiberis,Exordium,False
30100058,10001004,Rotonos,Exordium,False
30100059,10001004,Ligare,Exordium,False
30100060,10001004,Axiosere,Exordium,False
30100061,10001004,Waison,Exordium,False
30100062,10001004,Maso,Exordium,False
30100063,10001004,Mondaekus,Exordium,False
30100064,10001004,Kita-Aino,Exordium,False
30100065,10001004,Aldoras,Exordium,False
30100066,10001004,Pamirasu,Exordium,False
30100067,10001004,Hotak,Exordium,False
30100068,10001004,Dyka-hau,Exordium,False
30100069,10001004,Urtasvaar,Exordium,False
30100070,10001004,Tatrys,Exordium,False
30100071,10001004,Vatna,Exordium,False
30100072,10001004,Tungna,Exordium,False
30100073,10001004,Dranga,Exordium,False
30100074,10001004,Tindfjalla,Exordium,False
30100075,10001004,Lang,Exordium,False
30100076,10001004,Hofs,Exordium,False
30100077,10001004,Dettisolin,Exordium,False
30100078,10001004,Adaz,Exordium,False
30100079,10001004,Mazor,Exordium,False
30100080,10001004,Kanta,Exordium,False
30100081,10001004,Taikud,Exordium,False
30100082,10001004,Vaejra,Exordium,False
30100083,10001004,Sakizra,Exordium,False
30100084,10001004,Ichorah,Exordium,False
31000001,11000033,Sentinel MZ,K-R00033,False
31000002,11000033,Liberated Barbican,K-R00033,False
31000003,11000033,Sanctified Vidette,K-R00033,False
31000004,11000033,Conflux Eyrie,K-R00033,False
31000005,11000031,Thera,G-R00031,False
31000006,11000033,Azdaja Redoubt,K-R00033,False
31000007,11000001,J105443,A-R00001,False
31000008,11000001,J100744,A-R00001,False
31000009,11000001,J225046,A-R00001,False
31000010,11000001,J160837,A-R00001,False
31000011,11000001,J114700,A-R00001,False
31000012,11000001,J134914,A-R00001,False
31000013,11000001,J102655,A-R00001,False
31000014,11000001,J134312,A-R00001,False
31000015,11000001,J205818,A-R00001,False
31000016,11000001,J113434,A-R00001,False
31000017,11000001,J105711,A-R00001,False
31000018,11000001,J164218,A-R00001,False
31000019,11000001,J154535,A-R00001,False
31000020,11000001,J111301,A-R00001,False
31000021,11000001,J135038,A-R00001,False
31000022,11000001,J121358,A-R00001,False
31000023,11000001,J222914,A-R00001,False
31000024,11000001,J155429,A-R00001,False
31000025,11000001,J204640,A-R00001,False
31000026,11000001,J162604,A-R00001,False
31000027,11000001,J164807,A-R00001,False
31000028,11000001,J233317,A-R00001,False
31000029,11000001,J155023,A-R00001,False
31000030,11000001,J112628,A-R00001,False
31000031,11000001,J153001,A-R00001,False
31000032,11000001,J143204,A-R00001,False
31000033,11000001,J101729,A-R00001,False
31000034,11000001,J221203,A-R00001,False
31000035,11000001,J125428,A-R00001,False
31000036,11000001,J131854,A-R00001,False
31000037,11000001,J160534,A-R00001,False
31000038,11000001,J144855,A-R00001,False
31000039,11000001,J101453,A-R00001,False
31000040,11000001,J144913,A-R00001,False
31000041,11000001,J144530,A-R00001,False
31000042,11000001,J135411,A-R00001,False
31000043,11000001,J125713,A-R00001,False
31000044,11000001,J105521,A-R00001,False
31000045,11000001,J224324,A-R00001,False
31000046,11000001,J163203,A-R00001,False
31000047,11000001,J171818,A-R00001,False
31000048,11000001,J145337,A-R00001,False
31000049,11000001,J150131,A-R00001,False
31000050,11000001,J130842,A-R00001,False
31000051,11000001,J145406,A-R00001,False
31000052,11000001,J103404,A-R00001,False
31000053,11000001,J112124,A-R00001,False
31000054,11000001,J124926,A-R00001,False
31000055,11000001,J232605,A-R00001,False
31000056,11000001,J144938,A-R00001,False
31000057,11000001,J233828,A-R00001,False
31000058,11000001,J130714,A-R00001,False
31000059,11000001,J142701,A-R00001,False
31000060,11000001,J154226,A-R00001,False
31000061,11000001,J125843,A-R00001,False
31000062,11000001,J155459,A-R00001,False
31000063,11000001,J225555,A-R00001,False
31000064,11000001,J115549,A-R00001,False
31000065,11000001,J140741,A-R00001,False
31000066,11000001,J104140,A-R00001,False
31000067,11000001,J101757,A-R00001,False
31000068,11000001,J100250,A-R00001,False
31000069,11000001,J113721,A-R00001,False
31000070,11000001,J105039,A-R00001,False
31000071,11000001,J233550,A-R00001,False
31000072,11000001,J114033,A-R00001,False
31000073,11000001,J105936,A-R00001,False
31000074,11000001,J140121,A-R00001,False
31000075,11000001,J154029,A-R00001,False
31000076,11000001,J101336,A-R00001,False
31000077,11000001,J160039,A-R00001,False
31000078,11000001,J161257,A-R00001,False
31000079,11000001,J144303,A-R00001,False
31000080,11000001,J121131,A-R00001,False
31000081,11000001,J113653,A-R00001,False
31000082,11000001,J123454,A-R00001,False
31000083,11000001,J110750,A-R00001,False
31000084,11000001,J151106,A-R00001,False
31000085,11000001,J100040,A-R00001,False
31000086,11000001,J223733,A-R00001,False
31000087,11000001,J110431,A-R00001,False
31000088,11000001,J134446,A-R00001,False
31000089,11000001,J143202,A-R00001,False
31000090,11000001,J210436,A-R00001,False
31000091,11000001,J133030,A-R00001,False
31000092,11000001,J170645,A-R00001,False
31000093,11000001,J103151,A-R00001,False
31000094,11000001,J222206,A-R00001,False
31000095,11000001,J130602,A-R00001,False
31000096,11000001,J123708,A-R00001,False
31000097,11000001,J123831,A-R00001,False
31000098,11000001,J164927,A-R00001,False
31000099,11000001,J134143,A-R00001,False
31000100,11000001,J214534,A-R00001,False
31000101,11000001,J135250,A-R00001,False
31000102,11000001,J111707,A-R00001,False
31000103,11000001,J135245,A-R00001,False
31000104,11000001,J101408,A-R00001,False
31000105,11000001,J215117,A-R00001,False
31000106,11000001,J141019,A-R00001,False
31000107,11000001,J102206,A-R00001,False
31000108,11000001,J125903,A-R00001,False
31000109,11000001,J134939,A-R00001,False
31000110,11000001,J162641,A-R00001,False
31000111,11000001,J152537,A-R00001,False
31000112,11000001,J224442,A-R00001,False
31000113,11000001,J104138,A-R00001,False
31000114,11000001,J121516,A-R00001,False
31000115,11000001,J114540,A-R00001,False
31000116,11000001,J155013,A-R00001,False
31000117,11000001,J144450,A-R00001,False
31000118,11000001,J141239,A-R00001,False
31000119,11000001,J115545,A-R00001,False
31000120,11000001,J114905,A-R00001,False
31000121,11000001,J120522,A-R00001,False
31000122,11000001,J172907,A-R00001,False
31000123,11000001,J164550,A-R00001,False
31000124,11000001,J141812,A-R00001,False
31000125,11000001,J134637,A-R00001,False
31000126,11000001,J134132,A-R00001,False
31000127,11000001,J125011,A-R00001,False
31000128,11000001,J105942,A-R00001,False
31000129,11000001,J171653,A-R00001,False
31000130,11000001,J110213,A-R00001,False
31000131,11000001,J115048,A-R00001,False
31000132,11000001,J174405,A-R00001,False
31000133,11000001,J123111,A-R00001,False
31000134,11000001,J123047,A-R00001,False
31000135,11000001,J231541,A-R00001,False
31000136,11000001,J215900,A-R00001,False
31000137,11000001,J110651,A-R00001,False
31000138,11000001,J140602,A-R00001,False
31000139,11000001,J163804,A-R00001,False
31000140,11000002,J125209,A-R00002,False
31000141,11000002,J140831,A-R00002,False
31000142,11000002,J161811,A-R00002,False
31000143,11000002,J112913,A-R00002,False
31000144,11000002,J105632,A-R00002,False
31000145,11000002,J160710,A-R00002,False
31000146,11000002,J160835,A-R00002,False
31000147,11000002,J122659,A-R00002,False
31000148,11000002,J130931,A-R00002,False
31000149,11000002,J161115,A-R00002,False
31000150,11000002,J120734,A-R00002,False
31000151,11000002,J110906,A-R00002,False
31000152,11000002,J121418,A-R00002,False
31000153,11000002,J113820,A-R00002,False
31000154,11000002,J113506,A-R00002,False
31000155,11000002,J172240,A-R00002,False
31000156,11000002,J110101,A-R00002,False
31000157,11000002,J110108,A-R00002,False
31000158,11000002,J213555,A-R00002,False
31000159,11000002,J144704,A-R00002,False
31000160,11000002,J115815,A-R00002,False
31000161,11000002,J133653,A-R00002,False
31000162,11000002,J171700,A-R00002,False
31000163,11000002,J104628,A-R00002,False
31000164,11000002,J114546,A-R00002,False
31000165,11000002,J235419,A-R00002,False
31000166,11000002,J204503,A-R00002,False
31000167,11000002,J215417,A-R00002,False
31000168,11000002,J110545,A-R00002,False
31000169,11000002,J153536,A-R00002,False
31000170,11000002,J150407,A-R00002,False
31000171,11000002,J153530,A-R00002,False
31000172,11000002,J131232,A-R00002,False
31000173,11000002,J101020,A-R00002,False
31000174,11000002,J133613,A-R00002,False
31000175,11000002,J165901,A-R00002,False
31000176,11000002,J152006,A-R00002,False
31000177,11000002,J160345,A-R00002,False
31000178,11000002,J134330,A-R00002,False
31000179,11000002,J213342,A-R00002,False
31000180,11000002,J150745,A-R00002,False
31000181,11000002,J165056,A-R00002,False
31000182,11000002,J150827,A-R00002,False
31000183,11000002,J144632,A-R00002,False
31000184,11000002,J102630,A-R00002,False
31000185,11000002,J133335,A-R00002,False
31000186,11000002,J125925,A-R00002,False
31000187,11000002,J142617,A-R00002,False
31000188,11000002,J150818,A-R00002,False
31000189,11000002,J114420,A-R00002,False
31000190,11000002,J112250,A-R00002,False
31000191,11000002,J155935,A-R00002,False
31000192,11000002,J115738,A-R00002,False
31000193,11000002,J232715,A-R00002,False
31000194,11000002,J110051,A-R00002,False
31000195,11000002,J152928,A-R00002,False
31000196,11000002,J132216,A-R00002,False
31000197,11000002,J132758,A-R00002,False
31000198,11000002,J134145,A-R00002,False
31000199,11000002,J102849,A-R00002,False
31000200,11000002,J120335,A-R00002,False
31000201,11000002,J104439,A-R00002,False
31000202,11000002,J122717,A-R00002,False
31000203,11000002,J101817,A-R00002,False
31000204,11000002,J131551,A-R00002,False
31000205,11000002,J115200,A-R00002,False
31000206,11000002,J155029,A-R00002,False
31000207,11000002,J223703,A-R00002,False
31000208,11000002,J233359,A-R00002,False
31000209,11000002,J114107,A-R00002,False
31000210,11000002,J152014,A-R00002,False
31000211,11000002,J100211,A-R00002,False
31000212,11000002,J104103,A-R00002,False
31000213,11000002,J171019,A-R00002,False
31000214,11000002,J114313,A-R00002,False
31000215,11000002,J130542,A-R00002,False
31000216,11000002,J114719,A-R00002,False
31000217,11000002,J130322,A-R00002,False
31000218,11000002,J161524,A-R00002,False
31000219,11000002,J162858,A-R00002,False
31000220,11000002,J121158,A-R00002,False
31000221,11000002,J113050,A-R00002,False
31000222,11000002,J141514,A-R00002,False
31000223,11000002,J220654,A-R00002,False
31000224,11000002,J162118,A-R00002,False
31000225,11000002,J231004,A-R00002,False
31000226,11000002,J120621,A-R00002,False
31000227,11000002,J151601,A-R00002,False
31000228,11000002,J105837,A-R00002,False
31000229,11000002,J143133,A-R00002,False
31000230,11000002,J100422,A-R00002,False
31000231,11000002,J104335,A-R00002,False
31000232,11000002,J105700,A-R00002,False
31000233,11000002,J215431,A-R00002,False
31000234,11000002,J143628,A-R00002,False
31000235,11000002,J141150,A-R00002,False
31000236,11000002,J163743,A-R00002,False
31000237,11000002,J161509,A-R00002,False
31000238,11000002,J150629,A-R00002,False
31000239,11000002,J141017,A-R00002,False
31000240,11000002,J130045,A-R00002,False
31000241,11000002,J123748,A-R00002,False
31000242,11000002,J124051,A-R00002,False
31000243,11000002,J151141,A-R00002,False
31000244,11000002,J112129,A-R00002,False
31000245,11000002,J213653,A-R00002,False
31000246,11000002,J143649,A-R00002,False
31000247,11000002,J223855,A-R00002,False
31000248,11000002,J140019,A-R00002,False
31000249,11000002,J110605,A-R00002,False
31000250,11000002,J122843,A-R00002,False
31000251,11000002,J205004,A-R00002,False
31000252,11000002,J122114,A-R00002,False
31000253,11000002,J163533,A-R00002,False
31000254,11000002,J151518,A-R00002,False
31000255,11000002,J122712,A-R00002,False
31000256,11000002,J143002,A-R00002,False
31000257,11000002,J160307,A-R00002,False
31000258,11000002,J213932,A-R00002,False
31000259,11000002,J102414,A-R00002,False
31000260,11000002,J170949,A-R00002,False
31000261,11000002,J235001,A-R00002,False
31000262,11000002,J103320,A-R00002,False
31000263,11000002,J141038,A-R00002,False
31000264,11000002,J172003,A-R00002,False
31000265,11000002,J124215,A-R00002,False
31000266,11000002,J215754,A-R00002,False
31000267,11000002,J102837,A-R00002,False
31000268,11000002,J130155,A-R00002,False
31000269,11000002,J170544,A-R00002,False
31000270,11000002,J142649,A-R00002,False
31000271,11000002,J150539,A-R00002,False
31000272,11000002,J163156,A-R00002,False
31000273,11000002,J120338,A-R00002,False
31000274,11000002,J142941,A-R00002,False
31000275,11000002,J110126,A-R00002,False
31000276,11000002,J155504,A-R00002,False
31000277,11000002,J144228,A-R00002,False
31000278,11000002,J223650,A-R00002,False
31000279,11000002,J102734,A-R00002,False
31000280,11000002,J105232,A-R00002,False
31000281,11000002,J133128,A-R00002,False
31000282,11000002,J140135,A-R00002,False
31000283,11000002,J115216,A-R00002,False
31000284,11000002,J153311,A-R00002,False
31000285,11000002,J164756,A-R00002,False
31000286,11000002,J165216,A-R00002,False
31000287,11000002,J114914,A-R00002,False
31000288,11000002,J212504,A-R00002,False
31000289,11000002,J120256,A-R00002,False
31000290,11000002,J143421,A-R00002,False
31000291,11000002,J223026,A-R00002,False
31000292,11000002,J102918,A-R00002,False
31000293,11000003,J142136,A-R00003,False
31000294,11000003,J134540,A-R00003,False
31000295,11000003,J124451,A-R00003,False
31000296,11000003,J102749,A-R00003,False
31000297,11000003,J165741,A-R00003,False
31000298,11000003,J142119,A-R00003,False
31000299,11000003,J105642,A-R00003,False
31000300,11000003,J154354,A-R00003,False
31000301,11000003,J102005,A-R00003,False
31000302,11000003,J133052,A-R00003,False
31000303,11000003,J103341,A-R00003,False
31000304,11000003,J142114,A-R00003,False
31000305,11000003,J152353,A-R00003,False
31000306,11000003,J120431,A-R00003,False
31000307,11000003,J103547,A-R00003,False
31000308,11000003,J161107,A-R00003,False
31000309,11000003,J160334,A-R00003,False
31000310,11000003,J101845,A-R00003,False
31000311,11000003,J171805,A-R00003,False
31000312,11000003,J134610,A-R00003,False
31000313,11000003,J173842,A-R00003,False
31000314,11000003,J155203,A-R00003,False
31000315,11000003,J121935,A-R00003,False
31000316,11000003,J105013,A-R00003,False
31000317,11000003,J161846,A-R00003,False
31000318,11000003,J113632,A-R00003,False
31000319,11000003,J170106,A-R00003,False
31000320,11000003,J123828,A-R00003,False
31000321,11000003,J172147,A-R00003,False
31000322,11000003,J164759,A-R00003,False
31000323,11000003,J212957,A-R00003,False
31000324,11000003,J212338,A-R00003,False
31000325,11000003,J115823,A-R00003,False
31000326,11000003,J112744,A-R00003,False
31000327,11000003,J121941,A-R00003,False
31000328,11000003,J125650,A-R00003,False
31000329,11000003,J161344,A-R00003,False
31000330,11000003,J134833,A-R00003,False
31000331,11000003,J143517,A-R00003,False
31000332,11000003,J133245,A-R00003,False
31000333,11000003,J113918,A-R00003,False
31000334,11000003,J161644,A-R00003,False
31000335,11000003,J152257,A-R00003,False
31000336,11000003,J155833,A-R00003,False
31000337,11000003,J151332,A-R00003,False
31000338,11000003,J231306,A-R00003,False
31000339,11000003,J171312,A-R00003,False
31000340,11000003,J112406,A-R00003,False
31000341,11000003,J212904,A-R00003,False
31000342,11000003,J111811,A-R00003,False
31000343,11000003,J104201,A-R00003,False
31000344,11000003,J150216,A-R00003,False
31000345,11000003,J112934,A-R00003,False
31000346,11000003,J115808,A-R00003,False
31000347,11000003,J121915,A-R00003,False
31000348,11000003,J133259,A-R00003,False
31000349,11000003,J150325,A-R00003,False
31000350,11000003,J122224,A-R00003,False
31000351,11000003,J131702,A-R00003,False
31000352,11000003,J141807,A-R00003,False
31000353,11000003,J142327,A-R00003,False
31000354,11000003,J144822,A-R00003,False
31000355,11000004,J164417,B-R00004,False
31000356,11000004,J125227,B-R00004,False
31000357,11000004,J113057,B-R00004,False
31000358,11000004,J101524,B-R00004,False
31000359,11000004,J124508,B-R00004,False
31000360,11000004,J141156,B-R00004,False
31000361,11000004,J222822,B-R00004,False
31000362,11000004,J104253,B-R00004,False
31000363,11000004,J144153,B-R00004,False
31000364,11000004,J103406,B-R00004,False
31000365,11000004,J133210,B-R00004,False
31000366,11000004,J111740,B-R00004,False
31000367,11000004,J125956,B-R00004,False
31000368,11000004,J105951,B-R00004,False
31000369,11000004,J141857,B-R00004,False
31000370,11000004,J120726,B-R00004,False
31000371,11000004,J155737,B-R00004,False
31000372,11000004,J144605,B-R00004,False
31000373,11000004,J144218,B-R00004,False
31000374,11000004,J114835,B-R00004,False
31000375,11000004,J134006,B-R00004,False
31000376,11000004,J160941,B-R00004,False
31000377,11000004,J111557,B-R00004,False
31000378,11000004,J124219,B-R00004,False
31000379,11000004,J155620,B-R00004,False
31000380,11000004,J114346,B-R00004,False
31000381,11000004,J153532,B-R00004,False
31000382,11000004,J211936,B-R00004,False
31000383,11000004,J211036,B-R00004,False
31000384,11000004,J145805,B-R00004,False
31000385,11000004,J151548,B-R00004,False
31000386,11000004,J160412,B-R00004,False
31000387,11000004,J104008,B-R00004,False
31000388,11000004,J145715,B-R00004,False
31000389,11000004,J235321,B-R00004,False
31000390,11000004,J103339,B-R00004,False
31000391,11000004,J132009,B-R00004,False
31000392,11000004,J210548,B-R00004,False
31000393,11000004,J235408,B-R00004,False
31000394,11000004,J122821,B-R00004,False
31000395,11000004,J121925,B-R00004,False
31000396,11000004,J151047,B-R00004,False
31000397,11000004,J111011,B-R00004,False
31000398,11000004,J154212,B-R00004,False
31000399,11000004,J130256,B-R00004,False
31000400,11000004,J113230,B-R00004,False
31000401,11000004,J132557,B-R00004,False
31000402,11000004,J233534,B-R00004,False
31000403,11000004,J232801,B-R00004,False
31000404,11000004,J153627,B-R00004,False
31000405,11000004,J134800,B-R00004,False
31000406,11000004,J111508,B-R00004,False
31000407,11000004,J143639,B-R00004,False
31000408,11000004,J160753,B-R00004,False
31000409,11000004,J151231,B-R00004,False
31000410,11000004,J142547,B-R00004,False
31000411,11000004,J142306,B-R00004,False
31000412,11000004,J210422,B-R00004,False
31000413,11000004,J112137,B-R00004,False
31000414,11000004,J160715,B-R00004,False
31000415,11000004,J145931,B-R00004,False
31000416,11000004,J103217,B-R00004,False
31000417,11000004,J143505,B-R00004,False
31000418,11000004,J142533,B-R00004,False
31000419,11000004,J112146,B-R00004,False
31000420,11000004,J103839,B-R00004,False
31000421,11000004,J152433,B-R00004,False
31000422,11000004,J110408,B-R00004,False
31000423,11000004,J205546,B-R00004,False
31000424,11000004,J152801,B-R00004,False
31000425,11000004,J120308,B-R00004,False
31000426,11000004,J103948,B-R00004,False
31000427,11000004,J112820,B-R00004,False
31000428,11000004,J231837,B-R00004,False
31000429,11000004,J110043,B-R00004,False
31000430,11000004,J121454,B-R00004,False
31000431,11000004,J230959,B-R00004,False
31000432,11000004,J103408,B-R00004,False
31000433,11000004,J162720,B-R00004,False
31000434,11000004,J132418,B-R00004,False
31000435,11000004,J164235,B-R00004,False
31000436,11000004,J143429,B-R00004,False
31000437,11000004,J134654,B-R00004,False
31000438,11000004,J112801,B-R00004,False
31000439,11000004,J110656,B-R00004,False
31000440,11000004,J134951,B-R00004,False
31000441,11000004,J155307,B-R00004,False
31000442,11000004,J131204,B-R00004,False
31000443,11000004,J213737,B-R00004,False
31000444,11000004,J235117,B-R00004,False
31000445,11000004,J164938,B-R00004,False
31000446,11000004,J120310,B-R00004,False
31000447,11000004,J144838,B-R00004,False
31000448,11000004,J101307,B-R00004,False
31000449,11000004,J172354,B-R00004,False
31000450,11000004,J235447,B-R00004,False
31000451,11000004,J124023,B-R00004,False
31000452,11000004,J171424,B-R00004,False
31000453,11000004,J150921,B-R00004,False
31000454,11000004,J171518,B-R00004,False
31000455,11000004,J140012,B-R00004,False
31000456,11000004,J155616,B-R00004,False
31000457,11000004,J234557,B-R00004,False
31000458,11000004,J162700,B-R00004,False
31000459,11000005,J103716,B-R00005,False
31000460,11000005,J100640,B-R00005,False
31000461,11000005,J151250,B-R00005,False
31000462,11000005,J141332,B-R00005,False
31000463,11000005,J211915,B-R00005,False
31000464,11000005,J144546,B-R00005,False
31000465,11000005,J145759,B-R00005,False
31000466,11000005,J103422,B-R00005,False
31000467,11000005,J130222,B-R00005,False
31000468,11000005,J165357,B-R00005,False
31000469,11000005,J105321,B-R00005,False
31000470,11000005,J105803,B-R00005,False
31000471,11000005,J130209,B-R00005,False
31000472,11000005,J122832,B-R00005,False
31000473,11000005,J143359,B-R00005,False
31000474,11000005,J100447,B-R00005,False
31000475,11000005,J115651,B-R00005,False
31000476,11000005,J134323,B-R00005,False
31000477,11000005,J160014,B-R00005,False
31000478,11000005,J110823,B-R00005,False
31000479,11000005,J100246,B-R00005,False
31000480,11000005,J131221,B-R00005,False
31000481,11000005,J145155,B-R00005,False
31000482,11000005,J114405,B-R00005,False
31000483,11000005,J215537,B-R00005,False
31000484,11000005,J172551,B-R00005,False
31000485,11000005,J131107,B-R00005,False
31000486,11000005,J113108,B-R00005,False
31000487,11000005,J172556,B-R00005,False
31000488,11000005,J123450,B-R00005,False
31000489,11000005,J135809,B-R00005,False
31000490,11000005,J212319,B-R00005,False
31000491,11000005,J104210,B-R00005,False
31000492,11000005,J170038,B-R00005,False
31000493,11000005,J104115,B-R00005,False
31000494,11000005,J114758,B-R00005,False
31000495,11000005,J231517,B-R00005,False
31000496,11000005,J114055,B-R00005,False
31000497,11000005,J120619,B-R00005,False
31000498,11000005,J213058,B-R00005,False
31000499,11000005,J162430,B-R00005,False
31000500,11000005,J120928,B-R00005,False
31000501,11000005,J132918,B-R00005,False
31000502,11000005,J105203,B-R00005,False
31000503,11000005,J104328,B-R00005,False
31000504,11000005,J130854,B-R00005,False
31000505,11000005,J164130,B-R00005,False
31000506,11000005,J110316,B-R00005,False
31000507,11000005,J122331,B-R00005,False
31000508,11000005,J133419,B-R00005,False
31000509,11000005,J150137,B-R00005,False
31000510,11000005,J140112,B-R00005,False
31000511,11000005,J125721,B-R00005,False
31000512,11000005,J154515,B-R00005,False
31000513,11000005,J135703,B-R00005,False
31000514,11000005,J102347,B-R00005,False
31000515,11000005,J234942,B-R00005,False
31000516,11000005,J134618,B-R00005,False
31000517,11000005,J154858,B-R00005,False
31000518,11000005,J132052,B-R00005,False
31000519,11000005,J114046,B-R00005,False
31000520,11000005,J150859,B-R00005,False
31000521,11000005,J151615,B-R00005,False
31000522,11000005,J122246,B-R00005,False
31000523,11000005,J132559,B-R00005,False
31000524,11000005,J230207,B-R00005,False
31000525,11000005,J140308,B-R00005,False
31000526,11000005,J140642,B-R00005,False
31000527,11000005,J114306,B-R00005,False
31000528,11000005,J154606,B-R00005,False
31000529,11000005,J135910,B-R00005,False
31000530,11000005,J132024,B-R00005,False
31000531,11000005,J160311,B-R00005,False
31000532,11000005,J142239,B-R00005,False
31000533,11000005,J101149,B-R00005,False
31000534,11000005,J154538,B-R00005,False
31000535,11000005,J144426,B-R00005,False
31000536,11000005,J150341,B-R00005,False
31000537,11000005,J122124,B-R00005,False
31000538,11000005,J112614,B-R00005,False
31000539,11000005,J145316,B-R00005,False
31000540,11000005,J215736,B-R00005,False
31000541,11000005,J163138,B-R00005,False
31000542,11000005,J100033,B-R00005,False
31000543,11000005,J170552,B-R00005,False
31000544,11000005,J104820,B-R00005,False
31000545,11000005,J131240,B-R00005,False
31000546,11000005,J120442,B-R00005,False
31000547,11000005,J105000,B-R00005,False
31000548,11000005,J164507,B-R00005,False
31000549,11000005,J144956,B-R00005,False
31000550,11000005,J114712,B-R00005,False
31000551,11000005,J211908,B-R00005,False
31000552,11000005,J150700,B-R00005,False
31000553,11000005,J164931,B-R00005,False
31000554,11000005,J121412,B-R00005,False
31000555,11000005,J145211,B-R00005,False
31000556,11000005,J174449,B-R00005,False
31000557,11000005,J133015,B-R00005,False
31000558,11000005,J134534,B-R00005,False
31000559,11000005,J153229,B-R00005,False
31000560,11000005,J133557,B-R00005,False
31000561,11000006,J150807,B-R00006,False
31000562,11000006,J110413,B-R00006,False
31000563,11000006,J105352,B-R00006,False
31000564,11000006,J161246,B-R00006,False
31000565,11000006,J125927,B-R00006,False
31000566,11000006,J130650,B-R00006,False
31000567,11000006,J142826,B-R00006,False
31000568,11000006,J152737,B-R00006,False
31000569,11000006,J225316,B-R00006,False
31000570,11000006,J163146,B-R00006,False
31000571,11000006,J134107,B-R00006,False
31000572,11000006,J104850,B-R00006,False
31000573,11000006,J131124,B-R00006,False
31000574,11000006,J123435,B-R00006,False
31000575,11000006,J150853,B-R00006,False
31000576,11000006,J170558,B-R00006,False
31000577,11000006,J214238,B-R00006,False
31000578,11000006,J110538,B-R00006,False
31000579,11000006,J143336,B-R00006,False
31000580,11000006,J232044,B-R00006,False
31000581,11000006,J145225,B-R00006,False
31000582,11000006,J231210,B-R00006,False
31000583,11000006,J223853,B-R00006,False
31000584,11000006,J234542,B-R00006,False
31000585,11000006,J115911,B-R00006,False
31000586,11000006,J135155,B-R00006,False
31000587,11000006,J152825,B-R00006,False
31000588,11000006,J115334,B-R00006,False
31000589,11000006,J114749,B-R00006,False
31000590,11000006,J134730,B-R00006,False
31000591,11000006,J105544,B-R00006,False
31000592,11000006,J233129,B-R00006,False
31000593,11000006,J114528,B-R00006,False
31000594,11000006,J103351,B-R00006,False
31000595,11000006,J152322,B-R00006,False
31000596,11000006,J132617,B-R00006,False
31000597,11000006,J104517,B-R00006,False
31000598,11000006,J132401,B-R00006,False
31000599,11000006,J142918,B-R00006,False
31000600,11000006,J163902,B-R00006,False
31000601,11000006,J214843,B-R00006,False
31000602,11000006,J173322,B-R00006,False
31000603,11000006,J120252,B-R00006,False
31000604,11000006,J232305,B-R00006,False
31000605,11000006,J123907,B-R00006,False
31000606,11000006,J144057,B-R00006,False
31000607,11000006,J223320,B-R00006,False
31000608,11000006,J153247,B-R00006,False
31000609,11000006,J204623,B-R00006,False
31000610,11000006,J223348,B-R00006,False
31000611,11000006,J115734,B-R00006,False
31000612,11000006,J154735,B-R00006,False
31000613,11000006,J115314,B-R00006,False
31000614,11000006,J164816,B-R00006,False
31000615,11000006,J132712,B-R00006,False
31000616,11000006,J124530,B-R00006,False
31000617,11000006,J134949,B-R00006,False
31000618,11000006,J132458,B-R00006,False
31000619,11000006,J160927,B-R00006,False
31000620,11000006,J150836,B-R00006,False
31000621,11000006,J102222,B-R00006,False
31000622,11000006,J103144,B-R00006,False
31000623,11000006,J135629,B-R00006,False
31000624,11000006,J115530,B-R00006,False
31000625,11000006,J133111,B-R00006,False
31000626,11000006,J150904,B-R00006,False
31000627,11000006,J111846,B-R00006,False
31000628,11000006,J152950,B-R00006,False
31000629,11000006,J120704,B-R00006,False
31000630,11000006,J104718,B-R00006,False
31000631,11000006,J131808,B-R00006,False
31000632,11000006,J231644,B-R00006,False
31000633,11000006,J232147,B-R00006,False
31000634,11000006,J132048,B-R00006,False
31000635,11000006,J172350,B-R00006,False
31000636,11000006,J145619,B-R00006,False
31000637,11000006,J163446,B-R00006,False
31000638,11000006,J140816,B-R00006,False
31000639,11000006,J141015,B-R00006,False
31000640,11000006,J101346,B-R00006,False
31000641,11000006,J212238,B-R00006,False
31000642,11000006,J235852,B-R00006,False
31000643,11000006,J134349,B-R00006,False
31000644,11000006,J204221,B-R00006,False
31000645,11000006,J110910,B-R00006,False
31000646,11000006,J131753,B-R00006,False
31000647,11000006,J113221,B-R00006,False
31000648,11000006,J152941,B-R00006,False
31000649,11000006,J144727,B-R00006,False
31000650,11000006,J143320,B-R00006,False
31000651,11000006,J155551,B-R00006,False
31000652,11000006,J162516,B-R00006,False
31000653,11000006,J135827,B-R00006,False
31000654,11000006,J131706,B-R00006,False
31000655,11000006,J214854,B-R00006,False
31000656,11000006,J150109,B-R00006,False
31000657,11000006,J103512,B-R00006,False
31000658,11000006,J121658,B-R00006,False
31000659,11000006,J143706,B-R00006,False
31000660,11000006,J235924,B-R00006,False
31000661,11000006,J103854,B-R00006,False
31000662,11000006,J214725,B-R00006,False
31000663,11000006,J101415,B-R00006,False
31000664,11000006,J122837,B-R00006,False
31000665,11000006,J125727,B-R00006,False
31000666,11000006,J142847,B-R00006,False
31000667,11000006,J155035,B-R00006,False
31000668,11000006,J102504,B-R00006,False
31000669,11000006,J160305,B-R00006,False
31000670,11000006,J151503,B-R00006,False
31000671,11000006,J142838,B-R00006,False
31000672,11000006,J131034,B-R00006,False
31000673,11000006,J214901,B-R00006,False
31000674,11000006,J113323,B-R00006,False
31000675,11000006,J112956,B-R00006,False
31000676,11000006,J104802,B-R00006,False
31000677,11000006,J100808,B-R00006,False
31000678,11000006,J100509,B-R00006,False
31000679,11000006,J142055,B-R00006,False
31000680,11000006,J135141,B-R00006,False
31000681,11000006,J151902,B-R00006,False
31000682,11000006,J235759,B-R00006,False
31000683,11000006,J164613,B-R00006,False
31000684,11000006,J225805,B-R00006,False
31000685,11000006,J112916,B-R00006,False
31000686,11000006,J115347,B-R00006,False
31000687,11000006,J224217,B-R00006,False
31000688,11000006,J110555,B-R00006,False
31000689,11000006,J143455,B-R00006,False
31000690,11000006,J111141,B-R00006,False
31000691,11000006,J104606,B-R00006,False
31000692,11000006,J222830,B-R00006,False
31000693,11000006,J123249,B-R00006,False
31000694,11000006,J115310,B-R00006,False
31000695,11000006,J143702,B-R00006,False
31000696,11000006,J223538,B-R00006,False
31000697,11000006,J131618,B-R00006,False
31000698,11000006,J215944,B-R00006,False
31000699,11000006,J121952,B-R00006,False
31000700,11000006,J121928,B-R00006,False
31000701,11000006,J105439,B-R00006,False
31000702,11000007,J150627,B-R00007,False
31000703,11000007,J121745,B-R00007,False
31000704,11000007,J141438,B-R00007,False
31000705,11000007,J214929,B-R00007,False
31000706,11000007,J130709,B-R00007,False
31000707,11000007,J103924,B-R00007,False
31000708,11000007,J211000,B-R00007,False
31000709,11000007,J123555,B-R00007,False
31000710,11000007,J151125,B-R00007,False
31000711,11000007,J123412,B-R00007,False
31000712,11000007,J112309,B-R00007,False
31000713,11000007,J123850,B-R00007,False
31000714,11000007,J163923,B-R00007,False
31000715,11000007,J143546,B-R00007,False
31000716,11000007,J130832,B-R00007,False
31000717,11000007,J221337,B-R00007,False
31000718,11000007,J113449,B-R00007,False
31000719,11000007,J212607,B-R00007,False
31000720,11000007,J165157,B-R00007,False
31000721,11000007,J142937,B-R00007,False
31000722,11000007,J120455,B-R00007,False
31000723,11000007,J122638,B-R00007,False
31000724,11000007,J161411,B-R00007,False
31000725,11000007,J124028,B-R00007,False
31000726,11000007,J134735,B-R00007,False
31000727,11000007,J142845,B-R00007,False
31000728,11000007,J140750,B-R00007,False
31000729,11000007,J104515,B-R00007,False
31000730,11000007,J113039,B-R00007,False
31000731,11000007,J111159,B-R00007,False
31000732,11000007,J105342,B-R00007,False
31000733,11000007,J121728,B-R00007,False
31000734,11000007,J115700,B-R00007,False
31000735,11000007,J143234,B-R00007,False
31000736,11000007,J122524,B-R00007,False
31000737,11000007,J124007,B-R00007,False
31000738,11000007,J150533,B-R00007,False
31000739,11000007,J143933,B-R00007,False
31000740,11000007,J225128,B-R00007,False
31000741,11000007,J133632,B-R00007,False
31000742,11000007,J131744,B-R00007,False
31000743,11000007,J125923,B-R00007,False
31000744,11000007,J161138,B-R00007,False
31000745,11000007,J125824,B-R00007,False
31000746,11000007,J223511,B-R00007,False
31000747,11000007,J134401,B-R00007,False
31000748,11000007,J214739,B-R00007,False
31000749,11000007,J104321,B-R00007,False
31000750,11000007,J115327,B-R00007,False
31000751,11000007,J154937,B-R00007,False
31000752,11000008,J112505,B-R00008,False
31000753,11000008,J102739,B-R00008,False
31000754,11000008,J171309,B-R00008,False
31000755,11000008,J133417,B-R00008,False
31000756,11000008,J124749,B-R00008,False
31000757,11000008,J122137,B-R00008,False
31000758,11000008,J140353,B-R00008,False
31000759,11000008,J104029,B-R00008,False
31000760,11000008,J151348,B-R00008,False
31000761,11000008,J163522,B-R00008,False
31000762,11000008,J131315,B-R00008,False
31000763,11000008,J114008,B-R00008,False
31000764,11000008,J233839,B-R00008,False
31000765,11000008,J112558,B-R00008,False
31000766,11000008,J114308,B-R00008,False
31000767,11000008,J130125,B-R00008,False
31000768,11000008,J173213,B-R00008,False
31000769,11000008,J160126,B-R00008,False
31000770,11000008,J154813,B-R00008,False
31000771,11000008,J215151,B-R00008,False
31000772,11000008,J144739,B-R00008,False
31000773,11000008,J102602,B-R00008,False
31000774,11000008,J120924,B-R00008,False
31000775,11000008,J212906,B-R00008,False
31000776,11000008,J101719,B-R00008,False
31000777,11000008,J101824,B-R00008,False
31000778,11000008,J153003,B-R00008,False
31000779,11000008,J105123,B-R00008,False
31000780,11000008,J122635,B-R00008,False
31000781,11000008,J152624,B-R00008,False
31000782,11000008,J224145,B-R00008,False
31000783,11000008,J163318,B-R00008,False
31000784,11000008,J144004,B-R00008,False
31000785,11000008,J122931,B-R00008,False
31000786,11000008,J173245,B-R00008,False
31000787,11000008,J145246,B-R00008,False
31000788,11000008,J124526,B-R00008,False
31000789,11000008,J165648,B-R00008,False
31000790,11000008,J134405,B-R00008,False
31000791,11000008,J213111,B-R00008,False
31000792,11000008,J135422,B-R00008,False
31000793,11000008,J153030,B-R00008,False
31000794,11000008,J120634,B-R00008,False
31000795,11000008,J102209,B-R00008,False
31000796,11000008,J123540,B-R00008,False
31000797,11000008,J112715,B-R00008,False
31000798,11000008,J162159,B-R00008,False
31000799,11000008,J122118,B-R00008,False
31000800,11000008,J105244,B-R00008,False
31000801,11000008,J123958,B-R00008,False
31000802,11000008,J223552,B-R00008,False
31000803,11000008,J232359,B-R00008,False
31000804,11000008,J171539,B-R00008,False
31000805,11000008,J100102,B-R00008,False
31000806,11000008,J154249,B-R00008,False
31000807,11000008,J105311,B-R00008,False
31000808,11000008,J210536,B-R00008,False
31000809,11000008,J151248,B-R00008,False
31000810,11000008,J131852,B-R00008,False
31000811,11000008,J141611,B-R00008,False
31000812,11000008,J113723,B-R00008,False
31000813,11000008,J121323,B-R00008,False
31000814,11000008,J144422,B-R00008,False
31000815,11000008,J140722,B-R00008,False
31000816,11000008,J141637,B-R00008,False
31000817,11000008,J112617,B-R00008,False
31000818,11000008,J150754,B-R00008,False
31000819,11000008,J102946,B-R00008,False
31000820,11000008,J115234,B-R00008,False
31000821,11000008,J145145,B-R00008,False
31000822,11000008,J145426,B-R00008,False
31000823,11000008,J122732,B-R00008,False
31000824,11000008,J144203,B-R00008,False
31000825,11000008,J140843,B-R00008,False
31000826,11000008,J155631,B-R00008,False
31000827,11000008,J235525,B-R00008,False
31000828,11000008,J121749,B-R00008,False
31000829,11000008,J162518,B-R00008,False
31000830,11000008,J132012,B-R00008,False
31000831,11000008,J102038,B-R00008,False
31000832,11000008,J150234,B-R00008,False
31000833,11000008,J112520,B-R00008,False
31000834,11000008,J165412,B-R00008,False
31000835,11000008,J151102,B-R00008,False
31000836,11000008,J133049,B-R00008,False
31000837,11000008,J161628,B-R00008,False
31000838,11000008,J134306,B-R00008,False
31000839,11000008,J131842,B-R00008,False
31000840,11000008,J232329,B-R00008,False
31000841,11000008,J164921,B-R00008,False
31000842,11000008,J203814,B-R00008,False
31000843,11000008,J151311,B-R00008,False
31000844,11000008,J101650,B-R00008,False
31000845,11000008,J165006,B-R00008,False
31000846,11000008,J103533,B-R00008,False
31000847,11000008,J101441,B-R00008,False
31000848,11000008,J124253,B-R00008,False
31000849,11000008,J232200,B-R00008,False
31000850,11000008,J144326,B-R00008,False
31000851,11000008,J124449,B-R00008,False
31000852,11000008,J100642,B-R00008,False
31000853,11000008,J133150,B-R00008,False
31000854,11000008,J164126,B-R00008,False
31000855,11000008,J171142,B-R00008,False
31000856,11000008,J145634,B-R00008,False
31000857,11000008,J151431,B-R00008,False
31000858,11000008,J233555,B-R00008,False
31000859,11000008,J100651,B-R00008,False
31000860,11000008,J132103,B-R00008,False
31000861,11000008,J121720,B-R00008,False
31000862,11000008,J210355,B-R00008,False
31000863,11000008,J125029,B-R00008,False
31000864,11000008,J103619,B-R00008,False
31000865,11000008,J165014,B-R00008,False
31000866,11000008,J124611,B-R00008,False
31000867,11000008,J150418,B-R00008,False
31000868,11000008,J145440,B-R00008,False
31000869,11000008,J113223,B-R00008,False
31000870,11000008,J234915,B-R00008,False
31000871,11000008,J162042,B-R00008,False
31000872,11000008,J112019,B-R00008,False
31000873,11000008,J162332,B-R00008,False
31000874,11000008,J125350,B-R00008,False
31000875,11000008,J101710,B-R00008,False
31000876,11000008,J223029,B-R00008,False
31000877,11000008,J234810,B-R00008,False
31000878,11000008,J135230,B-R00008,False
31000879,11000008,J111038,B-R00008,False
31000880,11000009,J160650,C-R00009,False
31000881,11000009,J114342,C-R00009,False
31000882,11000009,J152031,C-R00009,False
31000883,11000009,J113629,C-R00009,False
31000884,11000009,J220301,C-R00009,False
31000885,11000009,J102057,C-R00009,False
31000886,11000009,J124753,C-R00009,False
31000887,11000009,J114225,C-R00009,False
31000888,11000009,J105002,C-R00009,False
31000889,11000009,J111218,C-R00009,False
31000890,11000009,J111634,C-R00009,False
31000891,11000009,J105007,C-R00009,False
31000892,11000009,J205027,C-R00009,False
31000893,11000009,J111355,C-R00009,False
31000894,11000009,J101012,C-R00009,False
31000895,11000009,J161338,C-R00009,False
31000896,11000009,J170002,C-R00009,False
31000897,11000009,J104654,C-R00009,False
31000898,11000009,J124329,C-R00009,False
31000899,11000009,J114648,C-R00009,False
31000900,11000009,J131228,C-R00009,False
31000901,11000009,J110448,C-R00009,False
31000902,11000009,J144621,C-R00009,False
31000903,11000009,J153104,C-R00009,False
31000904,11000009,J100932,C-R00009,False
31000905,11000009,J114048,C-R00009,False
31000906,11000009,J115706,C-R00009,False
31000907,11000009,J123230,C-R00009,False
31000908,11000009,J152218,C-R00009,False
31000909,11000009,J123303,C-R00009,False
31000910,11000009,J102856,C-R00009,False
31000911,11000009,J151900,C-R00009,False
31000912,11000009,J124646,C-R00009,False
31000913,11000009,J153528,C-R00009,False
31000914,11000009,J112850,C-R00009,False
31000915,11000009,J102257,C-R00009,False
31000916,11000009,J142414,C-R00009,False
31000917,11000009,J165803,C-R00009,False
31000918,11000009,J115918,C-R00009,False
31000919,11000009,J222104,C-R00009,False
31000920,11000009,J124203,C-R00009,False
31000921,11000009,J112608,C-R00009,False
31000922,11000009,J161657,C-R00009,False
31000923,11000009,J111805,C-R00009,False
31000924,11000009,J113451,C-R00009,False
31000925,11000009,J141007,C-R00009,False
31000926,11000009,J164034,C-R00009,False
31000927,11000009,J101750,C-R00009,False
31000928,11000009,J165001,C-R00009,False
31000929,11000009,J111619,C-R00009,False
31000930,11000009,J140521,C-R00009,False
31000931,11000009,J140752,C-R00009,False
31000932,11000009,J143447,C-R00009,False
31000933,11000009,J142018,C-R00009,False
31000934,11000009,J105102,C-R00009,False
31000935,11000009,J124630,C-R00009,False
31000936,11000010,J165302,C-R00010,False
31000937,11000010,J143916,C-R00010,False
31000938,11000010,J221414,C-R00010,False
31000939,11000010,J153903,C-R00010,False
31000940,11000010,J103955,C-R00010,False
31000941,11000010,J210952,C-R00010,False
31000942,11000010,J134102,C-R00010,False
31000943,11000010,J140050,C-R00010,False
31000944,11000010,J131757,C-R00010,False
31000945,11000010,J140341,C-R00010,False
31000946,11000010,J111856,C-R00010,False
31000947,11000010,J102407,C-R00010,False
31000948,11000010,J151341,C-R00010,False
31000949,11000010,J110706,C-R00010,False
31000950,11000010,J133651,C-R00010,False
31000951,11000010,J123452,C-R00010,False
31000952,11000010,J102143,C-R00010,False
31000953,11000010,J220832,C-R00010,False
31000954,11000010,J160847,C-R00010,False
31000955,11000010,J125949,C-R00010,False
31000956,11000010,J164250,C-R00010,False
31000957,11000010,J212329,C-R00010,False
31000958,11000010,J112905,C-R00010,False
31000959,11000010,J144447,C-R00010,False
31000960,11000010,J113530,C-R00010,False
31000961,11000010,J103604,C-R00010,False
31000962,11000010,J142038,C-R00010,False
31000963,11000010,J130403,C-R00010,False
31000964,11000010,J132525,C-R00010,False
31000965,11000010,J103653,C-R00010,False
31000966,11000010,J154642,C-R00010,False
31000967,11000010,J163526,C-R00010,False
31000968,11000010,J212713,C-R00010,False
31000969,11000010,J132635,C-R00010,False
31000970,11000010,J114330,C-R00010,False
31000971,11000010,J224926,C-R00010,False
31000972,11000010,J113619,C-R00010,False
31000973,11000010,J214654,C-R00010,False
31000974,11000010,J151429,C-R00010,False
31000975,11000010,J111214,C-R00010,False
31000976,11000010,J113420,C-R00010,False
31000977,11000010,J135526,C-R00010,False
31000978,11000010,J164116,C-R00010,False
31000979,11000010,J214227,C-R00010,False
31000980,11000010,J164342,C-R00010,False
31000981,11000010,J151538,C-R00010,False
31000982,11000010,J125938,C-R00010,False
31000983,11000010,J165806,C-R00010,False
31000984,11000010,J122803,C-R00010,False
31000985,11000010,J113243,C-R00010,False
31000986,11000010,J134022,C-R00010,False
31000987,11000011,J152143,C-R00011,False
31000988,11000011,J170717,C-R00011,False
31000989,11000011,J121452,C-R00011,False
31000990,11000011,J124126,C-R00011,False
31000991,11000011,J173230,C-R00011,False
31000992,11000011,J164457,C-R00011,False
31000993,11000011,J112944,C-R00011,False
31000994,11000011,J115253,C-R00011,False
31000995,11000011,J100118,C-R00011,False
31000996,11000011,J100620,C-R00011,False
31000997,11000011,J145916,C-R00011,False
31000998,11000011,J223207,C-R00011,False
31000999,11000011,J144646,C-R00011,False
31001000,11000011,J142520,C-R00011,False
31001001,11000011,J230226,C-R00011,False
31001002,11000011,J150704,C-R00011,False
31001003,11000011,J225524,C-R00011,False
31001004,11000011,J133234,C-R00011,False
31001005,11000011,J125833,C-R00011,False
31001006,11000011,J104459,C-R00011,False
31001007,11000011,J164713,C-R00011,False
31001008,11000011,J135355,C-R00011,False
31001009,11000011,J220838,C-R00011,False
31001010,11000011,J225949,C-R00011,False
31001011,11000011,J130535,C-R00011,False
31001012,11000011,J111255,C-R00011,False
31001013,11000011,J121628,C-R00011,False
31001014,11000011,J221117,C-R00011,False
31001015,11000011,J115015,C-R00011,False
31001016,11000011,J172751,C-R00011,False
31001017,11000011,J134301,C-R00011,False
31001018,11000011,J104351,C-R00011,False
31001019,11000011,J144408,C-R00011,False
31001020,11000011,J220950,C-R00011,False
31001021,11000011,J165815,C-R00011,False
31001022,11000011,J120452,C-R00011,False
31001023,11000011,J142026,C-R00011,False
31001024,11000011,J111031,C-R00011,False
31001025,11000011,J130116,C-R00011,False
31001026,11000011,J111309,C-R00011,False
31001027,11000011,J122213,C-R00011,False
31001028,11000011,J170740,C-R00011,False
31001029,11000011,J113543,C-R00011,False
31001030,11000011,J170817,C-R00011,False
31001031,11000011,J123405,C-R00011,False
31001032,11000011,J125741,C-R00011,False
31001033,11000011,J114627,C-R00011,False
31001034,11000011,J155117,C-R00011,False
31001035,11000011,J165118,C-R00011,False
31001036,11000011,J141004,C-R00011,False
31001037,11000011,J174317,C-R00011,False
31001038,11000011,J145040,C-R00011,False
31001039,11000011,J171549,C-R00011,False
31001040,11000011,J100009,C-R00011,False
31001041,11000011,J124257,C-R00011,False
31001042,11000011,J154530,C-R00011,False
31001043,11000011,J152636,C-R00011,False
31001044,11000011,J100728,C-R00011,False
31001045,11000011,J115504,C-R00011,False
31001046,11000011,J104905,C-R00011,False
31001047,11000011,J125149,C-R00011,False
31001048,11000011,J172743,C-R00011,False
31001049,11000011,J111421,C-R00011,False
31001050,11000011,J152146,C-R00011,False
31001051,11000011,J111603,C-R00011,False
31001052,11000011,J114127,C-R00011,False
31001053,11000011,J113923,C-R00011,False
31001054,11000011,J123837,C-R00011,False
31001055,11000011,J125049,C-R00011,False
31001056,11000011,J161455,C-R00011,False
31001057,11000011,J124715,C-R00011,False
31001058,11000011,J124813,C-R00011,False
31001059,11000011,J120945,C-R00011,False
31001060,11000011,J155541,C-R00011,False
31001061,11000011,J105017,C-R00011,False
31001062,11000011,J154900,C-R00011,False
31001063,11000011,J164951,C-R00011,False
31001064,11000011,J162459,C-R00011,False
31001065,11000011,J141832,C-R00011,False
31001066,11000011,J115136,C-R00011,False
31001067,11000011,J112854,C-R00011,False
31001068,11000011,J222222,C-R00011,False
31001069,11000011,J124654,C-R00011,False
31001070,11000011,J132750,C-R00011,False
31001071,11000011,J170511,C-R00011,False
31001072,11000011,J155852,C-R00011,False
31001073,11000012,J121856,C-R00012,False
31001074,11000012,J131025,C-R00012,False
31001075,11000012,J122854,C-R00012,False
31001076,11000012,J132222,C-R00012,False
31001077,11000012,J203753,C-R00012,False
31001078,11000012,J130835,C-R00012,False
31001079,11000012,J134123,C-R00012,False
31001080,11000012,J133857,C-R00012,False
31001081,11000012,J171813,C-R00012,False
31001082,11000012,J143513,C-R00012,False
31001083,11000012,J112656,C-R00012,False
31001084,11000012,J154357,C-R00012,False
31001085,11000012,J154145,C-R00012,False
31001086,11000012,J100129,C-R00012,False
31001087,11000012,J155124,C-R00012,False
31001088,11000012,J133207,C-R00012,False
31001089,11000012,J124830,C-R00012,False
31001090,11000012,J144725,C-R00012,False
31001091,11000012,J170409,C-R00012,False
31001092,11000012,J103326,C-R00012,False
31001093,11000012,J160739,C-R00012,False
31001094,11000012,J133041,C-R00012,False
31001095,11000012,J205412,C-R00012,False
31001096,11000012,J145851,C-R00012,False
31001097,11000012,J132737,C-R00012,False
31001098,11000012,J130247,C-R00012,False
31001099,11000012,J151405,C-R00012,False
31001100,11000012,J131802,C-R00012,False
31001101,11000012,J221515,C-R00012,False
31001102,11000012,J142951,C-R00012,False
31001103,11000012,J101736,C-R00012,False
31001104,11000012,J233739,C-R00012,False
31001105,11000012,J221447,C-R00012,False
31001106,11000012,J145645,C-R00012,False
31001107,11000012,J153051,C-R00012,False
31001108,11000012,J141451,C-R00012,False
31001109,11000012,J131859,C-R00012,False
31001110,11000012,J144553,C-R00012,False
31001111,11000012,J145615,C-R00012,False
31001112,11000012,J223109,C-R00012,False
31001113,11000012,J132721,C-R00012,False
31001114,11000012,J103353,C-R00012,False
31001115,11000012,J173223,C-R00012,False
31001116,11000012,J104837,C-R00012,False
31001117,11000012,J163745,C-R00012,False
31001118,11000012,J101500,C-R00012,False
31001119,11000012,J224826,C-R00012,False
31001120,11000012,J230905,C-R00012,False
31001121,11000012,J110924,C-R00012,False
31001122,11000012,J122220,C-R00012,False
31001123,11000012,J165153,C-R00012,False
31001124,11000012,J204030,C-R00012,False
31001125,11000012,J134136,C-R00012,False
31001126,11000012,J113334,C-R00012,False
31001127,11000012,J125403,C-R00012,False
31001128,11000012,J162437,C-R00012,False
31001129,11000012,J235630,C-R00012,False
31001130,11000012,J105409,C-R00012,False
31001131,11000012,J163529,C-R00012,False
31001132,11000012,J152931,C-R00012,False
31001133,11000012,J131559,C-R00012,False
31001134,11000012,J143918,C-R00012,False
31001135,11000012,J104643,C-R00012,False
31001136,11000012,J212304,C-R00012,False
31001137,11000012,J154634,C-R00012,False
31001138,11000012,J172052,C-R00012,False
31001139,11000012,J135036,C-R00012,False
31001140,11000012,J134431,C-R00012,False
31001141,11000012,J121105,C-R00012,False
31001142,11000012,J120357,C-R00012,False
31001143,11000012,J101854,C-R00012,False
31001144,11000012,J232826,C-R00012,False
31001145,11000012,J154934,C-R00012,False
31001146,11000012,J170132,C-R00012,False
31001147,11000012,J114916,C-R00012,False
31001148,11000012,J142400,C-R00012,False
31001149,11000012,J115502,C-R00012,False
31001150,11000012,J121300,C-R00012,False
31001151,11000012,J223658,C-R00012,False
31001152,11000012,J124327,C-R00012,False
31001153,11000012,J220438,C-R00012,False
31001154,11000012,J144636,C-R00012,False
31001155,11000012,J113347,C-R00012,False
31001156,11000012,J150737,C-R00012,False
31001157,11000012,J152044,C-R00012,False
31001158,11000012,J142443,C-R00012,False
31001159,11000012,J164104,C-R00012,False
31001160,11000012,J155008,C-R00012,False
31001161,11000012,J114358,C-R00012,False
31001162,11000012,J122259,C-R00012,False
31001163,11000012,J125243,C-R00012,False
31001164,11000012,J114508,C-R00012,False
31001165,11000012,J125216,C-R00012,False
31001166,11000012,J113143,C-R00012,False
31001167,11000012,J101612,C-R00012,False
31001168,11000012,J101354,C-R00012,False
31001169,11000012,J100156,C-R00012,False
31001170,11000012,J110425,C-R00012,False
31001171,11000012,J133121,C-R00012,False
31001172,11000012,J165936,C-R00012,False
31001173,11000012,J213411,C-R00012,False
31001174,11000012,J231545,C-R00012,False
31001175,11000012,J121603,C-R00012,False
31001176,11000012,J222120,C-R00012,False
31001177,11000012,J231240,C-R00012,False
31001178,11000013,J164338,C-R00013,False
31001179,11000013,J142603,C-R00013,False
31001180,11000013,J212812,C-R00013,False
31001181,11000013,J164501,C-R00013,False
31001182,11000013,J144751,C-R00013,False
31001183,11000013,J214744,C-R00013,False
31001184,11000013,J135304,C-R00013,False
31001185,11000013,J223601,C-R00013,False
31001186,11000013,J103529,C-R00013,False
31001187,11000013,J161051,C-R00013,False
31001188,11000013,J224352,C-R00013,False
31001189,11000013,J113048,C-R00013,False
31001190,11000013,J140322,C-R00013,False
31001191,11000013,J152741,C-R00013,False
31001192,11000013,J222732,C-R00013,False
31001193,11000013,J171542,C-R00013,False
31001194,11000013,J205136,C-R00013,False
31001195,11000013,J121706,C-R00013,False
31001196,11000013,J143110,C-R00013,False
31001197,11000013,J110121,C-R00013,False
31001198,11000013,J104626,C-R00013,False
31001199,11000013,J212159,C-R00013,False
31001200,11000013,J151733,C-R00013,False
31001201,11000013,J103032,C-R00013,False
31001202,11000013,J150048,C-R00013,False
31001203,11000013,J113432,C-R00013,False
31001204,11000013,J134629,C-R00013,False
31001205,11000013,J113339,C-R00013,False
31001206,11000013,J122041,C-R00013,False
31001207,11000013,J130719,C-R00013,False
31001208,11000013,J204039,C-R00013,False
31001209,11000013,J101048,C-R00013,False
31001210,11000013,J114119,C-R00013,False
31001211,11000013,J110411,C-R00013,False
31001212,11000013,J104903,C-R00013,False
31001213,11000013,J151433,C-R00013,False
31001214,11000013,J143040,C-R00013,False
31001215,11000013,J133521,C-R00013,False
31001216,11000013,J163911,C-R00013,False
31001217,11000013,J204842,C-R00013,False
31001218,11000013,J135214,C-R00013,False
31001219,11000013,J131716,C-R00013,False
31001220,11000013,J225350,C-R00013,False
31001221,11000014,J105447,C-R00014,False
31001222,11000014,J144103,C-R00014,False
31001223,11000014,J165847,C-R00014,False
31001224,11000014,J121921,C-R00014,False
31001225,11000014,J212025,C-R00014,False
31001226,11000014,J145717,C-R00014,False
31001227,11000014,J113705,C-R00014,False
31001228,11000014,J132037,C-R00014,False
31001229,11000014,J224401,C-R00014,False
31001230,11000014,J152544,C-R00014,False
31001231,11000014,J114506,C-R00014,False
31001232,11000014,J231245,C-R00014,False
31001233,11000014,J151804,C-R00014,False
31001234,11000014,J105033,C-R00014,False
31001235,11000014,J214600,C-R00014,False
31001236,11000014,J152333,C-R00014,False
31001237,11000014,J131245,C-R00014,False
31001238,11000014,J151045,C-R00014,False
31001239,11000014,J160822,C-R00014,False
31001240,11000014,J125944,C-R00014,False
31001241,11000014,J173330,C-R00014,False
31001242,11000014,J115512,C-R00014,False
31001243,11000014,J161854,C-R00014,False
31001244,11000014,J122442,C-R00014,False
31001245,11000014,J114010,C-R00014,False
31001246,11000014,J153546,C-R00014,False
31001247,11000014,J141046,C-R00014,False
31001248,11000014,J160111,C-R00014,False
31001249,11000014,J101243,C-R00014,False
31001250,11000014,J214009,C-R00014,False
31001251,11000014,J152757,C-R00014,False
31001252,11000014,J164729,C-R00014,False
31001253,11000014,J171420,C-R00014,False
31001254,11000014,J232441,C-R00014,False
31001255,11000014,J131656,C-R00014,False
31001256,11000014,J135406,C-R00014,False
31001257,11000014,J230708,C-R00014,False
31001258,11000014,J120124,C-R00014,False
31001259,11000014,J132746,C-R00014,False
31001260,11000014,J212207,C-R00014,False
31001261,11000014,J104416,C-R00014,False
31001262,11000014,J104841,C-R00014,False
31001263,11000014,J172701,C-R00014,False
31001264,11000014,J104835,C-R00014,False
31001265,11000014,J113647,C-R00014,False
31001266,11000014,J144316,C-R00014,False
31001267,11000014,J114612,C-R00014,False
31001268,11000014,J130759,C-R00014,False
31001269,11000014,J164751,C-R00014,False
31001270,11000014,J131324,C-R00014,False
31001271,11000014,J230722,C-R00014,False
31001272,11000014,J134118,C-R00014,False
31001273,11000014,J164223,C-R00014,False
31001274,11000014,J154449,C-R00014,False
31001275,11000014,J172815,C-R00014,False
31001276,11000014,J151242,C-R00014,False
31001277,11000014,J213423,C-R00014,False
31001278,11000014,J145555,C-R00014,False
31001279,11000014,J101323,C-R00014,False
31001280,11000014,J112954,C-R00014,False
31001281,11000014,J133951,C-R00014,False
31001282,11000014,J150444,C-R00014,False
31001283,11000014,J153858,C-R00014,False
31001284,11000014,J172422,C-R00014,False
31001285,11000014,J155545,C-R00014,False
31001286,11000014,J161441,C-R00014,False
31001287,11000014,J125449,C-R00014,False
31001288,11000014,J210445,C-R00014,False
31001289,11000014,J123443,C-R00014,False
31001290,11000014,J121422,C-R00014,False
31001291,11000014,J155403,C-R00014,False
31001292,11000014,J103724,C-R00014,False
31001293,11000014,J112948,C-R00014,False
31001294,11000014,J235330,C-R00014,False
31001295,11000014,J121507,C-R00014,False
31001296,11000014,J235712,C-R00014,False
31001297,11000014,J125016,C-R00014,False
31001298,11000014,J151516,C-R00014,False
31001299,11000014,J132226,C-R00014,False
31001300,11000014,J170656,C-R00014,False
31001301,11000014,J155722,C-R00014,False
31001302,11000014,J150135,C-R00014,False
31001303,11000014,J151645,C-R00014,False
31001304,11000014,J211151,C-R00014,False
31001305,11000014,J213109,C-R00014,False
31001306,11000014,J233628,C-R00014,False
31001307,11000014,J102433,C-R00014,False
31001308,11000014,J111823,C-R00014,False
31001309,11000014,J211805,C-R00014,False
31001310,11000014,J172028,C-R00014,False
31001311,11000014,J101833,C-R00014,False
31001312,11000014,J104815,C-R00014,False
31001313,11000014,J124635,C-R00014,False
31001314,11000014,J110738,C-R00014,False
31001315,11000014,J170550,C-R00014,False
31001316,11000014,J143704,C-R00014,False
31001317,11000015,J143614,C-R00015,False
31001318,11000015,J170236,C-R00015,False
31001319,11000015,J153034,C-R00015,False
31001320,11000015,J220338,C-R00015,False
31001321,11000015,J171828,C-R00015,False
31001322,11000015,J112942,C-R00015,False
31001323,11000015,J112709,C-R00015,False
31001324,11000015,J161213,C-R00015,False
31001325,11000015,J140739,C-R00015,False
31001326,11000015,J213534,C-R00015,False
31001327,11000015,J165224,C-R00015,False
31001328,11000015,J170144,C-R00015,False
31001329,11000015,J162010,C-R00015,False
31001330,11000015,J110226,C-R00015,False
31001331,11000015,J104421,C-R00015,False
31001332,11000015,J104330,C-R00015,False
31001333,11000015,J170376,C-R00015,False
31001334,11000015,J100338,C-R00015,False
31001335,11000015,J110034,C-R00015,False
31001336,11000015,J124207,C-R00015,False
31001337,11000015,J132907,C-R00015,False
31001338,11000015,J100015,C-R00015,False
31001339,11000015,J144024,C-R00015,False
31001340,11000015,J122806,C-R00015,False
31001341,11000015,J133250,C-R00015,False
31001342,11000015,J135852,C-R00015,False
31001343,11000015,J130616,C-R00015,False
31001344,11000015,J204323,C-R00015,False
31001345,11000015,J120742,C-R00015,False
31001346,11000015,J105549,C-R00015,False
31001347,11000015,J103237,C-R00015,False
31001348,11000015,J215326,C-R00015,False
31001349,11000015,J121700,C-R00015,False
31001350,11000015,J124358,C-R00015,False
31001351,11000015,J112420,C-R00015,False
31001352,11000015,J130022,C-R00015,False
31001353,11000015,J155419,C-R00015,False
31001354,11000015,J135723,C-R00015,False
31001355,11000015,J105201,C-R00015,False
31001356,11000015,J133218,C-R00015,False
31001357,11000015,J143345,C-R00015,False
31001358,11000015,J115448,C-R00015,False
31001359,11000015,J135642,C-R00015,False
31001360,11000015,J205900,C-R00015,False
31001361,11000015,J112747,C-R00015,False
31001362,11000015,J121027,C-R00015,False
31001363,11000015,J124744,C-R00015,False
31001364,11000015,J161303,C-R00015,False
31001365,11000015,J141848,C-R00015,False
31001366,11000015,J104001,C-R00015,False
31001367,11000015,J102304,C-R00015,False
31001368,11000015,J172852,C-R00015,False
31001369,11000015,J131304,C-R00015,False
31001370,11000015,J145632,C-R00015,False
31001371,11000015,J102515,C-R00015,False
31001372,11000015,J160645,C-R00015,False
31001373,11000015,J135129,C-R00015,False
31001374,11000015,J115909,C-R00015,False
31001375,11000016,J160225,D-R00016,False
31001376,11000016,J210458,D-R00016,False
31001377,11000016,J113925,D-R00016,False
31001378,11000016,J204815,D-R00016,False
31001379,11000016,J104754,D-R00016,False
31001380,11000016,J130518,D-R00016,False
31001381,11000016,J142200,D-R00016,False
31001382,11000016,J103731,D-R00016,False
31001383,11000016,J100046,D-R00016,False
31001384,11000016,J230301,D-R00016,False
31001385,11000016,J165839,D-R00016,False
31001386,11000016,J235953,D-R00016,False
31001387,11000016,J115018,D-R00016,False
31001388,11000016,J133458,D-R00016,False
31001389,11000016,J221859,D-R00016,False
31001390,11000016,J170215,D-R00016,False
31001391,11000016,J165820,D-R00016,False
31001392,11000016,J130253,D-R00016,False
31001393,11000016,J120937,D-R00016,False
31001394,11000016,J214811,D-R00016,False
31001395,11000016,J160419,D-R00016,False
31001396,11000016,J161752,D-R00016,False
31001397,11000016,J112610,D-R00016,False
31001398,11000016,J123726,D-R00016,False
31001399,11000016,J124837,D-R00016,False
31001400,11000016,J151643,D-R00016,False
31001401,11000016,J160321,D-R00016,False
31001402,11000016,J165308,D-R00016,False
31001403,11000016,J171359,D-R00016,False
31001404,11000016,J115547,D-R00016,False
31001405,11000016,J141055,D-R00016,False
31001406,11000016,J153202,D-R00016,False
31001407,11000016,J121845,D-R00016,False
31001408,11000016,J113456,D-R00016,False
31001409,11000016,J144746,D-R00016,False
31001410,11000016,J171554,D-R00016,False
31001411,11000016,J111029,D-R00016,False
31001412,11000016,J145129,D-R00016,False
31001413,11000016,J113730,D-R00016,False
31001414,11000016,J100956,D-R00016,False
31001415,11000016,J134407,D-R00016,False
31001416,11000016,J101507,D-R00016,False
31001417,11000016,J105546,D-R00016,False
31001418,11000016,J123528,D-R00016,False
31001419,11000016,J145318,D-R00016,False
31001420,11000016,J132611,D-R00016,False
31001421,11000016,J153338,D-R00016,False
31001422,11000016,J102534,D-R00016,False
31001423,11000016,J144519,D-R00016,False
31001424,11000016,J141218,D-R00016,False
31001425,11000016,J152255,D-R00016,False
31001426,11000016,J142241,D-R00016,False
31001427,11000016,J131047,D-R00016,False
31001428,11000016,J100150,D-R00016,False
31001429,11000016,J104311,D-R00016,False
31001430,11000016,J111950,D-R00016,False
31001431,11000016,J132754,D-R00016,False
31001432,11000016,J101551,D-R00016,False
31001433,11000016,J211027,D-R00016,False
31001434,11000016,J105415,D-R00016,False
31001435,11000017,J224148,D-R00017,False
31001436,11000017,J100806,D-R00017,False
31001437,11000017,J133638,D-R00017,False
31001438,11000017,J231614,D-R00017,False
31001439,11000017,J103110,D-R00017,False
31001440,11000017,J101706,D-R00017,False
31001441,11000017,J142214,D-R00017,False
31001442,11000017,J155340,D-R00017,False
31001443,11000017,J165326,D-R00017,False
31001444,11000017,J133113,D-R00017,False
31001445,11000017,J122656,D-R00017,False
31001446,11000017,J134716,D-R00017,False
31001447,11000017,J171344,D-R00017,False
31001448,11000017,J161119,D-R00017,False
31001449,11000017,J111404,D-R00017,False
31001450,11000017,J105346,D-R00017,False
31001451,11000017,J154631,D-R00017,False
31001452,11000017,J150112,D-R00017,False
31001453,11000017,J104649,D-R00017,False
31001454,11000017,J234421,D-R00017,False
31001455,11000017,J105726,D-R00017,False
31001456,11000017,J111758,D-R00017,False
31001457,11000017,J142923,D-R00017,False
31001458,11000017,J114026,D-R00017,False
31001459,11000017,J115118,D-R00017,False
31001460,11000018,J162226,D-R00018,False
31001461,11000018,J165020,D-R00018,False
31001462,11000018,J125302,D-R00018,False
31001463,11000018,J113754,D-R00018,False
31001464,11000018,J153215,D-R00018,False
31001465,11000018,J213820,D-R00018,False
31001466,11000018,J111555,D-R00018,False
31001467,11000018,J131553,D-R00018,False
31001468,11000018,J143841,D-R00018,False
31001469,11000018,J113250,D-R00018,False
31001470,11000018,J204635,D-R00018,False
31001471,11000018,J212954,D-R00018,False
31001472,11000018,J132309,D-R00018,False
31001473,11000018,J231341,D-R00018,False
31001474,11000018,J160800,D-R00018,False
31001475,11000018,J155338,D-R00018,False
31001476,11000018,J132149,D-R00018,False
31001477,11000018,J171937,D-R00018,False
31001478,11000018,J152443,D-R00018,False
31001479,11000018,J111329,D-R00018,False
31001480,11000018,J171334,D-R00018,False
31001481,11000018,J115552,D-R00018,False
31001482,11000018,J151520,D-R00018,False
31001483,11000018,J165920,D-R00018,False
31001484,11000018,J145838,D-R00018,False
31001485,11000018,J125031,D-R00018,False
31001486,11000018,J110736,D-R00018,False
31001487,11000018,J165423,D-R00018,False
31001488,11000018,J155521,D-R00018,False
31001489,11000018,J135508,D-R00018,False
31001490,11000018,J103008,D-R00018,False
31001491,11000018,J103704,D-R00018,False
31001492,11000018,J104603,D-R00018,False
31001493,11000018,J163641,D-R00018,False
31001494,11000018,J203952,D-R00018,False
31001495,11000018,J105411,D-R00018,False
31001496,11000018,J101126,D-R00018,False
31001497,11000018,J122155,D-R00018,False
31001498,11000018,J110016,D-R00018,False
31001499,11000018,J212417,D-R00018,False
31001500,11000018,J142355,D-R00018,False
31001501,11000018,J121347,D-R00018,False
31001502,11000018,J172915,D-R00018,False
31001503,11000018,J155416,D-R00018,False
31001504,11000018,J211258,D-R00018,False
31001505,11000018,J120643,D-R00018,False
31001506,11000019,J143946,D-R00019,False
31001507,11000019,J125247,D-R00019,False
31001508,11000019,J144732,D-R00019,False
31001509,11000019,J155711,D-R00019,False
31001510,11000019,J214308,D-R00019,False
31001511,11000019,J134851,D-R00019,False
31001512,11000019,J145452,D-R00019,False
31001513,11000019,J115026,D-R00019,False
31001514,11000019,J151720,D-R00019,False
31001515,11000019,J151353,D-R00019,False
31001516,11000019,J113727,D-R00019,False
31001517,11000019,J130944,D-R00019,False
31001518,11000019,J145238,D-R00019,False
31001519,11000019,J235219,D-R00019,False
31001520,11000019,J172512,D-R00019,False
31001521,11000019,J141322,D-R00019,False
31001522,11000019,J210333,D-R00019,False
31001523,11000019,J135836,D-R00019,False
31001524,11000019,J101915,D-R00019,False
31001525,11000019,J130203,D-R00019,False
31001526,11000019,J110719,D-R00019,False
31001527,11000019,J131208,D-R00019,False
31001528,11000019,J121623,D-R00019,False
31001529,11000019,J150637,D-R00019,False
31001530,11000019,J130332,D-R00019,False
31001531,11000019,J1226-0,D-R00019,False
31001532,11000019,J114355,D-R00019,False
31001533,11000019,J144401,D-R00019,False
31001534,11000019,J103242,D-R00019,False
31001535,11000019,J161815,D-R00019,False
31001536,11000019,J132256,D-R00019,False
31001537,11000019,J162819,D-R00019,False
31001538,11000019,J131004,D-R00019,False
31001539,11000019,J141931,D-R00019,False
31001540,11000019,J112630,D-R00019,False
31001541,11000019,J154109,D-R00019,False
31001542,11000019,J153116,D-R00019,False
31001543,11000019,J160455,D-R00019,False
31001544,11000019,J102439,D-R00019,False
31001545,11000019,J160459,D-R00019,False
31001546,11000019,J131712,D-R00019,False
31001547,11000019,J140244,D-R00019,False
31001548,11000019,J150635,D-R00019,False
31001549,11000019,J125213,D-R00019,False
31001550,11000019,J154541,D-R00019,False
31001551,11000019,J120409,D-R00019,False
31001552,11000019,J140545,D-R00019,False
31001553,11000019,J162251,D-R00019,False
31001554,11000019,J120450,D-R00019,False
31001555,11000019,J220151,D-R00019,False
31001556,11000019,J104502,D-R00019,False
31001557,11000019,J152654,D-R00019,False
31001558,11000019,J124727,D-R00019,False
31001559,11000019,J151940,D-R00019,False
31001560,11000019,J212129,D-R00019,False
31001561,11000019,J141633,D-R00019,False
31001562,11000019,J145604,D-R00019,False
31001563,11000019,J212851,D-R00019,False
31001564,11000019,J145659,D-R00019,False
31001565,11000019,J165719,D-R00019,False
31001566,11000019,J154706,D-R00019,False
31001567,11000019,J141252,D-R00019,False
31001568,11000019,J112110,D-R00019,False
31001569,11000019,J140912,D-R00019,False
31001570,11000019,J165532,D-R00019,False
31001571,11000019,J161037,D-R00019,False
31001572,11000019,J130828,D-R00019,False
31001573,11000019,J122934,D-R00019,False
31001574,11000019,J163435,D-R00019,False
31001575,11000019,J221855,D-R00019,False
31001576,11000019,J124109,D-R00019,False
31001577,11000019,J123458,D-R00019,False
31001578,11000019,J134527,D-R00019,False
31001579,11000019,J133157,D-R00019,False
31001580,11000019,J141342,D-R00019,False
31001581,11000019,J145757,D-R00019,False
31001582,11000019,J130343,D-R00019,False
31001583,11000019,J152628,D-R00019,False
31001584,11000019,J112928,D-R00019,False
31001585,11000019,J133358,D-R00019,False
31001586,11000019,J102844,D-R00019,False
31001587,11000019,J134732,D-R00019,False
31001588,11000019,J213615,D-R00019,False
31001589,11000019,J131037,D-R00019,False
31001590,11000019,J154724,D-R00019,False
31001591,11000019,J213139,D-R00019,False
31001592,11000019,J103104,D-R00019,False
31001593,11000019,J121116,D-R00019,False
31001594,11000019,J142822,D-R00019,False
31001595,11000019,J102521,D-R00019,False
31001596,11000019,J215935,D-R00019,False
31001597,11000019,J162303,D-R00019,False
31001598,11000019,J102409,D-R00019,False
31001599,11000019,J104714,D-R00019,False
31001600,11000020,J171225,D-R00020,False
31001601,11000020,J124306,D-R00020,False
31001602,11000020,J135908,D-R00020,False
31001603,11000020,J124930,D-R00020,False
31001604,11000020,J162632,D-R00020,False
31001605,11000020,J155313,D-R00020,False
31001606,11000020,J211328,D-R00020,False
31001607,11000020,J204506,D-R00020,False
31001608,11000020,J133957,D-R00020,False
31001609,11000020,J115304,D-R00020,False
31001610,11000020,J112150,D-R00020,False
31001611,11000020,J131252,D-R00020,False
31001612,11000020,J133936,D-R00020,False
31001613,11000020,J143140,D-R00020,False
31001614,11000020,J154833,D-R00020,False
31001615,11000020,J101331,D-R00020,False
31001616,11000020,J151359,D-R00020,False
31001617,11000020,J150951,D-R00020,False
31001618,11000020,J140215,D-R00020,False
31001619,11000020,J152421,D-R00020,False
31001620,11000020,J130554,D-R00020,False
31001621,11000020,J101604,D-R00020,False
31001622,11000020,J150320,D-R00020,False
31001623,11000020,J134414,D-R00020,False
31001624,11000020,J131113,D-R00020,False
31001625,11000020,J124933,D-R00020,False
31001626,11000020,J150044,D-R00020,False
31001627,11000020,J155200,D-R00020,False
31001628,11000020,J145944,D-R00020,False
31001629,11000020,J145535,D-R00020,False
31001630,11000020,J141021,D-R00020,False
31001631,11000020,J223312,D-R00020,False
31001632,11000020,J212028,D-R00020,False
31001633,11000020,J164835,D-R00020,False
31001634,11000020,J115528,D-R00020,False
31001635,11000020,J143922,D-R00020,False
31001636,11000020,J225234,D-R00020,False
31001637,11000020,J165645,D-R00020,False
31001638,11000020,J100142,D-R00020,False
31001639,11000020,J101129,D-R00020,False
31001640,11000020,J141220,D-R00020,False
31001641,11000020,J112450,D-R00020,False
31001642,11000020,J121558,D-R00020,False
31001643,11000020,J104404,D-R00020,False
31001644,11000020,J152633,D-R00020,False
31001645,11000020,J104624,D-R00020,False
31001646,11000020,J113227,D-R00020,False
31001647,11000020,J211817,D-R00020,False
31001648,11000020,J144329,D-R00020,False
31001649,11000020,J154102,D-R00020,False
31001650,11000021,J162231,D-R00021,False
31001651,11000021,J151303,D-R00021,False
31001652,11000021,J145848,D-R00021,False
31001653,11000021,J152720,D-R00021,False
31001654,11000021,J123753,D-R00021,False
31001655,11000021,J101042,D-R00021,False
31001656,11000021,J223824,D-R00021,False
31001657,11000021,J125929,D-R00021,False
31001658,11000021,J225111,D-R00021,False
31001659,11000021,J135346,D-R00021,False
31001660,11000021,J144120,D-R00021,False
31001661,11000021,J215743,D-R00021,False
31001662,11000021,J111007,D-R00021,False
31001663,11000021,J231710,D-R00021,False
31001664,11000021,J141001,D-R00021,False
31001665,11000021,J163444,D-R00021,False
31001666,11000021,J103141,D-R00021,False
31001667,11000021,J112215,D-R00021,False
31001668,11000021,J215758,D-R00021,False
31001669,11000021,J101145,D-R00021,False
31001670,11000021,J212838,D-R00021,False
31001671,11000021,J111458,D-R00021,False
31001672,11000021,J115554,D-R00021,False
31001673,11000021,J170445,D-R00021,False
31001674,11000021,J162831,D-R00021,False
31001675,11000021,J124236,D-R00021,False
31001676,11000021,J101535,D-R00021,False
31001677,11000021,J113551,D-R00021,False
31001678,11000021,J162656,D-R00021,False
31001679,11000021,J114530,D-R00021,False
31001680,11000021,J155214,D-R00021,False
31001681,11000021,J102336,D-R00021,False
31001682,11000021,J123352,D-R00021,False
31001683,11000021,J100937,D-R00021,False
31001684,11000021,J100107,D-R00021,False
31001685,11000021,J204230,D-R00021,False
31001686,11000021,J233909,D-R00021,False
31001687,11000021,J134354,D-R00021,False
31001688,11000021,J160046,D-R00021,False
31001689,11000021,J162816,D-R00021,False
31001690,11000021,J170305,D-R00021,False
31001691,11000021,J102045,D-R00021,False
31001692,11000021,J100830,D-R00021,False
31001693,11000021,J115658,D-R00021,False
31001694,11000021,J123947,D-R00021,False
31001695,11000021,J224754,D-R00021,False
31001696,11000021,J140246,D-R00021,False
31001697,11000021,J214440,D-R00021,False
31001698,11000021,J144135,D-R00021,False
31001699,11000021,J151021,D-R00021,False
31001700,11000021,J114133,D-R00021,False
31001701,11000021,J130810,D-R00021,False
31001702,11000021,J141425,D-R00021,False
31001703,11000021,J121847,D-R00021,False
31001704,11000021,J150805,D-R00021,False
31001705,11000021,J140810,D-R00021,False
31001706,11000021,J141104,D-R00021,False
31001707,11000021,J114735,D-R00021,False
31001708,11000021,J205922,D-R00021,False
31001709,11000021,J215101,D-R00021,False
31001710,11000021,J144131,D-R00021,False
31001711,11000021,J213429,D-R00021,False
31001712,11000021,J121006,D-R00021,False
31001713,11000021,J111644,D-R00021,False
31001714,11000021,J164031,D-R00021,False
31001715,11000021,J155249,D-R00021,False
31001716,11000021,J103228,D-R00021,False
31001717,11000021,J164025,D-R00021,False
31001718,11000021,J163217,D-R00021,False
31001719,11000021,J103631,D-R00021,False
31001720,11000021,J145739,D-R00021,False
31001721,11000021,J114408,D-R00021,False
31001722,11000021,J131704,D-R00021,False
31001723,11000021,J112404,D-R00021,False
31001724,11000021,J104723,D-R00021,False
31001725,11000021,J123746,D-R00021,False
31001726,11000021,J225441,D-R00021,False
31001727,11000021,J111629,D-R00021,False
31001728,11000021,J140154,D-R00021,False
31001729,11000021,J144743,D-R00021,False
31001730,11000021,J210247,D-R00021,False
31001731,11000021,J133013,D-R00021,False
31001732,11000021,J160032,D-R00021,False
31001733,11000021,J111009,D-R00021,False
31001734,11000021,J142117,D-R00021,False
31001735,11000021,J110417,D-R00021,False
31001736,11000021,J204853,D-R00021,False
31001737,11000021,J132144,D-R00021,False
31001738,11000021,J160016,D-R00021,False
31001739,11000021,J142335,D-R00021,False
31001740,11000021,J105835,D-R00021,False
31001741,11000021,J102055,D-R00021,False
31001742,11000021,J140932,D-R00021,False
31001743,11000021,J134333,D-R00021,False
31001744,11000021,J160156,D-R00021,False
31001745,11000021,J150944,D-R00021,False
31001746,11000021,J113508,D-R00021,False
31001747,11000021,J151757,D-R00021,False
31001748,11000021,J142800,D-R00021,False
31001749,11000021,J170642,D-R00021,False
31001750,11000021,J130451,D-R00021,False
31001751,11000021,J113158,D-R00021,False
31001752,11000021,J225133,D-R00021,False
31001753,11000021,J100001,D-R00021,False
31001754,11000021,J155831,D-R00021,False
31001755,11000021,J145749,D-R00021,False
31001756,11000021,J164659,D-R00021,False
31001757,11000021,J135543,D-R00021,False
31001758,11000021,J132735,D-R00021,False
31001759,11000021,J141740,D-R00021,False
31001760,11000021,J101315,D-R00021,False
31001761,11000021,J123345,D-R00021,False
31001762,11000021,J105621,D-R00021,False
31001763,11000021,J113813,D-R00021,False
31001764,11000021,J135807,D-R00021,False
31001765,11000022,J122728,D-R00022,False
31001766,11000022,J110915,D-R00022,False
31001767,11000022,J171430,D-R00022,False
31001768,11000022,J154321,D-R00022,False
31001769,11000022,J104729,D-R00022,False
31001770,11000022,J111753,D-R00022,False
31001771,11000022,J140823,D-R00022,False
31001772,11000022,J161357,D-R00022,False
31001773,11000022,J162205,D-R00022,False
31001774,11000022,J113950,D-R00022,False
31001775,11000022,J124224,D-R00022,False
31001776,11000022,J155959,D-R00022,False
31001777,11000022,J103213,D-R00022,False
31001778,11000022,J105858,D-R00022,False
31001779,11000022,J172502,D-R00022,False
31001780,11000022,J170151,D-R00022,False
31001781,11000022,J165058,D-R00022,False
31001782,11000022,J173638,D-R00022,False
31001783,11000022,J130330,D-R00022,False
31001784,11000022,J132740,D-R00022,False
31001785,11000022,J133931,D-R00022,False
31001786,11000022,J143902,D-R00022,False
31001787,11000022,J165105,D-R00022,False
31001788,11000022,J141316,D-R00022,False
31001789,11000022,J113152,D-R00022,False
31001790,11000022,J113453,D-R00022,False
31001791,11000022,J144845,D-R00022,False
31001792,11000022,J140053,D-R00022,False
31001793,11000022,J151416,D-R00022,False
31001794,11000022,J100846,D-R00022,False
31001795,11000022,J165943,D-R00022,False
31001796,11000022,J103538,D-R00022,False
31001797,11000022,J154854,D-R00022,False
31001798,11000022,J212627,D-R00022,False
31001799,11000022,J150656,D-R00022,False
31001800,11000022,J224031,D-R00022,False
31001801,11000022,J215455,D-R00022,False
31001802,11000022,J122503,D-R00022,False
31001803,11000022,J103120,D-R00022,False
31001804,11000022,J164528,D-R00022,False
31001805,11000022,J125316,D-R00022,False
31001806,11000022,J113131,D-R00022,False
31001807,11000022,J144038,D-R00022,False
31001808,11000022,J172926,D-R00022,False
31001809,11000022,J154610,D-R00022,False
31001810,11000022,J103412,D-R00022,False
31001811,11000022,J150318,D-R00022,False
31001812,11000022,J211504,D-R00022,False
31001813,11000022,J111617,D-R00022,False
31001814,11000022,J100346,D-R00022,False
31001815,11000022,J143557,D-R00022,False
31001816,11000022,J130001,D-R00022,False
31001817,11000022,J101142,D-R00022,False
31001818,11000022,J155002,D-R00022,False
31001819,11000022,J154232,D-R00022,False
31001820,11000022,J142506,D-R00022,False
31001821,11000022,J155506,D-R00022,False
31001822,11000022,J163754,D-R00022,False
31001823,11000022,J100357,D-R00022,False
31001824,11000022,J115031,D-R00022,False
31001825,11000022,J122706,D-R00022,False
31001826,11000022,J114318,D-R00022,False
31001827,11000022,J150625,D-R00022,False
31001828,11000022,J113437,D-R00022,False
31001829,11000022,J213924,D-R00022,False
31001830,11000022,J152711,D-R00022,False
31001831,11000022,J160929,D-R00022,False
31001832,11000022,J153110,D-R00022,False
31001833,11000022,J132532,D-R00022,False
31001834,11000022,J114031,D-R00022,False
31001835,11000022,J120316,D-R00022,False
31001836,11000022,J151610,D-R00022,False
31001837,11000022,J145937,D-R00022,False
31001838,11000022,J122056,D-R00022,False
31001839,11000022,J170127,D-R00022,False
31001840,11000022,J145424,D-R00022,False
31001841,11000022,J101835,D-R00022,False
31001842,11000022,J103907,D-R00022,False
31001843,11000022,J130237,D-R00022,False
31001844,11000022,J104948,D-R00022,False
31001845,11000022,J120844,D-R00022,False
31001846,11000022,J154824,D-R00022,False
31001847,11000022,J134216,D-R00022,False
31001848,11000022,J120131,D-R00022,False
31001849,11000022,J120134,D-R00022,False
31001850,11000022,J224558,D-R00022,False
31001851,11000022,J161029,D-R00022,False
31001852,11000023,J225530,D-R00023,False
31001853,11000023,J154407,D-R00023,False
31001854,11000023,J140720,D-R00023,False
31001855,11000023,J222125,D-R00023,False
31001856,11000023,J152502,D-R00023,False
31001857,11000023,J220215,D-R00023,False
31001858,11000023,J141647,D-R00023,False
31001859,11000023,J101957,D-R00023,False
31001860,11000023,J223808,D-R00023,False
31001861,11000023,J105433,D-R00023,False
31001862,11000023,J153722,D-R00023,False
31001863,11000023,J105348,D-R00023,False
31001864,11000023,J113133,D-R00023,False
31001865,11000023,J105319,D-R00023,False
31001866,11000023,J162828,D-R00023,False
31001867,11000023,J233449,D-R00023,False
31001868,11000023,J150026,D-R00023,False
31001869,11000023,J125629,D-R00023,False
31001870,11000023,J123246,D-R00023,False
31001871,11000023,J215615,D-R00023,False
31001872,11000023,J152404,D-R00023,False
31001873,11000023,J132152,D-R00023,False
31001874,11000023,J145335,D-R00023,False
31001875,11000023,J162255,D-R00023,False
31001876,11000023,J112722,D-R00023,False
31001877,11000023,J134459,D-R00023,False
31001878,11000023,J131624,D-R00023,False
31001879,11000023,J165611,D-R00023,False
31001880,11000024,J152820,E-R00024,False
31001881,11000024,J135100,E-R00024,False
31001882,11000024,J122515,E-R00024,False
31001883,11000024,J172943,E-R00024,False
31001884,11000024,J205738,E-R00024,False
31001885,11000024,J134242,E-R00024,False
31001886,11000024,J103251,E-R00024,False
31001887,11000024,J111220,E-R00024,False
31001888,11000024,J170540,E-R00024,False
31001889,11000024,J102446,E-R00024,False
31001890,11000024,J141137,E-R00024,False
31001891,11000024,J164147,E-R00024,False
31001892,11000024,J100702,E-R00024,False
31001893,11000024,J133119,E-R00024,False
31001894,11000024,J124730,E-R00024,False
31001895,11000024,J132823,E-R00024,False
31001896,11000024,J100724,E-R00024,False
31001897,11000024,J162638,E-R00024,False
31001898,11000024,J230257,E-R00024,False
31001899,11000024,J223018,E-R00024,False
31001900,11000024,J135449,E-R00024,False
31001901,11000024,J133537,E-R00024,False
31001902,11000024,J155714,E-R00024,False
31001903,11000024,J112325,E-R00024,False
31001904,11000024,J150606,E-R00024,False
31001905,11000024,J110550,E-R00024,False
31001906,11000024,J205659,E-R00024,False
31001907,11000024,J100120,E-R00024,False
31001908,11000024,J151057,E-R00024,False
31001909,11000024,J213245,E-R00024,False
31001910,11000024,J121230,E-R00024,False
31001911,11000024,J145203,E-R00024,False
31001912,11000024,J111106,E-R00024,False
31001913,11000024,J222834,E-R00024,False
31001914,11000024,J232336,E-R00024,False
31001915,11000024,J161032,E-R00024,False
31001916,11000024,J154733,E-R00024,False
31001917,11000024,J153144,E-R00024,False
31001918,11000024,J122721,E-R00024,False
31001919,11000024,J133440,E-R00024,False
31001920,11000024,J103727,E-R00024,False
31001921,11000024,J152739,E-R00024,False
31001922,11000024,J140717,E-R00024,False
31001923,11000024,J205205,E-R00024,False
31001924,11000024,J130026,E-R00024,False
31001925,11000024,J151035,E-R00024,False
31001926,11000024,J112603,E-R00024,False
31001927,11000024,J151811,E-R00024,False
31001928,11000024,J105441,E-R00024,False
31001929,11000024,J124949,E-R00024,False
31001930,11000024,J130711,E-R00024,False
31001931,11000024,J131948,E-R00024,False
31001932,11000024,J132814,E-R00024,False
31001933,11000024,J213734,E-R00024,False
31001934,11000024,J140608,E-R00024,False
31001935,11000024,J212336,E-R00024,False
31001936,11000024,J104448,E-R00024,False
31001937,11000024,J164846,E-R00024,False
31001938,11000024,J161354,E-R00024,False
31001939,11000024,J103959,E-R00024,False
31001940,11000024,J114353,E-R00024,False
31001941,11000024,J171622,E-R00024,False
31001942,11000024,J143123,E-R00024,False
31001943,11000024,J125023,E-R00024,False
31001944,11000024,J122116,E-R00024,False
31001945,11000024,J151718,E-R00024,False
31001946,11000024,J153335,E-R00024,False
31001947,11000024,J170122,E-R00024,False
31001948,11000024,J150515,E-R00024,False
31001949,11000024,J104216,E-R00024,False
31001950,11000024,J111000,E-R00024,False
31001951,11000024,J155600,E-R00024,False
31001952,11000024,J132601,E-R00024,False
31001953,11000024,J132258,E-R00024,False
31001954,11000024,J221512,E-R00024,False
31001955,11000024,J125853,E-R00024,False
31001956,11000024,J141609,E-R00024,False
31001957,11000024,J134096,E-R00024,False
31001958,11000024,J121146,E-R00024,False
31001959,11000024,J121649,E-R00024,False
31001960,11000024,J135559,E-R00024,False
31001961,11000024,J130735,E-R00024,False
31001962,11000024,J144115,E-R00024,False
31001963,11000024,J112241,E-R00024,False
31001964,11000024,J141204,E-R00024,False
31001965,11000024,J131401,E-R00024,False
31001966,11000024,J170231,E-R00024,False
31001967,11000024,J164430,E-R00024,False
31001968,11000025,J143740,E-R00025,False
31001969,11000025,J115517,E-R00025,False
31001970,11000025,J230936,E-R00025,False
31001971,11000025,J133525,E-R00025,False
31001972,11000025,J215338,E-R00025,False
31001973,11000025,J112003,E-R00025,False
31001974,11000025,J214318,E-R00025,False
31001975,11000025,J110938,E-R00025,False
31001976,11000025,J103453,E-R00025,False
31001977,11000025,J101000,E-R00025,False
31001978,11000025,J110117,E-R00025,False
31001979,11000025,J100328,E-R00025,False
31001980,11000025,J155845,E-R00025,False
31001981,11000025,J152703,E-R00025,False
31001982,11000025,J110628,E-R00025,False
31001983,11000025,J142438,E-R00025,False
31001984,11000025,J153054,E-R00025,False
31001985,11000025,J114019,E-R00025,False
31001986,11000025,J233255,E-R00025,False
31001987,11000025,J135046,E-R00025,False
31001988,11000025,J145322,E-R00025,False
31001989,11000025,J112844,E-R00025,False
31001990,11000025,J120816,E-R00025,False
31001991,11000025,J165340,E-R00025,False
31001992,11000025,J124409,E-R00025,False
31001993,11000025,J124733,E-R00025,False
31001994,11000025,J173645,E-R00025,False
31001995,11000025,J165743,E-R00025,False
31001996,11000025,J171013,E-R00025,False
31001997,11000025,J155905,E-R00025,False
31001998,11000025,J213055,E-R00025,False
31001999,11000025,J212224,E-R00025,False
31002000,11000025,J234252,E-R00025,False
31002001,11000025,J150036,E-R00025,False
31002002,11000025,J172431,E-R00025,False
31002003,11000025,J114154,E-R00025,False
31002004,11000025,J115127,E-R00025,False
31002005,11000025,J233658,E-R00025,False
31002006,11000025,J114403,E-R00025,False
31002007,11000025,J165946,E-R00025,False
31002008,11000025,J124046,E-R00025,False
31002009,11000025,J102736,E-R00025,False
31002010,11000025,J133252,E-R00025,False
31002011,11000025,J140600,E-R00025,False
31002012,11000025,J163701,E-R00025,False
31002013,11000025,J115041,E-R00025,False
31002014,11000025,J154726,E-R00025,False
31002015,11000025,J123602,E-R00025,False
31002016,11000025,J100549,E-R00025,False
31002017,11000025,J124100,E-R00025,False
31002018,11000025,J113701,E-R00025,False
31002019,11000025,J164327,E-R00025,False
31002020,11000025,J110018,E-R00025,False
31002021,11000025,J164511,E-R00025,False
31002022,11000025,J130037,E-R00025,False
31002023,11000025,J101028,E-R00025,False
31002024,11000025,J100858,E-R00025,False
31002025,11000025,J151813,E-R00025,False
31002026,11000025,J113758,E-R00025,False
31002027,11000025,J153802,E-R00025,False
31002028,11000025,J130401,E-R00025,False
31002029,11000025,J130241,E-R00025,False
31002030,11000025,J232934,E-R00025,False
31002031,11000025,J213642,E-R00025,False
31002032,11000025,J144107,E-R00025,False
31002033,11000025,J140336,E-R00025,False
31002034,11000025,J214712,E-R00025,False
31002035,11000025,J170809,E-R00025,False
31002036,11000025,J220924,E-R00025,False
31002037,11000025,J142624,E-R00025,False
31002038,11000025,J150306,E-R00025,False
31002039,11000025,J100425,E-R00025,False
31002040,11000025,J161745,E-R00025,False
31002041,11000025,J131718,E-R00025,False
31002042,11000025,J151319,E-R00025,False
31002043,11000025,J113059,E-R00025,False
31002044,11000025,J142234,E-R00025,False
31002045,11000025,J113636,E-R00025,False
31002046,11000025,J142858,E-R00025,False
31002047,11000025,J135540,E-R00025,False
31002048,11000025,J155739,E-R00025,False
31002049,11000025,J132427,E-R00025,False
31002050,11000025,J114337,E-R00025,False
31002051,11000025,J121842,E-R00025,False
31002052,11000025,J100415,E-R00025,False
31002053,11000025,J143057,E-R00025,False
31002054,11000025,J165953,E-R00025,False
31002055,11000025,J102753,E-R00025,False
31002056,11000025,J221325,E-R00025,False
31002057,11000025,J114443,E-R00025,False
31002058,11000025,J125990,E-R00025,False
31002059,11000025,J114518,E-R00025,False
31002060,11000025,J102623,E-R00025,False
31002061,11000026,J164900,E-R00026,False
31002062,11000026,J122049,E-R00026,False
31002063,11000026,J154846,E-R00026,False
31002064,11000026,J115522,E-R00026,False
31002065,11000026,J145844,E-R00026,False
31002066,11000026,J121704,E-R00026,False
31002067,11000026,J121959,E-R00026,False
31002068,11000026,J105849,E-R00026,False
31002069,11000026,J122610,E-R00026,False
31002070,11000026,J152912,E-R00026,False
31002071,11000026,J145359,E-R00026,False
31002072,11000026,J154906,E-R00026,False
31002073,11000026,J160547,E-R00026,False
31002074,11000026,J111150,E-R00026,False
31002075,11000026,J111935,E-R00026,False
31002076,11000026,J100237,E-R00026,False
31002077,11000026,J145735,E-R00026,False
31002078,11000026,J103600,E-R00026,False
31002079,11000026,J211517,E-R00026,False
31002080,11000026,J131128,E-R00026,False
31002081,11000026,J143107,E-R00026,False
31002082,11000026,J213125,E-R00026,False
31002083,11000026,J152325,E-R00026,False
31002084,11000026,J114014,E-R00026,False
31002085,11000026,J215215,E-R00026,False
31002086,11000026,J143718,E-R00026,False
31002087,11000026,J134141,E-R00026,False
31002088,11000026,J114842,E-R00026,False
31002089,11000026,J105504,E-R00026,False
31002090,11000026,J130302,E-R00026,False
31002091,11000026,J170327,E-R00026,False
31002092,11000026,J120823,E-R00026,False
31002093,11000026,J153449,E-R00026,False
31002094,11000026,J164621,E-R00026,False
31002095,11000026,J142631,E-R00026,False
31002096,11000026,J134652,E-R00026,False
31002097,11000026,J123628,E-R00026,False
31002098,11000026,J130621,E-R00026,False
31002099,11000026,J171158,E-R00026,False
31002100,11000026,J163930,E-R00026,False
31002101,11000026,J113907,E-R00026,False
31002102,11000026,J164610,E-R00026,False
31002103,11000026,J145512,E-R00026,False
31002104,11000026,J133833,E-R00026,False
31002105,11000026,J141250,E-R00026,False
31002106,11000026,J105623,E-R00026,False
31002107,11000026,J120010,E-R00026,False
31002108,11000026,J233630,E-R00026,False
31002109,11000026,J162007,E-R00026,False
31002110,11000026,J215124,E-R00026,False
31002111,11000026,J141615,E-R00026,False
31002112,11000026,J133222,E-R00026,False
31002113,11000026,J105822,E-R00026,False
31002114,11000026,J171136,E-R00026,False
31002115,11000026,J152111,E-R00026,False
31002116,11000026,J104846,E-R00026,False
31002117,11000026,J123440,E-R00026,False
31002118,11000026,J121416,E-R00026,False
31002119,11000026,J161635,E-R00026,False
31002120,11000026,J141043,E-R00026,False
31002121,11000026,J163408,E-R00026,False
31002122,11000026,J135204,E-R00026,False
31002123,11000026,J133913,E-R00026,False
31002124,11000026,J153447,E-R00026,False
31002125,11000026,J145313,E-R00026,False
31002126,11000027,J162753,E-R00027,False
31002127,11000027,J135301,E-R00027,False
31002128,11000027,J125254,E-R00027,False
31002129,11000027,J145320,E-R00027,False
31002130,11000027,J103116,E-R00027,False
31002131,11000027,J120437,E-R00027,False
31002132,11000027,J100252,E-R00027,False
31002133,11000027,J153919,E-R00027,False
31002134,11000027,J115520,E-R00027,False
31002135,11000027,J100919,E-R00027,False
31002136,11000027,J115933,E-R00027,False
31002137,11000027,J133529,E-R00027,False
31002138,11000027,J131549,E-R00027,False
31002139,11000027,J205517,E-R00027,False
31002140,11000027,J220546,E-R00027,False
31002141,11000027,J102853,E-R00027,False
31002142,11000027,J115418,E-R00027,False
31002143,11000027,J155040,E-R00027,False
31002144,11000027,J172937,E-R00027,False
31002145,11000027,J122757,E-R00027,False
31002146,11000027,J100759,E-R00027,False
31002147,11000027,J145416,E-R00027,False
31002148,11000027,J152034,E-R00027,False
31002149,11000027,J125544,E-R00027,False
31002150,11000027,J123235,E-R00027,False
31002151,11000027,J151204,E-R00027,False
31002152,11000027,J104537,E-R00027,False
31002153,11000027,J162047,E-R00027,False
31002154,11000027,J140514,E-R00027,False
31002155,11000027,J154152,E-R00027,False
31002156,11000027,J143626,E-R00027,False
31002157,11000027,J161737,E-R00027,False
31002158,11000027,J142110,E-R00027,False
31002159,11000027,J112042,E-R00027,False
31002160,11000027,J105719,E-R00027,False
31002161,11000027,J101556,E-R00027,False
31002162,11000027,J230047,E-R00027,False
31002163,11000027,J213226,E-R00027,False
31002164,11000027,J104218,E-R00027,False
31002165,11000027,J115308,E-R00027,False
31002166,11000027,J140418,E-R00027,False
31002167,11000027,J101343,E-R00027,False
31002168,11000027,J105135,E-R00027,False
31002169,11000027,J111818,E-R00027,False
31002170,11000027,J110841,E-R00027,False
31002171,11000027,J134024,E-R00027,False
31002172,11000027,J142349,E-R00027,False
31002173,11000027,J212203,E-R00027,False
31002174,11000027,J124942,E-R00027,False
31002175,11000027,J131747,E-R00027,False
31002176,11000027,J133553,E-R00027,False
31002177,11000027,J115422,E-R00027,False
31002178,11000027,J103448,E-R00027,False
31002179,11000027,J161301,E-R00027,False
31002180,11000027,J130334,E-R00027,False
31002181,11000027,J172125,E-R00027,False
31002182,11000027,J114537,E-R00027,False
31002183,11000027,J134440,E-R00027,False
31002184,11000027,J101912,E-R00027,False
31002185,11000027,J214006,E-R00027,False
31002186,11000027,J235108,E-R00027,False
31002187,11000027,J124538,E-R00027,False
31002188,11000027,J125641,E-R00027,False
31002189,11000027,J141728,E-R00027,False
31002190,11000027,J100616,E-R00027,False
31002191,11000027,J204350,E-R00027,False
31002192,11000027,J151300,E-R00027,False
31002193,11000027,J114041,E-R00027,False
31002194,11000028,J115644,E-R00028,False
31002195,11000028,J103328,E-R00028,False
31002196,11000028,J143127,E-R00028,False
31002197,11000028,J121459,E-R00028,False
31002198,11000028,J114441,E-R00028,False
31002199,11000028,J102345,E-R00028,False
31002200,11000028,J161609,E-R00028,False
31002201,11000028,J131646,E-R00028,False
31002202,11000028,J144543,E-R00028,False
31002203,11000028,J123658,E-R00028,False
31002204,11000028,J121450,E-R00028,False
31002205,11000028,J145753,E-R00028,False
31002206,11000028,J130510,E-R00028,False
31002207,11000028,J135402,E-R00028,False
31002208,11000028,J165220,E-R00028,False
31002209,11000028,J124152,E-R00028,False
31002210,11000028,J162349,E-R00028,False
31002211,11000028,J210750,E-R00028,False
31002212,11000028,J235305,E-R00028,False
31002213,11000028,J120546,E-R00028,False
31002214,11000028,J105059,E-R00028,False
31002215,11000028,J140249,E-R00028,False
31002216,11000028,J154551,E-R00028,False
31002217,11000028,J151530,E-R00028,False
31002218,11000028,J122520,E-R00028,False
31002219,11000028,J151200,E-R00028,False
31002220,11000028,J143245,E-R00028,False
31002221,11000028,J124722,E-R00028,False
31002222,11000028,J173506,E-R00028,False
31002223,11000028,J121747,E-R00028,False
31002224,11000028,J235456,E-R00028,False
31002225,11000028,J113712,E-R00028,False
31002226,11000028,J165940,E-R00028,False
31002227,11000028,J165520,E-R00028,False
31002228,11000028,J135653,E-R00028,False
31002229,11000028,J132946,E-R00028,False
31002230,11000028,J134702,E-R00028,False
31002231,11000028,J111249,E-R00028,False
31002232,11000028,J105607,E-R00028,False
31002233,11000028,J100551,E-R00028,False
31002234,11000028,J140524,E-R00028,False
31002235,11000028,J234152,E-R00028,False
31002236,11000028,J164732,E-R00028,False
31002237,11000028,J131505,E-R00028,False
31002238,11000028,J115405,E-R00028,False
31002239,11000028,J215009,E-R00028,False
31002240,11000028,J161940,E-R00028,False
31002241,11000028,J145825,E-R00028,False
31002242,11000028,J132605,E-R00028,False
31002243,11000028,J115907,E-R00028,False
31002244,11000028,J125634,E-R00028,False
31002245,11000028,J110530,E-R00028,False
31002246,11000028,J100854,E-R00028,False
31002247,11000028,J102053,E-R00028,False
31002248,11000028,J111518,E-R00028,False
31002249,11000028,J145349,E-R00028,False
31002250,11000028,J145846,E-R00028,False
31002251,11000028,J215554,E-R00028,False
31002252,11000028,J115950,E-R00028,False
31002253,11000028,J100109,E-R00028,False
31002254,11000028,J161838,E-R00028,False
31002255,11000028,J173052,E-R00028,False
31002256,11000028,J170807,E-R00028,False
31002257,11000028,J105246,E-R00028,False
31002258,11000028,J144944,E-R00028,False
31002259,11000028,J170930,E-R00028,False
31002260,11000028,J130039,E-R00028,False
31002261,11000028,J103615,E-R00028,False
31002262,11000028,J111227,E-R00028,False
31002263,11000028,J153222,E-R00028,False
31002264,11000028,J144434,E-R00028,False
31002265,11000028,J230842,E-R00028,False
31002266,11000028,J172139,E-R00028,False
31002267,11000028,J232741,E-R00028,False
31002268,11000028,J110634,E-R00028,False
31002269,11000028,J124058,E-R00028,False
31002270,11000028,J123432,E-R00028,False
31002271,11000028,J151909,E-R00028,False
31002272,11000028,J145706,E-R00028,False
31002273,11000028,J230242,E-R00028,False
31002274,11000028,J172840,E-R00028,False
31002275,11000028,J131450,E-R00028,False
31002276,11000028,J125101,E-R00028,False
31002277,11000028,J142910,E-R00028,False
31002278,11000028,J131142,E-R00028,False
31002279,11000028,J152827,E-R00028,False
31002280,11000028,J115901,E-R00028,False
31002281,11000028,J114100,E-R00028,False
31002282,11000028,J162132,E-R00028,False
31002283,11000029,J171722,E-R00029,False
31002284,11000029,J135554,E-R00029,False
31002285,11000029,J214212,E-R00029,False
31002286,11000029,J130305,E-R00029,False
31002287,11000029,J111543,E-R00029,False
31002288,11000029,J160623,E-R00029,False
31002289,11000029,J234722,E-R00029,False
31002290,11000029,J133513,E-R00029,False
31002291,11000029,J104704,E-R00029,False
31002292,11000029,J120354,E-R00029,False
31002293,11000029,J165312,E-R00029,False
31002294,11000029,J103812,E-R00029,False
31002295,11000029,J143525,E-R00029,False
31002296,11000029,J125716,E-R00029,False
31002297,11000029,J143845,E-R00029,False
31002298,11000029,J135626,E-R00029,False
31002299,11000029,J115905,E-R00029,False
31002300,11000029,J233917,E-R00029,False
31002301,11000029,J140343,E-R00029,False
31002302,11000029,J114315,E-R00029,False
31002303,11000029,J142653,E-R00029,False
31002304,11000029,J132546,E-R00029,False
31002305,11000029,J165205,E-R00029,False
31002306,11000029,J122518,E-R00029,False
31002307,11000029,J153825,E-R00029,False
31002308,11000029,J101435,E-R00029,False
31002309,11000029,J143819,E-R00029,False
31002310,11000029,J170417,E-R00029,False
31002311,11000029,J115727,E-R00029,False
31002312,11000029,J115124,E-R00029,False
31002313,11000029,J135533,E-R00029,False
31002314,11000029,J230745,E-R00029,False
31002315,11000029,J112918,E-R00029,False
31002316,11000029,J111640,E-R00029,False
31002317,11000029,J231137,E-R00029,False
31002318,11000029,J111613,E-R00029,False
31002319,11000029,J145131,E-R00029,False
31002320,11000029,J111003,E-R00029,False
31002321,11000029,J131520,E-R00029,False
31002322,11000029,J120922,E-R00029,False
31002323,11000029,J142138,E-R00029,False
31002324,11000029,J153106,E-R00029,False
31002325,11000029,J111939,E-R00029,False
31002326,11000029,J173550,E-R00029,False
31002327,11000029,J145310,E-R00029,False
31002328,11000029,J155928,E-R00029,False
31002329,11000029,J234208,E-R00029,False
31002330,11000029,J105722,E-R00029,False
31002331,11000029,J123546,E-R00029,False
31002332,11000029,J210235,E-R00029,False
31002333,11000029,J170736,E-R00029,False
31002334,11000029,J170240,E-R00029,False
31002335,11000029,J125532,E-R00029,False
31002336,11000029,J133923,E-R00029,False
31002337,11000029,J131509,E-R00029,False
31002338,11000029,J210519,E-R00029,False
31002339,11000029,J233517,E-R00029,False
31002340,11000029,J162612,E-R00029,False
31002341,11000029,J123055,E-R00029,False
31002342,11000029,J212302,E-R00029,False
31002343,11000029,J102103,E-R00029,False
31002344,11000029,J213956,E-R00029,False
31002345,11000029,J161944,E-R00029,False
31002346,11000029,J135705,E-R00029,False
31002347,11000029,J103215,E-R00029,False
31002348,11000029,J141032,E-R00029,False
31002349,11000029,J135306,E-R00029,False
31002350,11000029,J155256,E-R00029,False
31002351,11000029,J162853,E-R00029,False
31002352,11000029,J104809,E-R00029,False
31002353,11000029,J144454,E-R00029,False
31002354,11000029,J110759,E-R00029,False
31002355,11000029,J215304,E-R00029,False
31002356,11000029,J110946,E-R00029,False
31002357,11000029,J230221,E-R00029,False
31002358,11000029,J140133,E-R00029,False
31002359,11000029,J105531,E-R00029,False
31002360,11000029,J213502,E-R00029,False
31002361,11000029,J101647,E-R00029,False
31002362,11000029,J133023,E-R00029,False
31002363,11000029,J164553,E-R00029,False
31002364,11000029,J232959,E-R00029,False
31002365,11000029,J152106,E-R00029,False
31002366,11000029,J142535,E-R00029,False
31002367,11000030,J104859,F-R00030,False
31002368,11000030,J155838,F-R00030,False
31002369,11000030,J164745,F-R00030,False
31002370,11000030,J135504,F-R00030,False
31002371,11000030,J115923,F-R00030,False
31002372,11000030,J151325,F-R00030,False
31002373,11000030,J105705,F-R00030,False
31002374,11000030,J141434,F-R00030,False
31002375,11000030,J115844,F-R00030,False
31002376,11000030,J133906,F-R00030,False
31002377,11000030,J115855,F-R00030,False
31002378,11000030,J150020,F-R00030,False
31002379,11000030,J142528,F-R00030,False
31002380,11000030,J130900,F-R00030,False
31002381,11000030,J222045,F-R00030,False
31002382,11000030,J111450,F-R00030,False
31002383,11000030,J103800,F-R00030,False
31002384,11000030,J144420,F-R00030,False
31002385,11000030,J152550,F-R00030,False
31002386,11000030,J114003,F-R00030,False
31002387,11000030,J143751,F-R00030,False
31002388,11000030,J215930,F-R00030,False
31002389,11000030,J120512,F-R00030,False
31002390,11000030,J145939,F-R00030,False
31002391,11000030,J135623,F-R00030,False
31002392,11000030,J111918,F-R00030,False
31002393,11000030,J162614,F-R00030,False
31002394,11000030,J104921,F-R00030,False
31002395,11000030,J230049,F-R00030,False
31002396,11000030,J115935,F-R00030,False
31002397,11000030,J151920,F-R00030,False
31002398,11000030,J160855,F-R00030,False
31002399,11000030,J155311,F-R00030,False
31002400,11000030,J101553,F-R00030,False
31002401,11000030,J110421,F-R00030,False
31002402,11000030,J155207,F-R00030,False
31002403,11000030,J143200,F-R00030,False
31002404,11000030,J110834,F-R00030,False
31002405,11000030,J142247,F-R00030,False
31002406,11000030,J112028,F-R00030,False
31002407,11000030,J111520,F-R00030,False
31002408,11000030,J161335,F-R00030,False
31002409,11000030,J170118,F-R00030,False
31002410,11000030,J160722,F-R00030,False
31002411,11000030,J124504,F-R00030,False
31002412,11000030,J212612,F-R00030,False
31002413,11000030,J154829,F-R00030,False
31002414,11000030,J144436,F-R00030,False
31002415,11000030,J165641,F-R00030,False
31002416,11000030,J145510,F-R00030,False
31002417,11000030,J110810,F-R00030,False
31002418,11000030,J131916,F-R00030,False
31002419,11000030,J120103,F-R00030,False
31002420,11000030,J171404,F-R00030,False
31002421,11000030,J104632,F-R00030,False
31002422,11000030,J103400,F-R00030,False
31002423,11000030,J154021,F-R00030,False
31002424,11000030,J122249,F-R00030,False
31002425,11000030,J213753,F-R00030,False
31002426,11000030,J155650,F-R00030,False
31002427,11000030,J152722,F-R00030,False
31002428,11000030,J100501,F-R00030,False
31002429,11000030,J140918,F-R00030,False
31002430,11000030,J103414,F-R00030,False
31002431,11000030,J223432,F-R00030,False
31002432,11000030,J100409,F-R00030,False
31002433,11000030,J141502,F-R00030,False
31002434,11000030,J115008,F-R00030,False
31002435,11000030,J112829,F-R00030,False
31002436,11000030,J105801,F-R00030,False
31002437,11000030,J105023,F-R00030,False
31002438,11000030,J101652,F-R00030,False
31002439,11000030,J163225,F-R00030,False
31002440,11000030,J135220,F-R00030,False
31002441,11000030,J114430,F-R00030,False
31002442,11000030,J103504,F-R00030,False
31002443,11000030,J123940,F-R00030,False
31002444,11000030,J104857,F-R00030,False
31002445,11000030,J112417,F-R00030,False
31002446,11000030,J205141,F-R00030,False
31002447,11000030,J104037,F-R00030,False
31002448,11000030,J144902,F-R00030,False
31002449,11000030,J122818,F-R00030,False
31002450,11000030,J211353,F-R00030,False
31002451,11000030,J104136,F-R00030,False
31002452,11000030,J172842,F-R00030,False
31002453,11000030,J122452,F-R00030,False
31002454,11000030,J140200,F-R00030,False
31002455,11000030,J232246,F-R00030,False
31002456,11000030,J101748,F-R00030,False
31002457,11000030,J133241,F-R00030,False
31002458,11000030,J151817,F-R00030,False
31002459,11000030,J124201,F-R00030,False
31002460,11000030,J125111,F-R00030,False
31002461,11000030,J101755,F-R00030,False
31002462,11000030,J101708,F-R00030,False
31002463,11000030,J135031,F-R00030,False
31002464,11000030,J152117,F-R00030,False
31002465,11000030,J164701,F-R00030,False
31002466,11000030,J132106,F-R00030,False
31002467,11000030,J141319,F-R00030,False
31002468,11000030,J170845,F-R00030,False
31002469,11000030,J161215,F-R00030,False
31002470,11000030,J111447,F-R00030,False
31002471,11000029,J222408,E-R00029,False
31002472,11000028,J161747,E-R00028,False
31002473,11000029,J132328,E-R00029,False
31002474,11000030,J153217,F-R00030,False
31002475,11000029,J142814,E-R00029,False
31002476,11000026,J101248,E-R00026,False
31002477,11000029,J135825,E-R00029,False
31002478,11000030,J151838,F-R00030,False
31002479,11000028,J100820,E-R00028,False
31002480,11000029,J213344,E-R00029,False
31002481,11000025,J103701,E-R00025,False
31002482,11000025,J171246,E-R00025,False
31002483,11000024,J170158,E-R00024,False
31002484,11000030,J230559,F-R00030,False
31002485,11000025,J145208,E-R00025,False
31002486,11000024,J224721,E-R00024,False
31002487,11000030,J105934,F-R00030,False
31002488,11000025,J130818,E-R00025,False
31002489,11000030,J140555,F-R00030,False
31002490,11000027,J221356,E-R00027,False
31002491,11000028,J111245,E-R00028,False
31002492,11000030,J102834,F-R00030,False
31002493,11000026,J154509,E-R00026,False
31002494,11000025,J234928,E-R00025,False
31002495,11000030,J222604,F-R00030,False
31002496,11000025,J133011,E-R00025,False
31002497,11000029,J125245,E-R00029,False
31002498,11000030,J145523,F-R00030,False
31002499,11000027,J143605,E-R00027,False
31002500,11000024,J120750,E-R00024,False
31002501,11000026,J104617,E-R00026,False
31002502,11000030,J125122,F-R00030,False
31002503,11000025,J114809,E-R00025,False
31002504,11000027,J125657,E-R00027,False
31002505,11000001,J015092,A-R00001,False
31002506,11000001,J005834,A-R00001,False
31002507,11000001,J012402,A-R00001,False
31002508,11000001,J005926,A-R00001,False
31002509,11000001,J010569,A-R00001,False
31002510,11000001,J012157,A-R00001,False
31002511,11000001,J002757,A-R00001,False
31002512,11000001,J004791,A-R00001,False
31002513,11000001,J004317,A-R00001,False
31002514,11000001,J002216,A-R00001,False
31002515,11000004,J005482,B-R00004,False
31002516,11000004,J005900,B-R00004,False
31002517,11000004,J013070,B-R00004,False
31002518,11000004,J001057,B-R00004,False
31002519,11000004,J011321,B-R00004,False
31002520,11000004,J013123,B-R00004,False
31002521,11000004,J012735,B-R00004,False
31002522,11000004,J012635,B-R00004,False
31002523,11000004,J010000,B-R00004,False
31002524,11000004,J001890,B-R00004,False
31002525,11000004,J002964,B-R00004,False
31002526,11000004,J004686,B-R00004,False
31002527,11000009,J011563,C-R00009,False
31002528,11000009,J001348,C-R00009,False
31002529,11000009,J002838,C-R00009,False
31002530,11000009,J001670,C-R00009,False
31002531,11000009,J014348,C-R00009,False
31002532,11000009,J003789,C-R00009,False
31002533,11000009,J012794,C-R00009,False
31002534,11000009,J005923,C-R00009,False
31002535,11000009,J001398,C-R00009,False
31002536,11000009,J011339,C-R00009,False
31002537,11000009,J004283,C-R00009,False
31002538,11000016,J002625,D-R00016,False
31002539,11000016,J004470,D-R00016,False
31002540,11000016,J011824,D-R00016,False
31002541,11000016,J010247,D-R00016,False
31002542,11000016,J002423,D-R00016,False
31002543,11000016,J001302,D-R00016,False
31002544,11000016,J010556,D-R00016,False
31002545,11000016,J011778,D-R00016,False
31002546,11000016,J005259,D-R00016,False
31002547,11000016,J005969,D-R00016,False
31002548,11000016,J001769,D-R00016,False
31002549,11000016,J004150,D-R00016,False
31002550,11000016,J005872,D-R00016,False
31002551,11000016,J011376,D-R00016,False
31002552,11000016,J005299,D-R00016,False
31002553,11000016,J011355,D-R00016,False
31002554,11000016,J011195,D-R00016,False
31002555,11000016,J005280,D-R00016,False
31002556,11000024,J010811,E-R00024,False
31002557,11000024,J001694,E-R00024,False
31002558,11000024,J003941,E-R00024,False
31002559,11000024,J011790,E-R00024,False
31002560,11000024,J013146,E-R00024,False
31002561,11000024,J004998,E-R00024,False
31002562,11000024,J003382,E-R00024,False
31002563,11000024,J003546,E-R00024,False
31002564,11000024,J001820,E-R00024,False
31002565,11000024,J012578,E-R00024,False
31002566,11000024,J012773,E-R00024,False
31002567,11000024,J005223,E-R00024,False
31002568,11000024,J005663,E-R00024,False
31002569,11000024,J003793,E-R00024,False
31002570,11000024,J004128,E-R00024,False
31002571,11000024,J005070,E-R00024,False
31002572,11000024,J001025,E-R00024,False
31002573,11000024,J005724,E-R00024,False
31002574,11000024,J004921,E-R00024,False
31002575,11000030,J012686,F-R00030,False
31002576,11000030,J010366,F-R00030,False
31002577,11000030,J012475,F-R00030,False
31002578,11000030,J015227,F-R00030,False
31002579,11000030,J010951,F-R00030,False
31002580,11000032,J000895,H-R00032,False
31002581,11000032,J000487,H-R00032,False
31002582,11000032,J000621,H-R00032,False
31002583,11000032,J000551,H-R00032,False
31002584,11000032,J000630,H-R00032,False
31002585,11000032,J000452,H-R00032,False
31002586,11000032,J000327,H-R00032,False
31002587,11000032,J000186,H-R00032,False
31002588,11000032,J000528,H-R00032,False
31002589,11000032,J000353,H-R00032,False
31002590,11000032,J000461,H-R00032,False
31002591,11000032,J000522,H-R00032,False
31002592,11000032,J000965,H-R00032,False
31002593,11000032,J000304,H-R00032,False
31002594,11000032,J000595,H-R00032,False
31002595,11000032,J000685,H-R00032,False
31002596,11000032,J000844,H-R00032,False
31002597,11000032,J000719,H-R00032,False
31002598,11000032,J000726,H-R00032,False
31002599,11000032,J000214,H-R00032,False
31002600,11000032,J000652,H-R00032,False
31002601,11000032,J000313,H-R00032,False
31002602,11000032,J000687,H-R00032,False
31002603,11000032,J000427,H-R00032,False
31002604,11000032,J000102,H-R00032,False
32000001,12000001,AD001,ADR01,False
32000002,12000001,AD002,ADR01,False
32000003,12000001,AD003,ADR01,False
32000004,12000001,AD004,ADR01,False
32000005,12000001,AD005,ADR01,False
32000006,12000001,AD006,ADR01,False
32000007,12000001,AD007,ADR01,False
32000008,12000001,AD008,ADR01,False
32000009,12000001,AD009,ADR01,False
32000010,12000001,AD010,ADR01,False
32000011,12000001,AD011,ADR01,False
32000012,12000001,AD012,ADR01,False
32000013,12000001,AD013,ADR01,False
32000014,12000001,AD014,ADR01,False
32000015,12000001,AD015,ADR01,False
32000016,12000001,AD016,ADR01,False
32000017,12000001,AD017,ADR01,False
32000018,12000001,AD018,ADR01,False
32000019,12000001,AD019,ADR01,False
32000020,12000001,AD020,ADR01,False
32000021,12000001,AD021,ADR01,False
32000022,12000001,AD022,ADR01,False
32000023,12000001,AD023,ADR01,False
32000024,12000001,AD024,ADR01,False
32000025,12000001,AD025,ADR01,False
32000026,12000001,AD026,ADR01,False
32000027,12000001,AD027,ADR01,False
32000028,12000001,AD028,ADR01,False
32000029,12000001,AD029,ADR01,False
32000030,12000001,AD030,ADR01,False
32000031,12000001,AD031,ADR01,False
32000032,12000001,AD032,ADR01,False
32000033,12000001,AD033,ADR01,False
32000034,12000001,AD034,ADR01,False
32000035,12000001,AD035,ADR01,False
32000036,12000001,AD036,ADR01,False
32000037,12000001,AD037,ADR01,False
32000038,12000001,AD038,ADR01,False
32000039,12000001,AD039,ADR01,False
32000040,12000001,AD040,ADR01,False
32000041,12000002,AD041,ADR02,False
32000042,12000002,AD042,ADR02,False
32000043,12000002,AD043,ADR02,False
32000044,12000002,AD044,ADR02,False
32000045,12000002,AD045,ADR02,False
32000046,12000002,AD046,ADR02,False
32000047,12000002,AD047,ADR02,False
32000048,12000002,AD048,ADR02,False
32000049,12000002,AD049,ADR02,False
32000050,12000002,AD050,ADR02,False
32000051,12000002,AD051,ADR02,False
32000052,12000002,AD052,ADR02,False
32000053,12000002,AD053,ADR02,False
32000054,12000002,AD054,ADR02,False
32000055,12000002,AD055,ADR02,False
32000056,12000002,AD056,ADR02,False
32000057,12000002,AD057,ADR02,False
32000058,12000002,AD058,ADR02,False
32000059,12000002,AD059,ADR02,False
32000060,12000002,AD060,ADR02,False
32000061,12000002,AD061,ADR02,False
32000062,12000002,AD062,ADR02,False
32000063,12000002,AD063,ADR02,False
32000064,12000002,AD064,ADR02,False
32000065,12000002,AD065,ADR02,False
32000066,12000002,AD066,ADR02,False
32000067,12000002,AD067,ADR02,False
32000068,12000002,AD068,ADR02,False
32000069,12000002,AD069,ADR02,False
32000070,12000002,AD070,ADR02,False
32000071,12000002,AD071,ADR02,False
32000072,12000002,AD072,ADR02,False
32000073,12000002,AD073,ADR02,False
32000074,12000002,AD074,ADR02,False
32000075,12000002,AD075,ADR02,False
32000076,12000002,AD076,ADR02,False
32000077,12000002,AD077,ADR02,False
32000078,12000002,AD078,ADR02,False
32000079,12000002,AD079,ADR02,False
32000080,12000002,AD080,ADR02,False
32000081,12000003,AD081,ADR03,False
32000082,12000003,AD082,ADR03,False
32000083,12000003,AD083,ADR03,False
32000084,12000003,AD084,ADR03,False
32000085,12000003,AD085,ADR03,False
32000086,12000003,AD086,ADR03,False
32000087,12000003,AD087,ADR03,False
32000088,12000003,AD088,ADR03,False
32000089,12000003,AD089,ADR03,False
32000090,12000003,AD090,ADR03,False
32000091,12000003,AD091,ADR03,False
32000092,12000003,AD092,ADR03,False
32000093,12000003,AD093,ADR03,False
32000094,12000003,AD094,ADR03,False
32000095,12000003,AD095,ADR03,False
32000096,12000003,AD096,ADR03,False
32000097,12000003,AD097,ADR03,False
32000098,12000003,AD098,ADR03,False
32000099,12000003,AD099,ADR03,False
32000100,12000003,AD100,ADR03,False
32000101,12000003,AD101,ADR03,False
32000102,12000003,AD102,ADR03,False
32000103,12000003,AD103,ADR03,False
32000104,12000003,AD104,ADR03,False
32000105,12000003,AD105,ADR03,False
32000106,12000003,AD106,ADR03,False
32000107,12000003,AD107,ADR03,False
32000108,12000003,AD108,ADR03,False
32000109,12000003,AD109,ADR03,False
32000110,12000003,AD110,ADR03,False
32000111,12000003,AD111,ADR03,False
32000112,12000003,AD112,ADR03,False
32000113,12000003,AD113,ADR03,False
32000114,12000003,AD114,ADR03,False
32000115,12000003,AD115,ADR03,False
32000116,12000003,AD116,ADR03,False
32000117,12000003,AD117,ADR03,False
32000118,12000003,AD118,ADR03,False
32000119,12000003,AD119,ADR03,False
32000120,12000003,AD120,ADR03,False
32000121,12000004,AD121,ADR04,False
32000122,12000004,AD122,ADR04,False
32000123,12000004,AD123,ADR04,False
32000124,12000004,AD124,ADR04,False
32000125,12000004,AD125,ADR04,False
32000126,12000004,AD126,ADR04,False
32000127,12000004,AD127,ADR04,False
32000128,12000004,AD128,ADR04,False
32000129,12000004,AD129,ADR04,False
32000130,12000004,AD130,ADR04,False
32000131,12000004,AD131,ADR04,False
32000132,12000004,AD132,ADR04,False
32000133,12000004,AD133,ADR04,False
32000134,12000004,AD134,ADR04,False
32000135,12000004,AD135,ADR04,False
32000136,12000004,AD136,ADR04,False
32000137,12000004,AD137,ADR04,False
32000138,12000004,AD138,ADR04,False
32000139,12000004,AD139,ADR04,False
32000140,12000004,AD140,ADR04,False
32000141,12000004,AD141,ADR04,False
32000142,12000004,AD142,ADR04,False
32000143,12000004,AD143,ADR04,False
32000144,12000004,AD144,ADR04,False
32000145,12000004,AD145,ADR04,False
32000146,12000004,AD146,ADR04,False
32000147,12000004,AD147,ADR04,False
32000148,12000004,AD148,ADR04,False
32000149,12000004,AD149,ADR04,False
32000150,12000004,AD150,ADR04,False
32000151,12000004,AD151,ADR04,False
32000152,12000004,AD152,ADR04,False
32000153,12000004,AD153,ADR04,False
32000154,12000004,AD154,ADR04,False
32000155,12000004,AD155,ADR04,False
32000156,12000004,AD156,ADR04,False
32000157,12000004,AD157,ADR04,False
32000158,12000004,AD158,ADR04,False
32000159,12000004,AD159,ADR04,False
32000160,12000004,AD160,ADR04,False
32000161,12000005,AD161,ADR05,False
32000162,12000005,AD162,ADR05,False
32000163,12000005,AD163,ADR05,False
32000164,12000005,AD164,ADR05,False
32000165,12000005,AD165,ADR05,False
32000166,12000005,AD166,ADR05,False
32000167,12000005,AD167,ADR05,False
32000168,12000005,AD168,ADR05,False
32000169,12000005,AD169,ADR05,False
32000170,12000005,AD170,ADR05,False
32000171,12000005,AD171,ADR05,False
32000172,12000005,AD172,ADR05,False
32000173,12000005,AD173,ADR05,False
32000174,12000005,AD174,ADR05,False
32000175,12000005,AD175,ADR05,False
32000176,12000005,AD176,ADR05,False
32000177,12000005,AD177,ADR05,False
32000178,12000005,AD178,ADR05,False
32000179,12000005,AD179,ADR05,False
32000180,12000005,AD180,ADR05,False
32000181,12000005,AD181,ADR05,False
32000182,12000005,AD182,ADR05,False
32000183,12000005,AD183,ADR05,False
32000184,12000005,AD184,ADR05,False
32000185,12000005,AD185,ADR05,False
32000186,12000005,AD186,ADR05,False
32000187,12000005,AD187,ADR05,False
32000188,12000005,AD188,ADR05,False
32000189,12000005,AD189,ADR05,False
32000190,12000005,AD190,ADR05,False
32000191,12000005,AD191,ADR05,False
32000192,12000005,AD192,ADR05,False
32000193,12000005,AD193,ADR05,False
32000194,12000005,AD194,ADR05,False
32000195,12000005,AD195,ADR05,False
32000196,12000005,AD196,ADR05,False
32000197,12000005,AD197,ADR05,False
32000198,12000005,AD198,ADR05,False
32000199,12000005,AD199,ADR05,False
32000200,12000005,AD200,ADR05,False
34000001,14000001,V-001,VR-01,False
34000002,14000001,V-002,VR-01,False
34000003,14000001,V-003,VR-01,False
34000004,14000001,V-004,VR-01,False
34000005,14000001,V-005,VR-01,False
34000006,14000001,V-006,VR-01,False
34000007,14000001,V-007,VR-01,False
34000008,14000001,V-008,VR-01,False
34000009,14000001,V-009,VR-01,False
34000010,14000001,V-010,VR-01,False
34000011,14000001,V-011,VR-01,False
34000012,14000001,V-012,VR-01,False
34000013,14000001,V-013,VR-01,False
34000014,14000001,V-014,VR-01,False
34000015,14000001,V-015,VR-01,False
34000016,14000001,V-016,VR-01,False
34000017,14000001,V-017,VR-01,False
34000018,14000001,V-018,VR-01,False
34000019,14000001,V-019,VR-01,False
34000020,14000001,V-020,VR-01,False
34000021,14000001,V-021,VR-01,False
34000022,14000001,V-022,VR-01,False
34000023,14000001,V-023,VR-01,False
34000024,14000001,V-024,VR-01,False
34000025,14000001,V-025,VR-01,False
34000026,14000001,V-026,VR-01,False
34000027,14000001,V-027,VR-01,False
34000028,14000001,V-028,VR-01,False
34000029,14000001,V-029,VR-01,False
34000030,14000001,V-030,VR-01,False
34000031,14000001,V-031,VR-01,False
34000032,14000001,V-032,VR-01,False
34000033,14000001,V-033,VR-01,False
34000034,14000001,V-034,VR-01,False
34000035,14000001,V-035,VR-01,False
34000036,14000001,V-036,VR-01,False
34000037,14000001,V-037,VR-01,False
34000038,14000001,V-038,VR-01,False
34000039,14000001,V-039,VR-01,False
34000040,14000001,V-040,VR-01,False
34000041,14000002,V-041,VR-02,False
34000042,14000002,V-042,VR-02,False
34000043,14000002,V-043,VR-02,False
34000044,14000002,V-044,VR-02,False
34000045,14000002,V-045,VR-02,False
34000046,14000002,V-046,VR-02,False
34000047,14000002,V-047,VR-02,False
34000048,14000002,V-048,VR-02,False
34000049,14000002,V-049,VR-02,False
34000050,14000002,V-050,VR-02,False
34000051,14000002,V-051,VR-02,False
34000052,14000002,V-052,VR-02,False
34000053,14000002,V-053,VR-02,False
34000054,14000002,V-054,VR-02,False
34000055,14000002,V-055,VR-02,False
34000056,14000002,V-056,VR-02,False
34000057,14000002,V-057,VR-02,False
34000058,14000002,V-058,VR-02,False
34000059,14000002,V-059,VR-02,False
34000060,14000002,V-060,VR-02,False
34000061,14000002,V-061,VR-02,False
34000062,14000002,V-062,VR-02,False
34000063,14000002,V-063,VR-02,False
34000064,14000002,V-064,VR-02,False
34000065,14000002,V-065,VR-02,False
34000066,14000002,V-066,VR-02,False
34000067,14000002,V-067,VR-02,False
34000068,14000002,V-068,VR-02,False
34000069,14000002,V-069,VR-02,False
34000070,14000002,V-070,VR-02,False
34000071,14000002,V-071,VR-02,False
34000072,14000002,V-072,VR-02,False
34000073,14000002,V-073,VR-02,False
34000074,14000002,V-074,VR-02,False
34000075,14000002,V-075,VR-02,False
34000076,14000002,V-076,VR-02,False
34000077,14000002,V-077,VR-02,False
34000078,14000002,V-078,VR-02,False
34000079,14000002,V-079,VR-02,False
34000080,14000002,V-080,VR-02,False
34000081,14000003,V-081,VR-03,False
34000082,14000003,V-082,VR-03,False
34000083,14000003,V-083,VR-03,False
34000084,14000003,V-084,VR-03,False
34000085,14000003,V-085,VR-03,False
34000086,14000003,V-086,VR-03,False
34000087,14000003,V-087,VR-03,False
34000088,14000003,V-088,VR-03,False
34000089,14000003,V-089,VR-03,False
34000090,14000003,V-090,VR-03,False
34000091,14000003,V-091,VR-03,False
34000092,14000003,V-092,VR-03,False
34000093,14000003,V-093,VR-03,False
34000094,14000003,V-094,VR-03,False
34000095,14000003,V-095,VR-03,False
34000096,14000003,V-096,VR-03,False
34000097,14000003,V-097,VR-03,False
34000098,14000003,V-098,VR-03,False
34000099,14000003,V-099,VR-03,False
34000100,14000003,V-100,VR-03,False
34000101,14000003,V-101,VR-03,False
34000102,14000003,V-102,VR-03,False
34000103,14000003,V-103,VR-03,False
34000104,14000003,V-104,VR-03,False
34000105,14000003,V-105,VR-03,False
34000106,14000003,V-106,VR-03,False
34000107,14000003,V-107,VR-03,False
34000108,14000003,V-108,VR-03,False
34000109,14000003,V-109,VR-03,False
34000110,14000003,V-110,VR-03,False
34000111,14000003,V-111,VR-03,False
34000112,14000003,V-112,VR-03,False
34000113,14000003,V-113,VR-03,False
34000114,14000003,V-114,VR-03,False
34000115,14000003,V-115,VR-03,False
34000116,14000003,V-116,VR-03,False
34000117,14000003,V-117,VR-03,False
34000118,14000003,V-118,VR-03,False
34000119,14000003,V-119,VR-03,False
34000120,14000003,V-120,VR-03,False
34000121,14000004,V-121,VR-04,False
34000122,14000004,V-122,VR-04,False
34000123,14000004,V-123,VR-04,False
34000124,14000004,V-124,VR-04,False
34000125,14000004,V-125,VR-04,False
34000126,14000004,V-126,VR-04,False
34000127,14000004,V-127,VR-04,False
34000128,14000004,V-128,VR-04,False
34000129,14000004,V-129,VR-04,False
34000130,14000004,V-130,VR-04,False
34000131,14000004,V-131,VR-04,False
34000132,14000004,V-132,VR-04,False
34000133,14000004,V-133,VR-04,False
34000134,14000004,V-134,VR-04,False
34000135,14000004,V-135,VR-04,False
34000136,14000004,V-136,VR-04,False
34000137,14000004,V-137,VR-04,False
34000138,14000004,V-138,VR-04,False
34000139,14000004,V-139,VR-04,False
34000140,14000004,V-140,VR-04,False
34000141,14000004,V-141,VR-04,False
34000142,14000004,V-142,VR-04,False
34000143,14000004,V-143,VR-04,False
34000144,14000004,V-144,VR-04,False
34000145,14000004,V-145,VR-04,False
34000146,14000004,V-146,VR-04,False
34000147,14000004,V-147,VR-04,False
34000148,14000004,V-148,VR-04,False
34000149,14000004,V-149,VR-04,False
34000150,14000004,V-150,VR-04,False
34000151,14000004,V-151,VR-04,False
34000152,14000004,V-152,VR-04,False
34000153,14000004,V-153,VR-04,False
34000154,14000004,V-154,VR-04,False
34000155,14000004,V-155,VR-04,False
34000156,14000004,V-156,VR-04,False
34000157,14000004,V-157,VR-04,False
34000158,14000004,V-158,VR-04,False
34000159,14000004,V-159,VR-04,False
34000160,14000004,V-160,VR-04,False
34000161,14000005,V-161,VR-05,False
34000162,14000005,V-162,VR-05,False
34000163,14000005,V-163,VR-05,False
34000164,14000005,V-164,VR-05,False
34000165,14000005,V-165,VR-05,False
34000166,14000005,V-166,VR-05,False
34000167,14000005,V-167,VR-05,False
34000168,14000005,V-168,VR-05,False
34000169,14000005,V-169,VR-05,False
34000170,14000005,V-170,VR-05,False
34000171,14000005,V-171,VR-05,False
34000172,14000005,V-172,VR-05,False
34000173,14000005,V-173,VR-05,False
34000174,14000005,V-174,VR-05,False
34000175,14000005,V-175,VR-05,False
34000176,14000005,V-176,VR-05,False
34000177,14000005,V-177,VR-05,False
34000178,14000005,V-178,VR-05,False
34000179,14000005,V-179,VR-05,False
34000180,14000005,V-180,VR-05,False
34000181,14000005,V-181,VR-05,False
34000182,14000005,V-182,VR-05,False
34000183,14000005,V-183,VR-05,False
34000184,14000005,V-184,VR-05,False
34000185,14000005,V-185,VR-05,False
34000186,14000005,V-186,VR-05,False
34000187,14000005,V-187,VR-05,False
34000188,14000005,V-188,VR-05,False
34000189,14000005,V-189,VR-05,False
34000190,14000005,V-190,VR-05,False
34000191,14000005,V-191,VR-05,False
34000192,14000005,V-192,VR-05,False
34000193,14000005,V-193,VR-05,False
34000194,14000005,V-194,VR-05,False
34000195,14000005,V-195,VR-05,False
34000196,14000005,V-196,VR-05,False
34000197,14000005,V-197,VR-05,False
34000198,14000005,V-198,VR-05,False
34000199,14000005,V-199,VR-05,False
34000200,14000005,V-200,VR-05,False
36000001,19000001,GPMS-01,GPMR-01,False
