transaction_id,system_id,issued,type_id,volume_total,destroyed_isk
133407841_670,30000142,2026-02-16T00:30:04Z,670,1,
133407849_656,30000142,2026-02-16T00:30:53Z,656,1,
133407871_597,30000142,2026-02-16T00:32:01Z,597,1,
133407887_670,30000142,2026-02-16T00:32:27Z,670,1,
133407897_602,30000142,2026-02-16T00:33:10Z,602,1,
133407907_607,30000142,2026-02-16T00:33:52Z,607,1,
133407917_670,30000142,2026-02-16T00:34:27Z,670,1,
133408159_589,30000142,2026-02-16T00:52:54Z,589,1,
133408163_670,30000142,2026-02-16T00:53:04Z,670,1,
133408221_16240,30000142,2026-02-16T00:57:26Z,16240,1,
133408397_12745,30000142,2026-02-16T01:11:00Z,12745,1,
133408435_670,30000142,2026-02-16T01:13:28Z,670,1,
133408956_670,30000142,2026-02-16T01:48:28Z,670,1,
133409094_11377,30000142,2026-02-16T02:00:03Z,11377,1,
133409101_11377,30000142,2026-02-16T02:00:18Z,11377,1,
133409163_37454,30000142,2026-02-16T02:05:15Z,37454,1,
133409328_630,30000142,2026-02-16T02:13:21Z,630,1,
133409363_629,30000142,2026-02-16T02:15:24Z,629,1,
133409407_11377,30000142,2026-02-16T02:18:28Z,11377,1,
133409411_631,30000142,2026-02-16T02:19:13Z,631,1,
133409432_670,30000142,2026-02-16T02:21:29Z,670,1,
133409455_622,30000142,2026-02-16T02:22:46Z,622,1,
133409523_2863,30000142,2026-02-16T02:25:50Z,2863,1,
133409588_72913,30000142,2026-02-16T02:29:33Z,72913,1,
133409593_32872,30000142,2026-02-16T02:29:47Z,32872,1,
133409642_37456,30000142,2026-02-16T02:32:22Z,37456,1,
133409703_16240,30000142,2026-02-16T02:35:33Z,16240,1,
133409707_17841,30000142,2026-02-16T02:35:45Z,17841,1,
133409738_672,30000142,2026-02-16T02:37:30Z,672,1,
133409748_29266,30000142,2026-02-16T02:38:06Z,29266,1,
133409749_21097,30000142,2026-02-16T02:38:06Z,21097,1,
133409750_29248,30000142,2026-02-16T02:38:07Z,29248,1,
133409751_586,30000142,2026-02-16T02:38:07Z,586,1,
133409752_607,30000142,2026-02-16T02:38:07Z,607,1,
133409753_34496,30000142,2026-02-16T02:38:07Z,34496,1,
133409754_605,30000142,2026-02-16T02:38:07Z,605,1,
133409755_590,30000142,2026-02-16T02:38:07Z,590,1,
133409756_608,30000142,2026-02-16T02:38:07Z,608,1,
133409757_585,30000142,2026-02-16T02:38:07Z,585,1,
133409758_583,30000142,2026-02-16T02:38:07Z,583,1,
133409759_593,30000142,2026-02-16T02:38:09Z,593,1,
133409760_598,30000142,2026-02-16T02:38:09Z,598,1,
133409761_602,30000142,2026-02-16T02:38:09Z,602,1,
133409762_37456,30000142,2026-02-16T02:38:13Z,37456,1,
133409763_597,30000142,2026-02-16T02:38:13Z,597,1,
133409764_37454,30000142,2026-02-16T02:38:13Z,37454,1,
133409765_72903,30000142,2026-02-16T02:38:13Z,72903,1,
133409766_72913,30000142,2026-02-16T02:38:15Z,72913,1,
133409767_17703,30000142,2026-02-16T02:38:16Z,17703,1,
133409773_670,30000142,2026-02-16T02:38:29Z,670,1,
133409784_72904,30000142,2026-02-16T02:39:06Z,72904,1,
133409789_670,30000142,2026-02-16T02:39:29Z,670,1,
133409790_670,30000142,2026-02-16T02:39:29Z,670,1,
133409792_670,30000142,2026-02-16T02:39:29Z,670,1,
133409793_670,30000142,2026-02-16T02:39:29Z,670,1,
133409794_670,30000142,2026-02-16T02:39:29Z,670,1,
133409795_670,30000142,2026-02-16T02:39:29Z,670,1,
133409796_670,30000142,2026-02-16T02:39:29Z,670,1,
133409797_670,30000142,2026-02-16T02:39:29Z,670,1,
133409798_670,30000142,2026-02-16T02:39:29Z,670,1,
133409799_670,30000142,2026-02-16T02:39:29Z,670,1,
133409800_670,30000142,2026-02-16T02:39:29Z,670,1,
133409801_670,30000142,2026-02-16T02:39:29Z,670,1,
133409802_670,30000142,2026-02-16T02:39:30Z,670,1,
133409803_670,30000142,2026-02-16T02:39:30Z,670,1,
133409804_670,30000142,2026-02-16T02:39:30Z,670,1,
133409805_670,30000142,2026-02-16T02:39:30Z,670,1,
133409806_670,30000142,2026-02-16T02:39:30Z,670,1,
133409807_670,30000142,2026-02-16T02:39:30Z,670,1,
133409808_32876,30000142,2026-02-16T02:39:30Z,32876,1,
133409809_670,30000142,2026-02-16T02:39:30Z,670,1,
133409810_670,30000142,2026-02-16T02:39:30Z,670,1,
133409865_37455,30000142,2026-02-16T02:42:16Z,37455,1,
133409902_16238,30000142,2026-02-16T02:44:33Z,16238,1,
133409909_1944,30000142,2026-02-16T02:45:13Z,1944,1,
133409934_32874,30000142,2026-02-16T02:47:39Z,32874,1,
133409945_11132,30000142,2026-02-16T02:47:56Z,11132,1,
133409960_17619,30000142,2026-02-16T02:48:52Z,17619,1,
133409970_670,30000142,2026-02-16T02:49:30Z,670,1,
133409995_19744,30000142,2026-02-16T02:50:36Z,19744,1,
133410024_623,30000142,2026-02-16T02:51:38Z,623,1,
133410048_672,30000142,2026-02-16T02:52:47Z,672,1,
133410064_670,30000142,2026-02-16T02:53:30Z,670,1,
133410082_656,30000142,2026-02-16T02:55:08Z,656,1,
133410085_620,30000142,2026-02-16T02:55:26Z,620,1,
133410114_670,30000142,2026-02-16T02:57:30Z,670,1,
133410116_2006,30000142,2026-02-16T02:57:36Z,2006,1,
133410166_624,30000142,2026-02-16T03:00:26Z,624,1,
133410207_628,30000142,2026-02-16T03:02:44Z,628,1,
133410234_17619,30000142,2026-02-16T03:04:10Z,17619,1,
133410259_621,30000142,2026-02-16T03:06:31Z,621,1,
133410281_29248,30000142,2026-02-16T03:07:43Z,29248,1,
133410328_650,30000142,2026-02-16T03:10:14Z,650,1,
133410367_625,30000142,2026-02-16T03:12:28Z,625,1,
133410381_590,30000142,2026-02-16T03:13:02Z,590,1,
133410384_11178,30000142,2026-02-16T03:13:24Z,11178,1,
133410386_16236,30000142,2026-02-16T03:13:35Z,16236,1,
133410417_651,30000142,2026-02-16T03:15:46Z,651,1,
133410430_652,30000142,2026-02-16T03:16:39Z,652,1,
133410468_2161,30000142,2026-02-16T03:19:05Z,2161,1,
133410509_17619,30000142,2026-02-16T03:21:27Z,17619,1,
133410535_29266,30000142,2026-02-16T03:22:31Z,29266,1,
133410536_21097,30000142,2026-02-16T03:22:31Z,21097,1,
133410538_586,30000142,2026-02-16T03:22:32Z,586,1,
133410539_605,30000142,2026-02-16T03:22:32Z,605,1,
133410540_607,30000142,2026-02-16T03:22:32Z,607,1,
133410541_29248,30000142,2026-02-16T03:22:32Z,29248,1,
133410542_34496,30000142,2026-02-16T03:22:32Z,34496,1,
133410543_583,30000142,2026-02-16T03:22:35Z,583,1,
133410544_590,30000142,2026-02-16T03:22:35Z,590,1,
133410545_585,30000142,2026-02-16T03:22:35Z,585,1,
133410546_598,30000142,2026-02-16T03:22:36Z,598,1,
133410548_602,30000142,2026-02-16T03:22:40Z,602,1,
133410549_593,30000142,2026-02-16T03:22:40Z,593,1,
133410550_72904,30000142,2026-02-16T03:22:40Z,72904,1,
133410551_37456,30000142,2026-02-16T03:22:40Z,37456,1,
133410552_72903,30000142,2026-02-16T03:22:40Z,72903,1,
133410553_597,30000142,2026-02-16T03:22:40Z,597,1,
133410554_37454,30000142,2026-02-16T03:22:40Z,37454,1,
133410555_72913,30000142,2026-02-16T03:22:40Z,72913,1,
133410556_17703,30000142,2026-02-16T03:22:41Z,17703,1,
133410571_670,30000142,2026-02-16T03:23:30Z,670,1,
133410572_670,30000142,2026-02-16T03:23:30Z,670,1,
133410573_670,30000142,2026-02-16T03:23:30Z,670,1,
133410574_670,30000142,2026-02-16T03:23:30Z,670,1,
133410575_670,30000142,2026-02-16T03:23:30Z,670,1,
133410576_670,30000142,2026-02-16T03:23:30Z,670,1,
133410577_670,30000142,2026-02-16T03:23:30Z,670,1,
133410578_670,30000142,2026-02-16T03:23:30Z,670,1,
133410579_670,30000142,2026-02-16T03:23:30Z,670,1,
133410580_670,30000142,2026-02-16T03:23:30Z,670,1,
133410581_670,30000142,2026-02-16T03:23:30Z,670,1,
133410582_670,30000142,2026-02-16T03:23:30Z,670,1,
133410583_670,30000142,2026-02-16T03:23:30Z,670,1,
133410584_670,30000142,2026-02-16T03:23:30Z,670,1,
133410585_670,30000142,2026-02-16T03:23:31Z,670,1,
133410586_670,30000142,2026-02-16T03:23:31Z,670,1,
133410587_670,30000142,2026-02-16T03:23:31Z,670,1,
133410588_670,30000142,2026-02-16T03:23:31Z,670,1,
133410589_670,30000142,2026-02-16T03:23:31Z,670,1,
133410590_670,30000142,2026-02-16T03:23:31Z,670,1,
133410611_72907,30000142,2026-02-16T03:24:57Z,72907,1,
133410648_29266,30000142,2026-02-16T03:26:59Z,29266,1,
133410649_21097,30000142,2026-02-16T03:27:00Z,21097,1,
133410650_607,30000142,2026-02-16T03:27:01Z,607,1,
133410651_34496,30000142,2026-02-16T03:27:01Z,34496,1,
133410652_29248,30000142,2026-02-16T03:27:01Z,29248,1,
133410653_586,30000142,2026-02-16T03:27:01Z,586,1,
133410654_605,30000142,2026-02-16T03:27:01Z,605,1,
133410655_590,30000142,2026-02-16T03:27:01Z,590,1,
133410656_608,30000142,2026-02-16T03:27:01Z,608,1,
133410657_585,30000142,2026-02-16T03:27:01Z,585,1,
133410658_598,30000142,2026-02-16T03:27:04Z,598,1,
133410660_602,30000142,2026-02-16T03:27:09Z,602,1,
133410661_593,30000142,2026-02-16T03:27:09Z,593,1,
133410662_37454,30000142,2026-02-16T03:27:09Z,37454,1,
133410663_37456,30000142,2026-02-16T03:27:09Z,37456,1,
133410664_72903,30000142,2026-02-16T03:27:09Z,72903,1,
133410665_597,30000142,2026-02-16T03:27:09Z,597,1,
133410666_72913,30000142,2026-02-16T03:27:09Z,72913,1,
133410667_17703,30000142,2026-02-16T03:27:10Z,17703,1,
133410689_670,30000142,2026-02-16T03:28:31Z,670,1,
133410690_670,30000142,2026-02-16T03:28:31Z,670,1,
133410691_670,30000142,2026-02-16T03:28:31Z,670,1,
133410692_670,30000142,2026-02-16T03:28:31Z,670,1,
133410693_670,30000142,2026-02-16T03:28:31Z,670,1,
133410694_670,30000142,2026-02-16T03:28:31Z,670,1,
133410695_670,30000142,2026-02-16T03:28:31Z,670,1,
133410696_670,30000142,2026-02-16T03:28:31Z,670,1,
133410697_670,30000142,2026-02-16T03:28:31Z,670,1,
133410698_670,30000142,2026-02-16T03:28:31Z,670,1,
133410699_670,30000142,2026-02-16T03:28:31Z,670,1,
133410700_670,30000142,2026-02-16T03:28:31Z,670,1,
133410701_670,30000142,2026-02-16T03:28:31Z,670,1,
133410702_670,30000142,2026-02-16T03:28:31Z,670,1,
133410703_670,30000142,2026-02-16T03:28:31Z,670,1,
133410704_670,30000142,2026-02-16T03:28:31Z,670,1,
133410705_670,30000142,2026-02-16T03:28:32Z,670,1,
133410706_670,30000142,2026-02-16T03:28:32Z,670,1,
133410707_670,30000142,2026-02-16T03:28:32Z,670,1,
133410723_72904,30000142,2026-02-16T03:29:13Z,72904,1,
133410727_37453,30000142,2026-02-16T03:29:35Z,37453,1,
133410732_11387,30000142,2026-02-16T03:29:49Z,11387,1,
133410735_629,30000142,2026-02-16T03:29:56Z,629,1,
133410751_670,30000142,2026-02-16T03:30:32Z,670,1,
133410807_17703,30000142,2026-02-16T03:34:01Z,17703,1,
133410815_29266,30000142,2026-02-16T03:34:17Z,29266,1,
133410816_21097,30000142,2026-02-16T03:34:18Z,21097,1,
133410817_607,30000142,2026-02-16T03:34:18Z,607,1,
133410818_29248,30000142,2026-02-16T03:34:18Z,29248,1,
133410819_586,30000142,2026-02-16T03:34:18Z,586,1,
133410820_34496,30000142,2026-02-16T03:34:18Z,34496,1,
133410822_590,30000142,2026-02-16T03:34:21Z,590,1,
133410823_608,30000142,2026-02-16T03:34:21Z,608,1,
133410824_583,30000142,2026-02-16T03:34:21Z,583,1,
133410825_585,30000142,2026-02-16T03:34:21Z,585,1,
133410826_598,30000142,2026-02-16T03:34:21Z,598,1,
133410827_593,30000142,2026-02-16T03:34:28Z,593,1,
133410828_602,30000142,2026-02-16T03:34:28Z,602,1,
133410829_37454,30000142,2026-02-16T03:34:28Z,37454,1,
133410830_37456,30000142,2026-02-16T03:34:28Z,37456,1,
133410831_72904,30000142,2026-02-16T03:34:28Z,72904,1,
133410832_72903,30000142,2026-02-16T03:34:28Z,72903,1,
133410833_597,30000142,2026-02-16T03:34:28Z,597,1,
133410834_72913,30000142,2026-02-16T03:34:29Z,72913,1,
133410836_17703,30000142,2026-02-16T03:34:32Z,17703,1,
133410854_670,30000142,2026-02-16T03:35:32Z,670,1,
133410855_670,30000142,2026-02-16T03:35:32Z,670,1,
133410856_670,30000142,2026-02-16T03:35:32Z,670,1,
133410857_670,30000142,2026-02-16T03:35:32Z,670,1,
133410858_670,30000142,2026-02-16T03:35:32Z,670,1,
133410859_670,30000142,2026-02-16T03:35:32Z,670,1,
133410860_670,30000142,2026-02-16T03:35:32Z,670,1,
133410861_670,30000142,2026-02-16T03:35:32Z,670,1,
133410862_670,30000142,2026-02-16T03:35:32Z,670,1,
133410863_670,30000142,2026-02-16T03:35:32Z,670,1,
133410865_670,30000142,2026-02-16T03:35:32Z,670,1,
133410867_670,30000142,2026-02-16T03:35:32Z,670,1,
133410868_670,30000142,2026-02-16T03:35:32Z,670,1,
133410869_670,30000142,2026-02-16T03:35:32Z,670,1,
133410870_670,30000142,2026-02-16T03:35:32Z,670,1,
133410871_670,30000142,2026-02-16T03:35:32Z,670,1,
133410872_670,30000142,2026-02-16T03:35:32Z,670,1,
133410873_670,30000142,2026-02-16T03:35:32Z,670,1,
133410874_670,30000142,2026-02-16T03:35:32Z,670,1,
133410875_670,30000142,2026-02-16T03:35:32Z,670,1,
133411003_11196,30000142,2026-02-16T03:44:36Z,11196,1,
133411010_29266,30000142,2026-02-16T03:44:46Z,29266,1,
133411011_21097,30000142,2026-02-16T03:44:46Z,21097,1,
133411012_605,30000142,2026-02-16T03:44:47Z,605,1,
133411013_34496,30000142,2026-02-16T03:44:47Z,34496,1,
133411014_586,30000142,2026-02-16T03:44:47Z,586,1,
133411015_29248,30000142,2026-02-16T03:44:47Z,29248,1,
133411016_583,30000142,2026-02-16T03:44:47Z,583,1,
133411017_590,30000142,2026-02-16T03:44:47Z,590,1,
133411018_585,30000142,2026-02-16T03:44:47Z,585,1,
133411019_608,30000142,2026-02-16T03:44:47Z,608,1,
133411020_598,30000142,2026-02-16T03:44:48Z,598,1,
133411027_602,30000142,2026-02-16T03:44:55Z,602,1,
133411028_593,30000142,2026-02-16T03:44:55Z,593,1,
133411029_37456,30000142,2026-02-16T03:44:55Z,37456,1,
133411030_37454,30000142,2026-02-16T03:44:55Z,37454,1,
133411031_597,30000142,2026-02-16T03:44:55Z,597,1,
133411032_72903,30000142,2026-02-16T03:44:55Z,72903,1,
133411033_72904,30000142,2026-02-16T03:44:55Z,72904,1,
133411034_72913,30000142,2026-02-16T03:44:55Z,72913,1,
133411035_17703,30000142,2026-02-16T03:44:56Z,17703,1,
133411045_670,30000142,2026-02-16T03:45:33Z,670,1,
133411046_670,30000142,2026-02-16T03:45:33Z,670,1,
133411047_670,30000142,2026-02-16T03:45:33Z,670,1,
133411048_670,30000142,2026-02-16T03:45:33Z,670,1,
133411049_670,30000142,2026-02-16T03:45:33Z,670,1,
133411050_670,30000142,2026-02-16T03:45:33Z,670,1,
133411051_670,30000142,2026-02-16T03:45:33Z,670,1,
133411052_670,30000142,2026-02-16T03:45:33Z,670,1,
133411053_670,30000142,2026-02-16T03:45:33Z,670,1,
133411054_670,30000142,2026-02-16T03:45:33Z,670,1,
133411055_670,30000142,2026-02-16T03:45:33Z,670,1,
133411079_670,30000142,2026-02-16T03:46:33Z,670,1,
133411080_670,30000142,2026-02-16T03:46:33Z,670,1,
133411081_670,30000142,2026-02-16T03:46:33Z,670,1,
133411082_670,30000142,2026-02-16T03:46:33Z,670,1,
133411083_670,30000142,2026-02-16T03:46:33Z,670,1,
133411084_670,30000142,2026-02-16T03:46:33Z,670,1,
133411085_670,30000142,2026-02-16T03:46:33Z,670,1,
133411086_670,30000142,2026-02-16T03:46:33Z,670,1,
133411087_670,30000142,2026-02-16T03:46:34Z,670,1,
133411154_29266,30000142,2026-02-16T03:49:48Z,29266,1,
133411155_21097,30000142,2026-02-16T03:49:48Z,21097,1,
133411156_34496,30000142,2026-02-16T03:49:49Z,34496,1,
133411157_605,30000142,2026-02-16T03:49:49Z,605,1,
133411158_29248,30000142,2026-02-16T03:49:49Z,29248,1,
133411159_607,30000142,2026-02-16T03:49:49Z,607,1,
133411161_585,30000142,2026-02-16T03:49:49Z,585,1,
133411162_583,30000142,2026-02-16T03:49:49Z,583,1,
133411163_590,30000142,2026-02-16T03:49:49Z,590,1,
133411164_608,30000142,2026-02-16T03:49:49Z,608,1,
133411165_598,30000142,2026-02-16T03:49:50Z,598,1,
133411166_593,30000142,2026-02-16T03:49:57Z,593,1,
133411167_602,30000142,2026-02-16T03:49:57Z,602,1,
133411168_597,30000142,2026-02-16T03:49:57Z,597,1,
133411169_72903,30000142,2026-02-16T03:49:57Z,72903,1,
133411170_72904,30000142,2026-02-16T03:49:57Z,72904,1,
133411171_37454,30000142,2026-02-16T03:49:57Z,37454,1,
133411172_37456,30000142,2026-02-16T03:49:57Z,37456,1,
133411173_72913,30000142,2026-02-16T03:49:57Z,72913,1,
133411174_17703,30000142,2026-02-16T03:49:58Z,17703,1,
133411181_670,30000142,2026-02-16T03:50:34Z,670,1,
133411182_670,30000142,2026-02-16T03:50:34Z,670,1,
133411183_670,30000142,2026-02-16T03:50:34Z,670,1,
133411184_670,30000142,2026-02-16T03:50:34Z,670,1,
133411185_670,30000142,2026-02-16T03:50:34Z,670,1,
133411186_670,30000142,2026-02-16T03:50:34Z,670,1,
133411187_670,30000142,2026-02-16T03:50:34Z,670,1,
133411188_670,30000142,2026-02-16T03:50:34Z,670,1,
133411189_670,30000142,2026-02-16T03:50:34Z,670,1,
133411190_670,30000142,2026-02-16T03:50:34Z,670,1,
133411191_670,30000142,2026-02-16T03:50:34Z,670,1,
133411192_670,30000142,2026-02-16T03:50:34Z,670,1,
133411193_670,30000142,2026-02-16T03:50:34Z,670,1,
133411194_670,30000142,2026-02-16T03:50:34Z,670,1,
133411195_670,30000142,2026-02-16T03:50:34Z,670,1,
133411196_670,30000142,2026-02-16T03:50:34Z,670,1,
133411197_670,30000142,2026-02-16T03:50:34Z,670,1,
133411198_670,30000142,2026-02-16T03:50:34Z,670,1,
133411199_670,30000142,2026-02-16T03:50:34Z,670,1,
133411206_670,30000142,2026-02-16T03:51:34Z,670,1,
133411207_11184,30000142,2026-02-16T03:51:44Z,11184,1,
133411234_11198,30000142,2026-02-16T03:53:42Z,11198,1,
133411235_21097,30000142,2026-02-16T03:53:50Z,21097,1,
133411236_605,30000142,2026-02-16T03:53:50Z,605,1,
133411237_607,30000142,2026-02-16T03:53:50Z,607,1,
133411238_34496,30000142,2026-02-16T03:53:50Z,34496,1,
133411239_29248,30000142,2026-02-16T03:53:50Z,29248,1,
133411240_586,30000142,2026-02-16T03:53:50Z,586,1,
133411242_585,30000142,2026-02-16T03:53:53Z,585,1,
133411243_583,30000142,2026-02-16T03:53:53Z,583,1,
133411244_590,30000142,2026-02-16T03:53:53Z,590,1,
133411245_608,30000142,2026-02-16T03:53:53Z,608,1,
133411246_598,30000142,2026-02-16T03:53:53Z,598,1,
133411248_16240,30000142,2026-02-16T03:53:58Z,16240,1,
133411249_593,30000142,2026-02-16T03:53:59Z,593,1,
133411250_602,30000142,2026-02-16T03:53:59Z,602,1,
133411251_72904,30000142,2026-02-16T03:53:59Z,72904,1,
133411252_72903,30000142,2026-02-16T03:53:59Z,72903,1,
133411253_37454,30000142,2026-02-16T03:53:59Z,37454,1,
133411254_597,30000142,2026-02-16T03:53:59Z,597,1,
133411255_37456,30000142,2026-02-16T03:53:59Z,37456,1,
133411256_72913,30000142,2026-02-16T03:53:59Z,72913,1,
133411257_17703,30000142,2026-02-16T03:54:00Z,17703,1,
133411271_670,30000142,2026-02-16T03:54:34Z,670,1,
133411272_670,30000142,2026-02-16T03:54:34Z,670,1,
133411273_670,30000142,2026-02-16T03:54:34Z,670,1,
133411274_670,30000142,2026-02-16T03:54:34Z,670,1,
133411275_670,30000142,2026-02-16T03:54:34Z,670,1,
133411276_670,30000142,2026-02-16T03:54:34Z,670,1,
133411277_670,30000142,2026-02-16T03:54:34Z,670,1,
133411278_670,30000142,2026-02-16T03:54:34Z,670,1,
133411279_670,30000142,2026-02-16T03:54:34Z,670,1,
133411280_670,30000142,2026-02-16T03:54:34Z,670,1,
133411281_670,30000142,2026-02-16T03:54:34Z,670,1,
133411291_670,30000142,2026-02-16T03:55:34Z,670,1,
133411292_670,30000142,2026-02-16T03:55:34Z,670,1,
133411293_670,30000142,2026-02-16T03:55:34Z,670,1,
133411294_670,30000142,2026-02-16T03:55:34Z,670,1,
133411295_670,30000142,2026-02-16T03:55:34Z,670,1,
133411296_670,30000142,2026-02-16T03:55:34Z,670,1,
133411297_670,30000142,2026-02-16T03:55:34Z,670,1,
133411298_670,30000142,2026-02-16T03:55:34Z,670,1,
133411299_670,30000142,2026-02-16T03:55:34Z,670,1,
133411326_29266,30000142,2026-02-16T03:57:49Z,29266,1,
133411328_29248,30000142,2026-02-16T03:57:50Z,29248,1,
133411329_586,30000142,2026-02-16T03:57:50Z,586,1,
133411330_605,30000142,2026-02-16T03:57:50Z,605,1,
133411331_607,30000142,2026-02-16T03:57:50Z,607,1,
133411332_34496,30000142,2026-02-16T03:57:50Z,34496,1,
133411333_608,30000142,2026-02-16T03:57:50Z,608,1,
133411334_585,30000142,2026-02-16T03:57:50Z,585,1,
133411335_583,30000142,2026-02-16T03:57:50Z,583,1,
133411336_590,30000142,2026-02-16T03:57:50Z,590,1,
133411337_598,30000142,2026-02-16T03:57:51Z,598,1,
133411338_593,30000142,2026-02-16T03:57:58Z,593,1,
133411339_602,30000142,2026-02-16T03:57:58Z,602,1,
133411340_597,30000142,2026-02-16T03:57:58Z,597,1,
133411341_37454,30000142,2026-02-16T03:57:58Z,37454,1,
133411342_72903,30000142,2026-02-16T03:57:58Z,72903,1,
133411343_72904,30000142,2026-02-16T03:57:58Z,72904,1,
133411344_37456,30000142,2026-02-16T03:57:58Z,37456,1,
133411345_72913,30000142,2026-02-16T03:57:58Z,72913,1,
133411346_17703,30000142,2026-02-16T03:58:00Z,17703,1,
133411357_670,30000142,2026-02-16T03:58:34Z,670,1,
133411358_670,30000142,2026-02-16T03:58:34Z,670,1,
133411359_670,30000142,2026-02-16T03:58:34Z,670,1,
133411360_670,30000142,2026-02-16T03:58:34Z,670,1,
133411361_670,30000142,2026-02-16T03:58:34Z,670,1,
133411362_670,30000142,2026-02-16T03:58:34Z,670,1,
133411363_670,30000142,2026-02-16T03:58:34Z,670,1,
133411364_670,30000142,2026-02-16T03:58:34Z,670,1,
133411365_670,30000142,2026-02-16T03:58:34Z,670,1,
133411366_670,30000142,2026-02-16T03:58:34Z,670,1,
133411367_670,30000142,2026-02-16T03:58:34Z,670,1,
133411368_670,30000142,2026-02-16T03:58:34Z,670,1,
133411369_670,30000142,2026-02-16T03:58:34Z,670,1,
133411370_670,30000142,2026-02-16T03:58:34Z,670,1,
133411371_670,30000142,2026-02-16T03:58:34Z,670,1,
133411372_670,30000142,2026-02-16T03:58:34Z,670,1,
133411373_670,30000142,2026-02-16T03:58:34Z,670,1,
133411374_670,30000142,2026-02-16T03:58:34Z,670,1,
133411375_670,30000142,2026-02-16T03:58:34Z,670,1,
133411389_670,30000142,2026-02-16T03:59:34Z,670,1,
133411413_29266,30000142,2026-02-16T04:02:40Z,29266,1,
133411414_29248,30000142,2026-02-16T04:02:41Z,29248,1,
133411415_605,30000142,2026-02-16T04:02:41Z,605,1,
133411416_586,30000142,2026-02-16T04:02:41Z,586,1,
133411417_21097,30000142,2026-02-16T04:02:41Z,21097,1,
133411418_607,30000142,2026-02-16T04:02:41Z,607,1,
133411419_583,30000142,2026-02-16T04:02:41Z,583,1,
133411420_608,30000142,2026-02-16T04:02:41Z,608,1,
133411421_590,30000142,2026-02-16T04:02:41Z,590,1,
133411423_602,30000142,2026-02-16T04:02:49Z,602,1,
133411424_598,30000142,2026-02-16T04:02:49Z,598,1,
133411425_72904,30000142,2026-02-16T04:02:49Z,72904,1,
133411426_597,30000142,2026-02-16T04:02:49Z,597,1,
133411427_593,30000142,2026-02-16T04:02:49Z,593,1,
133411428_37454,30000142,2026-02-16T04:02:49Z,37454,1,
133411429_72903,30000142,2026-02-16T04:02:49Z,72903,1,
133411430_37456,30000142,2026-02-16T04:02:49Z,37456,1,
133411431_72913,30000142,2026-02-16T04:02:49Z,72913,1,
133411433_17703,30000142,2026-02-16T04:02:50Z,17703,1,
133411443_670,30000142,2026-02-16T04:03:35Z,670,1,
133411444_670,30000142,2026-02-16T04:03:35Z,670,1,
133411445_670,30000142,2026-02-16T04:03:35Z,670,1,
133411446_670,30000142,2026-02-16T04:03:35Z,670,1,
133411447_670,30000142,2026-02-16T04:03:35Z,670,1,
133411448_670,30000142,2026-02-16T04:03:35Z,670,1,
133411449_670,30000142,2026-02-16T04:03:35Z,670,1,
133411450_670,30000142,2026-02-16T04:03:35Z,670,1,
133411451_670,30000142,2026-02-16T04:03:35Z,670,1,
133411452_670,30000142,2026-02-16T04:03:35Z,670,1,
133411453_670,30000142,2026-02-16T04:03:35Z,670,1,
133411454_670,30000142,2026-02-16T04:03:35Z,670,1,
133411455_670,30000142,2026-02-16T04:03:35Z,670,1,
133411456_670,30000142,2026-02-16T04:03:35Z,670,1,
133411457_670,30000142,2026-02-16T04:03:35Z,670,1,
133411458_670,30000142,2026-02-16T04:03:35Z,670,1,
133411459_670,30000142,2026-02-16T04:03:35Z,670,1,
133411460_670,30000142,2026-02-16T04:03:35Z,670,1,
133411461_670,30000142,2026-02-16T04:03:35Z,670,1,
133411462_670,30000142,2026-02-16T04:03:35Z,670,1,
133411511_29266,30000142,2026-02-16T04:07:19Z,29266,1,
133411512_21097,30000142,2026-02-16T04:07:20Z,21097,1,
133411513_586,30000142,2026-02-16T04:07:20Z,586,1,
133411514_605,30000142,2026-02-16T04:07:20Z,605,1,
133411515_607,30000142,2026-02-16T04:07:20Z,607,1,
133411516_34496,30000142,2026-02-16T04:07:20Z,34496,1,
133411517_29248,30000142,2026-02-16T04:07:20Z,29248,1,
133411519_608,30000142,2026-02-16T04:07:20Z,608,1,
133411520_590,30000142,2026-02-16T04:07:20Z,590,1,
133411521_585,30000142,2026-02-16T04:07:20Z,585,1,
133411522_583,30000142,2026-02-16T04:07:20Z,583,1,
133411523_598,30000142,2026-02-16T04:07:21Z,598,1,
133411524_602,30000142,2026-02-16T04:07:29Z,602,1,
133411525_597,30000142,2026-02-16T04:07:29Z,597,1,
133411526_72904,30000142,2026-02-16T04:07:29Z,72904,1,
133411527_37454,30000142,2026-02-16T04:07:29Z,37454,1,
133411528_37456,30000142,2026-02-16T04:07:29Z,37456,1,
133411529_72903,30000142,2026-02-16T04:07:29Z,72903,1,
133411530_72913,30000142,2026-02-16T04:07:29Z,72913,1,
133411531_17703,30000142,2026-02-16T04:07:29Z,17703,1,
133411540_670,30000142,2026-02-16T04:08:35Z,670,1,
133411541_670,30000142,2026-02-16T04:08:35Z,670,1,
133411542_670,30000142,2026-02-16T04:08:35Z,670,1,
133411543_670,30000142,2026-02-16T04:08:35Z,670,1,
133411544_670,30000142,2026-02-16T04:08:35Z,670,1,
133411545_670,30000142,2026-02-16T04:08:35Z,670,1,
133411546_670,30000142,2026-02-16T04:08:35Z,670,1,
133411547_670,30000142,2026-02-16T04:08:35Z,670,1,
133411548_670,30000142,2026-02-16T04:08:35Z,670,1,
133411549_670,30000142,2026-02-16T04:08:35Z,670,1,
133411551_670,30000142,2026-02-16T04:08:35Z,670,1,
133411552_670,30000142,2026-02-16T04:08:35Z,670,1,
133411553_670,30000142,2026-02-16T04:08:36Z,670,1,
133411554_670,30000142,2026-02-16T04:08:36Z,670,1,
133411555_670,30000142,2026-02-16T04:08:36Z,670,1,
133411556_670,30000142,2026-02-16T04:08:36Z,670,1,
133411557_670,30000142,2026-02-16T04:08:36Z,670,1,
133411558_670,30000142,2026-02-16T04:08:36Z,670,1,
133411559_670,30000142,2026-02-16T04:08:36Z,670,1,
133411560_670,30000142,2026-02-16T04:08:36Z,670,1,
133411581_29266,30000142,2026-02-16T04:11:17Z,29266,1,
133411582_21097,30000142,2026-02-16T04:11:18Z,21097,1,
133411585_605,30000142,2026-02-16T04:11:18Z,605,1,
133411586_586,30000142,2026-02-16T04:11:18Z,586,1,
133411587_607,30000142,2026-02-16T04:11:18Z,607,1,
133411588_34496,30000142,2026-02-16T04:11:18Z,34496,1,
133411591_608,30000142,2026-02-16T04:11:19Z,608,1,
133411592_583,30000142,2026-02-16T04:11:19Z,583,1,
133411593_585,30000142,2026-02-16T04:11:19Z,585,1,
133411594_590,30000142,2026-02-16T04:11:19Z,590,1,
133411595_598,30000142,2026-02-16T04:11:19Z,598,1,
133411597_593,30000142,2026-02-16T04:11:26Z,593,1,
133411598_602,30000142,2026-02-16T04:11:26Z,602,1,
133411599_597,30000142,2026-02-16T04:11:26Z,597,1,
133411600_72903,30000142,2026-02-16T04:11:26Z,72903,1,
133411601_37454,30000142,2026-02-16T04:11:26Z,37454,1,
133411602_72904,30000142,2026-02-16T04:11:26Z,72904,1,
133411603_37456,30000142,2026-02-16T04:11:26Z,37456,1,
133411604_72913,30000142,2026-02-16T04:11:26Z,72913,1,
133411605_17703,30000142,2026-02-16T04:11:28Z,17703,1,
133411620_670,30000142,2026-02-16T04:12:36Z,670,1,
133411621_670,30000142,2026-02-16T04:12:36Z,670,1,
133411622_670,30000142,2026-02-16T04:12:36Z,670,1,
133411623_670,30000142,2026-02-16T04:12:36Z,670,1,
133411624_670,30000142,2026-02-16T04:12:36Z,670,1,
133411625_670,30000142,2026-02-16T04:12:36Z,670,1,
133411626_670,30000142,2026-02-16T04:12:36Z,670,1,
133411627_670,30000142,2026-02-16T04:12:36Z,670,1,
133411628_670,30000142,2026-02-16T04:12:36Z,670,1,
133411629_670,30000142,2026-02-16T04:12:36Z,670,1,
133411630_670,30000142,2026-02-16T04:12:36Z,670,1,
133411631_670,30000142,2026-02-16T04:12:36Z,670,1,
133411632_670,30000142,2026-02-16T04:12:37Z,670,1,
133411633_670,30000142,2026-02-16T04:12:37Z,670,1,
133411634_670,30000142,2026-02-16T04:12:37Z,670,1,
133411635_670,30000142,2026-02-16T04:12:37Z,670,1,
133411636_670,30000142,2026-02-16T04:12:37Z,670,1,
133411637_670,30000142,2026-02-16T04:12:37Z,670,1,
133411638_670,30000142,2026-02-16T04:12:37Z,670,1,
133411639_670,30000142,2026-02-16T04:12:37Z,670,1,
133411681_29266,30000142,2026-02-16T04:15:49Z,29266,1,
133411682_21097,30000142,2026-02-16T04:15:49Z,21097,1,
133411683_29248,30000142,2026-02-16T04:15:50Z,29248,1,
133411684_586,30000142,2026-02-16T04:15:50Z,586,1,
133411685_34496,30000142,2026-02-16T04:15:50Z,34496,1,
133411686_607,30000142,2026-02-16T04:15:50Z,607,1,
133411687_605,30000142,2026-02-16T04:15:50Z,605,1,
133411688_608,30000142,2026-02-16T04:15:50Z,608,1,
133411689_585,30000142,2026-02-16T04:15:50Z,585,1,
133411690_583,30000142,2026-02-16T04:15:50Z,583,1,
133411691_598,30000142,2026-02-16T04:15:50Z,598,1,
133411693_593,30000142,2026-02-16T04:15:58Z,593,1,
133411694_37456,30000142,2026-02-16T04:15:58Z,37456,1,
133411695_597,30000142,2026-02-16T04:15:58Z,597,1,
133411696_72903,30000142,2026-02-16T04:15:58Z,72903,1,
133411697_72904,30000142,2026-02-16T04:15:58Z,72904,1,
133411698_37454,30000142,2026-02-16T04:15:58Z,37454,1,
133411699_72913,30000142,2026-02-16T04:15:58Z,72913,1,
133411700_17703,30000142,2026-02-16T04:15:59Z,17703,1,
133411709_670,30000142,2026-02-16T04:16:37Z,670,1,
133411710_670,30000142,2026-02-16T04:16:37Z,670,1,
133411711_670,30000142,2026-02-16T04:16:37Z,670,1,
133411712_670,30000142,2026-02-16T04:16:37Z,670,1,
133411713_670,30000142,2026-02-16T04:16:37Z,670,1,
133411714_670,30000142,2026-02-16T04:16:37Z,670,1,
133411715_670,30000142,2026-02-16T04:16:37Z,670,1,
133411716_670,30000142,2026-02-16T04:16:37Z,670,1,
133411717_670,30000142,2026-02-16T04:16:37Z,670,1,
133411718_670,30000142,2026-02-16T04:16:37Z,670,1,
133411719_670,30000142,2026-02-16T04:16:37Z,670,1,
133411720_670,30000142,2026-02-16T04:16:37Z,670,1,
133411721_670,30000142,2026-02-16T04:16:37Z,670,1,
133411722_670,30000142,2026-02-16T04:16:37Z,670,1,
133411723_670,30000142,2026-02-16T04:16:37Z,670,1,
133411724_670,30000142,2026-02-16T04:16:37Z,670,1,
133411725_670,30000142,2026-02-16T04:16:37Z,670,1,
133411726_670,30000142,2026-02-16T04:16:37Z,670,1,
133411738_670,30000142,2026-02-16T04:17:37Z,670,1,
133411782_29266,30000142,2026-02-16T04:19:58Z,29266,1,
133411783_21097,30000142,2026-02-16T04:19:58Z,21097,1,
133411784_607,30000142,2026-02-16T04:19:58Z,607,1,
133411785_34496,30000142,2026-02-16T04:19:58Z,34496,1,
133411786_29248,30000142,2026-02-16T04:19:58Z,29248,1,
133411787_586,30000142,2026-02-16T04:19:58Z,586,1,
133411788_605,30000142,2026-02-16T04:19:58Z,605,1,
133411789_583,30000142,2026-02-16T04:19:59Z,583,1,
133411790_608,30000142,2026-02-16T04:19:59Z,608,1,
133411791_585,30000142,2026-02-16T04:19:59Z,585,1,
133411792_590,30000142,2026-02-16T04:19:59Z,590,1,
133411798_602,30000142,2026-02-16T04:20:07Z,602,1,
133411799_593,30000142,2026-02-16T04:20:07Z,593,1,
133411800_72904,30000142,2026-02-16T04:20:07Z,72904,1,
133411801_597,30000142,2026-02-16T04:20:07Z,597,1,
133411802_37454,30000142,2026-02-16T04:20:07Z,37454,1,
133411803_72903,30000142,2026-02-16T04:20:07Z,72903,1,
133411804_37456,30000142,2026-02-16T04:20:07Z,37456,1,
133411805_72913,30000142,2026-02-16T04:20:07Z,72913,1,
133411806_17703,30000142,2026-02-16T04:20:07Z,17703,1,
133411812_670,30000142,2026-02-16T04:20:37Z,670,1,
133411813_670,30000142,2026-02-16T04:20:37Z,670,1,
133411814_670,30000142,2026-02-16T04:20:37Z,670,1,
133411815_670,30000142,2026-02-16T04:20:37Z,670,1,
133411816_670,30000142,2026-02-16T04:20:37Z,670,1,
133411817_670,30000142,2026-02-16T04:20:37Z,670,1,
133411818_670,30000142,2026-02-16T04:20:37Z,670,1,
133411819_670,30000142,2026-02-16T04:20:37Z,670,1,
133411820_670,30000142,2026-02-16T04:20:37Z,670,1,
133411821_670,30000142,2026-02-16T04:20:37Z,670,1,
133411822_670,30000142,2026-02-16T04:20:37Z,670,1,
133411829_670,30000142,2026-02-16T04:21:37Z,670,1,
133411830_670,30000142,2026-02-16T04:21:37Z,670,1,
133411831_670,30000142,2026-02-16T04:21:37Z,670,1,
133411832_670,30000142,2026-02-16T04:21:37Z,670,1,
133411833_670,30000142,2026-02-16T04:21:38Z,670,1,
133411834_670,30000142,2026-02-16T04:21:38Z,670,1,
133411835_670,30000142,2026-02-16T04:21:38Z,670,1,
133411836_670,30000142,2026-02-16T04:21:38Z,670,1,
133411837_670,30000142,2026-02-16T04:21:38Z,670,1,
133411860_29266,30000142,2026-02-16T04:23:57Z,29266,1,
133411861_21097,30000142,2026-02-16T04:23:58Z,21097,1,
133411862_29248,30000142,2026-02-16T04:23:59Z,29248,1,
133411863_586,30000142,2026-02-16T04:23:59Z,586,1,
133411864_607,30000142,2026-02-16T04:23:59Z,607,1,
133411865_605,30000142,2026-02-16T04:23:59Z,605,1,
133411866_34496,30000142,2026-02-16T04:23:59Z,34496,1,
133411867_583,30000142,2026-02-16T04:23:59Z,583,1,
133411868_608,30000142,2026-02-16T04:23:59Z,608,1,
133411869_585,30000142,2026-02-16T04:23:59Z,585,1,
133411870_598,30000142,2026-02-16T04:24:00Z,598,1,
133411874_602,30000142,2026-02-16T04:24:06Z,602,1,
133411875_593,30000142,2026-02-16T04:24:06Z,593,1,
133411876_597,30000142,2026-02-16T04:24:06Z,597,1,
133411877_37454,30000142,2026-02-16T04:24:06Z,37454,1,
133411878_72903,30000142,2026-02-16T04:24:06Z,72903,1,
133411879_37456,30000142,2026-02-16T04:24:06Z,37456,1,
133411880_72904,30000142,2026-02-16T04:24:06Z,72904,1,
133411881_72913,30000142,2026-02-16T04:24:06Z,72913,1,
133411882_17703,30000142,2026-02-16T04:24:08Z,17703,1,
133411887_670,30000142,2026-02-16T04:24:38Z,670,1,
133411888_670,30000142,2026-02-16T04:24:38Z,670,1,
133411889_670,30000142,2026-02-16T04:24:38Z,670,1,
133411890_670,30000142,2026-02-16T04:24:38Z,670,1,
133411891_670,30000142,2026-02-16T04:24:38Z,670,1,
133411892_670,30000142,2026-02-16T04:24:38Z,670,1,
133411893_670,30000142,2026-02-16T04:24:38Z,670,1,
133411894_670,30000142,2026-02-16T04:24:38Z,670,1,
133411895_670,30000142,2026-02-16T04:24:38Z,670,1,
133411896_670,30000142,2026-02-16T04:24:38Z,670,1,
133411897_670,30000142,2026-02-16T04:24:38Z,670,1,
133411908_670,30000142,2026-02-16T04:25:38Z,670,1,
133411909_670,30000142,2026-02-16T04:25:38Z,670,1,
133411910_670,30000142,2026-02-16T04:25:38Z,670,1,
133411911_670,30000142,2026-02-16T04:25:38Z,670,1,
133411912_670,30000142,2026-02-16T04:25:38Z,670,1,
133411913_670,30000142,2026-02-16T04:25:38Z,670,1,
133411914_670,30000142,2026-02-16T04:25:38Z,670,1,
133411915_670,30000142,2026-02-16T04:25:38Z,670,1,
133411916_670,30000142,2026-02-16T04:25:38Z,670,1,
133411935_29266,30000142,2026-02-16T04:26:58Z,29266,1,
133411936_21097,30000142,2026-02-16T04:26:58Z,21097,1,
133411937_29248,30000142,2026-02-16T04:26:58Z,29248,1,
133411938_34496,30000142,2026-02-16T04:26:58Z,34496,1,
133411939_586,30000142,2026-02-16T04:26:58Z,586,1,
133411940_607,30000142,2026-02-16T04:26:58Z,607,1,
133411941_605,30000142,2026-02-16T04:26:58Z,605,1,
133411942_590,30000142,2026-02-16T04:26:59Z,590,1,
133411943_583,30000142,2026-02-16T04:26:59Z,583,1,
133411944_608,30000142,2026-02-16T04:26:59Z,608,1,
133411945_598,30000142,2026-02-16T04:26:59Z,598,1,
133411948_602,30000142,2026-02-16T04:27:06Z,602,1,
133411949_593,30000142,2026-02-16T04:27:06Z,593,1,
133411950_597,30000142,2026-02-16T04:27:06Z,597,1,
133411951_72904,30000142,2026-02-16T04:27:06Z,72904,1,
133411952_37454,30000142,2026-02-16T04:27:06Z,37454,1,
133411953_72903,30000142,2026-02-16T04:27:06Z,72903,1,
133411954_37456,30000142,2026-02-16T04:27:06Z,37456,1,
133411955_72913,30000142,2026-02-16T04:27:07Z,72913,1,
133411956_17703,30000142,2026-02-16T04:27:07Z,17703,1,
133411961_670,30000142,2026-02-16T04:27:38Z,670,1,
133411962_670,30000142,2026-02-16T04:27:38Z,670,1,
133411963_670,30000142,2026-02-16T04:27:38Z,670,1,
133411964_670,30000142,2026-02-16T04:27:38Z,670,1,
133411965_670,30000142,2026-02-16T04:27:39Z,670,1,
133411966_670,30000142,2026-02-16T04:27:39Z,670,1,
133411967_670,30000142,2026-02-16T04:27:39Z,670,1,
133411968_670,30000142,2026-02-16T04:27:39Z,670,1,
133411969_670,30000142,2026-02-16T04:27:39Z,670,1,
133411970_670,30000142,2026-02-16T04:27:39Z,670,1,
133411971_670,30000142,2026-02-16T04:27:39Z,670,1,
133411972_670,30000142,2026-02-16T04:27:39Z,670,1,
133411973_670,30000142,2026-02-16T04:27:39Z,670,1,
133411974_670,30000142,2026-02-16T04:27:39Z,670,1,
133411975_670,30000142,2026-02-16T04:27:39Z,670,1,
133411976_670,30000142,2026-02-16T04:27:39Z,670,1,
133411977_670,30000142,2026-02-16T04:27:39Z,670,1,
133411978_670,30000142,2026-02-16T04:27:39Z,670,1,
133411990_670,30000142,2026-02-16T04:28:39Z,670,1,
133411991_670,30000142,2026-02-16T04:28:39Z,670,1,
133412014_29266,30000142,2026-02-16T04:30:25Z,29266,1,
133412015_21097,30000142,2026-02-16T04:30:26Z,21097,1,
133412016_34496,30000142,2026-02-16T04:30:26Z,34496,1,
133412017_29248,30000142,2026-02-16T04:30:26Z,29248,1,
133412018_586,30000142,2026-02-16T04:30:26Z,586,1,
133412019_607,30000142,2026-02-16T04:30:26Z,607,1,
133412020_605,30000142,2026-02-16T04:30:26Z,605,1,
133412021_590,30000142,2026-02-16T04:30:26Z,590,1,
133412022_583,30000142,2026-02-16T04:30:26Z,583,1,
133412023_608,30000142,2026-02-16T04:30:26Z,608,1,
133412024_585,30000142,2026-02-16T04:30:26Z,585,1,
133412025_598,30000142,2026-02-16T04:30:26Z,598,1,
133412027_602,30000142,2026-02-16T04:30:34Z,602,1,
133412028_593,30000142,2026-02-16T04:30:34Z,593,1,
133412029_72904,30000142,2026-02-16T04:30:34Z,72904,1,
133412030_37454,30000142,2026-02-16T04:30:34Z,37454,1,
133412031_72903,30000142,2026-02-16T04:30:34Z,72903,1,
133412032_37456,30000142,2026-02-16T04:30:34Z,37456,1,
133412033_72913,30000142,2026-02-16T04:30:34Z,72913,1,
133412034_17703,30000142,2026-02-16T04:30:35Z,17703,1,
133412052_670,30000142,2026-02-16T04:31:39Z,670,1,
133412053_670,30000142,2026-02-16T04:31:39Z,670,1,
133412054_670,30000142,2026-02-16T04:31:39Z,670,1,
133412055_670,30000142,2026-02-16T04:31:39Z,670,1,
133412056_670,30000142,2026-02-16T04:31:39Z,670,1,
133412057_670,30000142,2026-02-16T04:31:39Z,670,1,
133412058_670,30000142,2026-02-16T04:31:40Z,670,1,
133412059_670,30000142,2026-02-16T04:31:40Z,670,1,
133412060_670,30000142,2026-02-16T04:31:40Z,670,1,
133412061_670,30000142,2026-02-16T04:31:40Z,670,1,
133412062_670,30000142,2026-02-16T04:31:40Z,670,1,
133412063_670,30000142,2026-02-16T04:31:40Z,670,1,
133412064_670,30000142,2026-02-16T04:31:40Z,670,1,
133412065_670,30000142,2026-02-16T04:31:40Z,670,1,
133412066_670,30000142,2026-02-16T04:31:40Z,670,1,
133412067_670,30000142,2026-02-16T04:31:40Z,670,1,
133412068_670,30000142,2026-02-16T04:31:40Z,670,1,
133412069_670,30000142,2026-02-16T04:31:40Z,670,1,
133412070_670,30000142,2026-02-16T04:31:40Z,670,1,
133412071_670,30000142,2026-02-16T04:31:40Z,670,1,
133412089_29266,30000142,2026-02-16T04:33:34Z,29266,1,
133412090_21097,30000142,2026-02-16T04:33:34Z,21097,1,
133412091_34496,30000142,2026-02-16T04:33:34Z,34496,1,
133412092_586,30000142,2026-02-16T04:33:34Z,586,1,
133412093_607,30000142,2026-02-16T04:33:34Z,607,1,
133412094_605,30000142,2026-02-16T04:33:34Z,605,1,
133412095_29248,30000142,2026-02-16T04:33:34Z,29248,1,
133412096_590,30000142,2026-02-16T04:33:35Z,590,1,
133412097_583,30000142,2026-02-16T04:33:35Z,583,1,
133412098_608,30000142,2026-02-16T04:33:35Z,608,1,
133412099_585,30000142,2026-02-16T04:33:35Z,585,1,
133412100_598,30000142,2026-02-16T04:33:35Z,598,1,
133412102_602,30000142,2026-02-16T04:33:42Z,602,1,
133412103_593,30000142,2026-02-16T04:33:42Z,593,1,
133412104_72904,30000142,2026-02-16T04:33:42Z,72904,1,
133412105_597,30000142,2026-02-16T04:33:42Z,597,1,
133412106_37454,30000142,2026-02-16T04:33:42Z,37454,1,
133412107_72903,30000142,2026-02-16T04:33:42Z,72903,1,
133412108_37456,30000142,2026-02-16T04:33:42Z,37456,1,
133412109_17703,30000142,2026-02-16T04:33:43Z,17703,1,
133412120_670,30000142,2026-02-16T04:34:40Z,670,1,
133412121_670,30000142,2026-02-16T04:34:40Z,670,1,
133412122_670,30000142,2026-02-16T04:34:40Z,670,1,
133412123_670,30000142,2026-02-16T04:34:40Z,670,1,
133412124_670,30000142,2026-02-16T04:34:40Z,670,1,
133412125_670,30000142,2026-02-16T04:34:40Z,670,1,
133412126_670,30000142,2026-02-16T04:34:40Z,670,1,
133412127_670,30000142,2026-02-16T04:34:40Z,670,1,
133412128_670,30000142,2026-02-16T04:34:40Z,670,1,
133412129_670,30000142,2026-02-16T04:34:40Z,670,1,
133412130_670,30000142,2026-02-16T04:34:40Z,670,1,
133412131_670,30000142,2026-02-16T04:34:40Z,670,1,
133412132_670,30000142,2026-02-16T04:34:40Z,670,1,
133412133_670,30000142,2026-02-16T04:34:40Z,670,1,
133412134_670,30000142,2026-02-16T04:34:40Z,670,1,
133412135_670,30000142,2026-02-16T04:34:40Z,670,1,
133412136_670,30000142,2026-02-16T04:34:40Z,670,1,
133412137_670,30000142,2026-02-16T04:34:41Z,670,1,
133412138_670,30000142,2026-02-16T04:34:41Z,670,1,
133412139_670,30000142,2026-02-16T04:34:41Z,670,1,
133412175_29266,30000142,2026-02-16T04:37:25Z,29266,1,
133412176_21097,30000142,2026-02-16T04:37:25Z,21097,1,
133412177_29248,30000142,2026-02-16T04:37:25Z,29248,1,
133412178_34496,30000142,2026-02-16T04:37:25Z,34496,1,
133412179_607,30000142,2026-02-16T04:37:25Z,607,1,
133412180_605,30000142,2026-02-16T04:37:25Z,605,1,
133412181_586,30000142,2026-02-16T04:37:25Z,586,1,
133412182_590,30000142,2026-02-16T04:37:25Z,590,1,
133412183_583,30000142,2026-02-16T04:37:25Z,583,1,
133412184_608,30000142,2026-02-16T04:37:25Z,608,1,
133412185_585,30000142,2026-02-16T04:37:25Z,585,1,
133412186_598,30000142,2026-02-16T04:37:26Z,598,1,
133412188_593,30000142,2026-02-16T04:37:33Z,593,1,
133412189_602,30000142,2026-02-16T04:37:33Z,602,1,
133412190_597,30000142,2026-02-16T04:37:33Z,597,1,
133412191_37454,30000142,2026-02-16T04:37:33Z,37454,1,
133412192_72903,30000142,2026-02-16T04:37:33Z,72903,1,
133412193_37456,30000142,2026-02-16T04:37:33Z,37456,1,
133412194_72904,30000142,2026-02-16T04:37:33Z,72904,1,
133412196_72913,30000142,2026-02-16T04:37:33Z,72913,1,
133412213_670,30000142,2026-02-16T04:38:41Z,670,1,
133412214_670,30000142,2026-02-16T04:38:41Z,670,1,
133412216_670,30000142,2026-02-16T04:38:41Z,670,1,
133412217_670,30000142,2026-02-16T04:38:41Z,670,1,
133412218_670,30000142,2026-02-16T04:38:41Z,670,1,
133412219_670,30000142,2026-02-16T04:38:41Z,670,1,
133412220_670,30000142,2026-02-16T04:38:41Z,670,1,
133412221_670,30000142,2026-02-16T04:38:41Z,670,1,
133412222_670,30000142,2026-02-16T04:38:41Z,670,1,
133412223_670,30000142,2026-02-16T04:38:41Z,670,1,
133412224_670,30000142,2026-02-16T04:38:41Z,670,1,
133412225_670,30000142,2026-02-16T04:38:41Z,670,1,
133412226_670,30000142,2026-02-16T04:38:41Z,670,1,
133412227_670,30000142,2026-02-16T04:38:41Z,670,1,
133412228_670,30000142,2026-02-16T04:38:41Z,670,1,
133412229_670,30000142,2026-02-16T04:38:41Z,670,1,
133412230_670,30000142,2026-02-16T04:38:41Z,670,1,
133412231_670,30000142,2026-02-16T04:38:41Z,670,1,
133412232_670,30000142,2026-02-16T04:38:41Z,670,1,
133412233_670,30000142,2026-02-16T04:38:42Z,670,1,
133412255_29266,30000142,2026-02-16T04:40:27Z,29266,1,
133412257_21097,30000142,2026-02-16T04:40:27Z,21097,1,
133412258_29248,30000142,2026-02-16T04:40:28Z,29248,1,
133412259_34496,30000142,2026-02-16T04:40:28Z,34496,1,
133412260_586,30000142,2026-02-16T04:40:28Z,586,1,
133412261_605,30000142,2026-02-16T04:40:28Z,605,1,
133412262_607,30000142,2026-02-16T04:40:28Z,607,1,
133412263_590,30000142,2026-02-16T04:40:28Z,590,1,
133412264_583,30000142,2026-02-16T04:40:28Z,583,1,
133412265_608,30000142,2026-02-16T04:40:28Z,608,1,
133412266_585,30000142,2026-02-16T04:40:28Z,585,1,
133412267_598,30000142,2026-02-16T04:40:28Z,598,1,
133412269_593,30000142,2026-02-16T04:40:35Z,593,1,
133412270_602,30000142,2026-02-16T04:40:35Z,602,1,
133412271_72904,30000142,2026-02-16T04:40:35Z,72904,1,
133412272_597,30000142,2026-02-16T04:40:35Z,597,1,
133412273_37454,30000142,2026-02-16T04:40:35Z,37454,1,
133412274_72903,30000142,2026-02-16T04:40:35Z,72903,1,
133412275_72913,30000142,2026-02-16T04:40:36Z,72913,1,
133412276_17703,30000142,2026-02-16T04:40:36Z,17703,1,
133412287_670,30000142,2026-02-16T04:41:42Z,670,1,
133412288_670,30000142,2026-02-16T04:41:42Z,670,1,
133412289_670,30000142,2026-02-16T04:41:42Z,670,1,
133412290_670,30000142,2026-02-16T04:41:42Z,670,1,
133412291_670,30000142,2026-02-16T04:41:42Z,670,1,
133412292_670,30000142,2026-02-16T04:41:42Z,670,1,
133412293_670,30000142,2026-02-16T04:41:42Z,670,1,
133412294_670,30000142,2026-02-16T04:41:42Z,670,1,
133412295_670,30000142,2026-02-16T04:41:42Z,670,1,
133412296_670,30000142,2026-02-16T04:41:42Z,670,1,
133412297_670,30000142,2026-02-16T04:41:42Z,670,1,
133412298_670,30000142,2026-02-16T04:41:42Z,670,1,
133412299_670,30000142,2026-02-16T04:41:42Z,670,1,
133412300_670,30000142,2026-02-16T04:41:42Z,670,1,
133412301_670,30000142,2026-02-16T04:41:42Z,670,1,
133412303_670,30000142,2026-02-16T04:41:42Z,670,1,
133412304_670,30000142,2026-02-16T04:41:42Z,670,1,
133412305_670,30000142,2026-02-16T04:41:42Z,670,1,
133412306_670,30000142,2026-02-16T04:41:43Z,670,1,
133412307_670,30000142,2026-02-16T04:41:43Z,670,1,
133412341_29266,30000142,2026-02-16T04:43:47Z,29266,1,
133412343_21097,30000142,2026-02-16T04:43:47Z,21097,1,
133412344_34496,30000142,2026-02-16T04:43:47Z,34496,1,
133412345_586,30000142,2026-02-16T04:43:47Z,586,1,
133412346_607,30000142,2026-02-16T04:43:47Z,607,1,
133412347_605,30000142,2026-02-16T04:43:47Z,605,1,
133412348_29248,30000142,2026-02-16T04:43:48Z,29248,1,
133412349_585,30000142,2026-02-16T04:43:48Z,585,1,
133412350_590,30000142,2026-02-16T04:43:48Z,590,1,
133412351_608,30000142,2026-02-16T04:43:48Z,608,1,
133412352_583,30000142,2026-02-16T04:43:48Z,583,1,
133412353_598,30000142,2026-02-16T04:43:48Z,598,1,
133412356_602,30000142,2026-02-16T04:43:55Z,602,1,
133412357_593,30000142,2026-02-16T04:43:55Z,593,1,
133412358_597,30000142,2026-02-16T04:43:55Z,597,1,
133412359_72904,30000142,2026-02-16T04:43:55Z,72904,1,
133412360_37454,30000142,2026-02-16T04:43:55Z,37454,1,
133412361_37456,30000142,2026-02-16T04:43:55Z,37456,1,
133412362_72913,30000142,2026-02-16T04:43:55Z,72913,1,
133412363_17703,30000142,2026-02-16T04:43:56Z,17703,1,
133412370_670,30000142,2026-02-16T04:44:43Z,670,1,
133412371_670,30000142,2026-02-16T04:44:43Z,670,1,
133412372_670,30000142,2026-02-16T04:44:43Z,670,1,
133412373_670,30000142,2026-02-16T04:44:43Z,670,1,
133412374_670,30000142,2026-02-16T04:44:43Z,670,1,
133412375_670,30000142,2026-02-16T04:44:43Z,670,1,
133412376_670,30000142,2026-02-16T04:44:43Z,670,1,
133412377_670,30000142,2026-02-16T04:44:43Z,670,1,
133412378_670,30000142,2026-02-16T04:44:43Z,670,1,
133412379_670,30000142,2026-02-16T04:44:43Z,670,1,
133412380_670,30000142,2026-02-16T04:44:43Z,670,1,
133412381_670,30000142,2026-02-16T04:44:43Z,670,1,
133412382_670,30000142,2026-02-16T04:44:43Z,670,1,
133412383_670,30000142,2026-02-16T04:44:43Z,670,1,
133412384_670,30000142,2026-02-16T04:44:43Z,670,1,
133412385_670,30000142,2026-02-16T04:44:43Z,670,1,
133412386_670,30000142,2026-02-16T04:44:43Z,670,1,
133412387_670,30000142,2026-02-16T04:44:43Z,670,1,
133412388_670,30000142,2026-02-16T04:44:43Z,670,1,
133412389_670,30000142,2026-02-16T04:44:43Z,670,1,
133412418_29266,30000142,2026-02-16T04:47:26Z,29266,1,
133412419_21097,30000142,2026-02-16T04:47:26Z,21097,1,
133412420_29248,30000142,2026-02-16T04:47:26Z,29248,1,
133412421_605,30000142,2026-02-16T04:47:26Z,605,1,
133412422_34496,30000142,2026-02-16T04:47:26Z,34496,1,
133412423_607,30000142,2026-02-16T04:47:26Z,607,1,
133412424_586,30000142,2026-02-16T04:47:26Z,586,1,
133412425_590,30000142,2026-02-16T04:47:27Z,590,1,
133412426_585,30000142,2026-02-16T04:47:27Z,585,1,
133412427_583,30000142,2026-02-16T04:47:27Z,583,1,
133412428_608,30000142,2026-02-16T04:47:27Z,608,1,
133412429_598,30000142,2026-02-16T04:47:27Z,598,1,
133412432_602,30000142,2026-02-16T04:47:34Z,602,1,
133412433_593,30000142,2026-02-16T04:47:34Z,593,1,
133412434_37456,30000142,2026-02-16T04:47:34Z,37456,1,
133412435_597,30000142,2026-02-16T04:47:34Z,597,1,
133412436_72903,30000142,2026-02-16T04:47:34Z,72903,1,
133412437_72904,30000142,2026-02-16T04:47:34Z,72904,1,
133412438_72913,30000142,2026-02-16T04:47:35Z,72913,1,
133412439_17703,30000142,2026-02-16T04:47:36Z,17703,1,
133412451_670,30000142,2026-02-16T04:48:43Z,670,1,
133412452_670,30000142,2026-02-16T04:48:43Z,670,1,
133412453_670,30000142,2026-02-16T04:48:43Z,670,1,
133412454_670,30000142,2026-02-16T04:48:43Z,670,1,
133412455_670,30000142,2026-02-16T04:48:43Z,670,1,
133412456_670,30000142,2026-02-16T04:48:43Z,670,1,
133412457_670,30000142,2026-02-16T04:48:43Z,670,1,
133412458_670,30000142,2026-02-16T04:48:43Z,670,1,
133412459_670,30000142,2026-02-16T04:48:43Z,670,1,
133412460_670,30000142,2026-02-16T04:48:43Z,670,1,
133412461_670,30000142,2026-02-16T04:48:44Z,670,1,
133412462_670,30000142,2026-02-16T04:48:44Z,670,1,
133412463_670,30000142,2026-02-16T04:48:44Z,670,1,
133412464_670,30000142,2026-02-16T04:48:44Z,670,1,
133412465_670,30000142,2026-02-16T04:48:44Z,670,1,
133412466_670,30000142,2026-02-16T04:48:44Z,670,1,
133412467_670,30000142,2026-02-16T04:48:44Z,670,1,
133412468_670,30000142,2026-02-16T04:48:44Z,670,1,
133412469_670,30000142,2026-02-16T04:48:44Z,670,1,
133412470_670,30000142,2026-02-16T04:48:44Z,670,1,
133412534_34496,30000142,2026-02-16T04:52:13Z,34496,1,
133412585_588,30000142,2026-02-16T04:55:20Z,588,1,
133412586_601,30000142,2026-02-16T04:55:20Z,601,1,
133412587_11134,30000142,2026-02-16T04:55:20Z,11134,1,
133412588_11129,30000142,2026-02-16T04:55:20Z,11129,1,
133412589_672,30000142,2026-02-16T04:55:20Z,672,1,
133412590_11132,30000142,2026-02-16T04:55:20Z,11132,1,
133412591_596,30000142,2026-02-16T04:55:20Z,596,1,
133412592_606,30000142,2026-02-16T04:55:20Z,606,1,
133412593_32880,30000142,2026-02-16T04:55:20Z,32880,1,
133412594_3766,30000142,2026-02-16T04:55:21Z,3766,1,
133412595_2161,30000142,2026-02-16T04:55:21Z,2161,1,
133412596_609,30000142,2026-02-16T04:55:21Z,609,1,
133412597_592,30000142,2026-02-16T04:55:21Z,592,1,
133412598_599,30000142,2026-02-16T04:55:21Z,599,1,
133412599_589,30000142,2026-02-16T04:55:21Z,589,1,
133412600_582,30000142,2026-02-16T04:55:21Z,582,1,
133412601_584,30000142,2026-02-16T04:55:21Z,584,1,
133412604_587,30000142,2026-02-16T04:55:27Z,587,1,
133412605_603,30000142,2026-02-16T04:55:27Z,603,1,
133412606_591,30000142,2026-02-16T04:55:27Z,591,1,
133412607_594,30000142,2026-02-16T04:55:28Z,594,1,
133412630_670,30000142,2026-02-16T04:56:44Z,670,1,
133412631_670,30000142,2026-02-16T04:56:44Z,670,1,
133412632_670,30000142,2026-02-16T04:56:44Z,670,1,
133412633_670,30000142,2026-02-16T04:56:44Z,670,1,
133412634_670,30000142,2026-02-16T04:56:44Z,670,1,
133412635_670,30000142,2026-02-16T04:56:44Z,670,1,
133412636_670,30000142,2026-02-16T04:56:44Z,670,1,
133412637_670,30000142,2026-02-16T04:56:44Z,670,1,
133412638_670,30000142,2026-02-16T04:56:44Z,670,1,
133412639_670,30000142,2026-02-16T04:56:44Z,670,1,
133412640_670,30000142,2026-02-16T04:56:44Z,670,1,
133412641_670,30000142,2026-02-16T04:56:44Z,670,1,
133412642_670,30000142,2026-02-16T04:56:44Z,670,1,
133412643_670,30000142,2026-02-16T04:56:45Z,670,1,
133412644_670,30000142,2026-02-16T04:56:45Z,670,1,
133412645_670,30000142,2026-02-16T04:56:45Z,670,1,
133412646_670,30000142,2026-02-16T04:56:45Z,670,1,
133412647_670,30000142,2026-02-16T04:56:45Z,670,1,
133412648_670,30000142,2026-02-16T04:56:45Z,670,1,
133412649_670,30000142,2026-02-16T04:56:45Z,670,1,
133412650_670,30000142,2026-02-16T04:56:45Z,670,1,
133412687_3756,30000142,2026-02-16T04:59:08Z,3756,1,
133412701_11134,30000142,2026-02-16T04:59:27Z,11134,1,
133412702_11129,30000142,2026-02-16T04:59:27Z,11129,1,
133412703_588,30000142,2026-02-16T04:59:27Z,588,1,
133412704_601,30000142,2026-02-16T04:59:27Z,601,1,
133412705_672,30000142,2026-02-16T04:59:27Z,672,1,
133412706_11132,30000142,2026-02-16T04:59:27Z,11132,1,
133412707_606,30000142,2026-02-16T04:59:27Z,606,1,
133412708_596,30000142,2026-02-16T04:59:27Z,596,1,
133412709_32880,30000142,2026-02-16T04:59:28Z,32880,1,
133412711_584,30000142,2026-02-16T04:59:29Z,584,1,
133412712_582,30000142,2026-02-16T04:59:29Z,582,1,
133412713_599,30000142,2026-02-16T04:59:29Z,599,1,
133412714_589,30000142,2026-02-16T04:59:29Z,589,1,
133412715_609,30000142,2026-02-16T04:59:29Z,609,1,
133412716_592,30000142,2026-02-16T04:59:29Z,592,1,
133412717_2161,30000142,2026-02-16T04:59:29Z,2161,1,
133412720_587,30000142,2026-02-16T04:59:35Z,587,1,
133412721_603,30000142,2026-02-16T04:59:35Z,603,1,
133412722_591,30000142,2026-02-16T04:59:35Z,591,1,
133412723_594,30000142,2026-02-16T04:59:35Z,594,1,
133412749_670,30000142,2026-02-16T05:00:45Z,670,1,
133412750_670,30000142,2026-02-16T05:00:45Z,670,1,
133412751_670,30000142,2026-02-16T05:00:45Z,670,1,
133412752_670,30000142,2026-02-16T05:00:45Z,670,1,
133412753_670,30000142,2026-02-16T05:00:45Z,670,1,
133412754_670,30000142,2026-02-16T05:00:45Z,670,1,
133412755_670,30000142,2026-02-16T05:00:45Z,670,1,
133412756_670,30000142,2026-02-16T05:00:45Z,670,1,
133412757_670,30000142,2026-02-16T05:00:46Z,670,1,
133412758_670,30000142,2026-02-16T05:00:46Z,670,1,
133412759_670,30000142,2026-02-16T05:00:46Z,670,1,
133412760_670,30000142,2026-02-16T05:00:46Z,670,1,
133412761_670,30000142,2026-02-16T05:00:46Z,670,1,
133412762_670,30000142,2026-02-16T05:00:46Z,670,1,
133412763_670,30000142,2026-02-16T05:00:46Z,670,1,
133412764_670,30000142,2026-02-16T05:00:46Z,670,1,
133412765_670,30000142,2026-02-16T05:00:46Z,670,1,
133412766_670,30000142,2026-02-16T05:00:46Z,670,1,
133412767_670,30000142,2026-02-16T05:00:46Z,670,1,
133412768_670,30000142,2026-02-16T05:00:46Z,670,1,
133412769_670,30000142,2026-02-16T05:00:46Z,670,1,
133412770_670,30000142,2026-02-16T05:00:46Z,670,1,
133412823_601,30000142,2026-02-16T05:03:21Z,601,1,
133412824_588,30000142,2026-02-16T05:03:21Z,588,1,
133412825_11134,30000142,2026-02-16T05:03:21Z,11134,1,
133412826_11129,30000142,2026-02-16T05:03:21Z,11129,1,
133412827_672,30000142,2026-02-16T05:03:21Z,672,1,
133412828_11132,30000142,2026-02-16T05:03:21Z,11132,1,
133412829_3766,30000142,2026-02-16T05:03:21Z,3766,1,
133412830_584,30000142,2026-02-16T05:03:21Z,584,1,
133412831_582,30000142,2026-02-16T05:03:21Z,582,1,
133412832_592,30000142,2026-02-16T05:03:21Z,592,1,
133412833_599,30000142,2026-02-16T05:03:21Z,599,1,
133412834_2161,30000142,2026-02-16T05:03:21Z,2161,1,
133412835_596,30000142,2026-02-16T05:03:21Z,596,1,
133412836_32880,30000142,2026-02-16T05:03:21Z,32880,1,
133412837_606,30000142,2026-02-16T05:03:21Z,606,1,
133412838_609,30000142,2026-02-16T05:03:21Z,609,1,
133412843_587,30000142,2026-02-16T05:03:27Z,587,1,
133412844_603,30000142,2026-02-16T05:03:27Z,603,1,
133412845_591,30000142,2026-02-16T05:03:27Z,591,1,
133412846_594,30000142,2026-02-16T05:03:27Z,594,1,
133412870_670,30000142,2026-02-16T05:04:47Z,670,1,
133412871_670,30000142,2026-02-16T05:04:47Z,670,1,
133412872_670,30000142,2026-02-16T05:04:47Z,670,1,
133412873_670,30000142,2026-02-16T05:04:47Z,670,1,
133412874_670,30000142,2026-02-16T05:04:47Z,670,1,
133412875_670,30000142,2026-02-16T05:04:47Z,670,1,
133412876_670,30000142,2026-02-16T05:04:47Z,670,1,
133412877_670,30000142,2026-02-16T05:04:47Z,670,1,
133412878_670,30000142,2026-02-16T05:04:47Z,670,1,
133412879_670,30000142,2026-02-16T05:04:47Z,670,1,
133412880_670,30000142,2026-02-16T05:04:47Z,670,1,
133412881_670,30000142,2026-02-16T05:04:47Z,670,1,
133412882_670,30000142,2026-02-16T05:04:47Z,670,1,
133412883_670,30000142,2026-02-16T05:04:47Z,670,1,
133412884_670,30000142,2026-02-16T05:04:47Z,670,1,
133412885_670,30000142,2026-02-16T05:04:47Z,670,1,
133412886_670,30000142,2026-02-16T05:04:48Z,670,1,
133412887_670,30000142,2026-02-16T05:04:48Z,670,1,
133412888_670,30000142,2026-02-16T05:04:48Z,670,1,
133412889_670,30000142,2026-02-16T05:04:48Z,670,1,
133412890_670,30000142,2026-02-16T05:04:48Z,670,1,
133413035_588,30000142,2026-02-16T05:14:31Z,588,1,
133413036_601,30000142,2026-02-16T05:14:31Z,601,1,
133413037_11134,30000142,2026-02-16T05:14:31Z,11134,1,
133413038_11129,30000142,2026-02-16T05:14:31Z,11129,1,
133413039_672,30000142,2026-02-16T05:14:31Z,672,1,
133413040_11132,30000142,2026-02-16T05:14:31Z,11132,1,
133413041_32880,30000142,2026-02-16T05:14:31Z,32880,1,
133413042_596,30000142,2026-02-16T05:14:31Z,596,1,
133413043_606,30000142,2026-02-16T05:14:31Z,606,1,
133413044_3766,30000142,2026-02-16T05:14:32Z,3766,1,
133413045_584,30000142,2026-02-16T05:14:32Z,584,1,
133413046_582,30000142,2026-02-16T05:14:32Z,582,1,
133413047_589,30000142,2026-02-16T05:14:32Z,589,1,
133413048_592,30000142,2026-02-16T05:14:32Z,592,1,
133413049_2161,30000142,2026-02-16T05:14:32Z,2161,1,
133413050_599,30000142,2026-02-16T05:14:32Z,599,1,
133413052_587,30000142,2026-02-16T05:14:38Z,587,1,
133413053_603,30000142,2026-02-16T05:14:38Z,603,1,
133413054_591,30000142,2026-02-16T05:14:38Z,591,1,
133413055_594,30000142,2026-02-16T05:14:38Z,594,1,
133413065_670,30000142,2026-02-16T05:15:48Z,670,1,
133413066_670,30000142,2026-02-16T05:15:48Z,670,1,
133413067_670,30000142,2026-02-16T05:15:48Z,670,1,
133413068_670,30000142,2026-02-16T05:15:48Z,670,1,
133413069_670,30000142,2026-02-16T05:15:48Z,670,1,
133413070_670,30000142,2026-02-16T05:15:48Z,670,1,
133413071_670,30000142,2026-02-16T05:15:48Z,670,1,
133413072_670,30000142,2026-02-16T05:15:48Z,670,1,
133413073_670,30000142,2026-02-16T05:15:48Z,670,1,
133413074_670,30000142,2026-02-16T05:15:48Z,670,1,
133413075_670,30000142,2026-02-16T05:15:49Z,670,1,
133413076_670,30000142,2026-02-16T05:15:49Z,670,1,
133413077_670,30000142,2026-02-16T05:15:49Z,670,1,
133413078_670,30000142,2026-02-16T05:15:49Z,670,1,
133413079_670,30000142,2026-02-16T05:15:49Z,670,1,
133413080_670,30000142,2026-02-16T05:15:49Z,670,1,
133413081_670,30000142,2026-02-16T05:15:49Z,670,1,
133413082_670,30000142,2026-02-16T05:15:49Z,670,1,
133413083_670,30000142,2026-02-16T05:15:49Z,670,1,
133413084_670,30000142,2026-02-16T05:15:49Z,670,1,
133413085_670,30000142,2026-02-16T05:15:49Z,670,1,
133413136_588,30000142,2026-02-16T05:18:45Z,588,1,
133413137_601,30000142,2026-02-16T05:18:45Z,601,1,
133413138_11134,30000142,2026-02-16T05:18:45Z,11134,1,
133413139_11129,30000142,2026-02-16T05:18:45Z,11129,1,
133413140_672,30000142,2026-02-16T05:18:45Z,672,1,
133413141_11132,30000142,2026-02-16T05:18:45Z,11132,1,
133413142_609,30000142,2026-02-16T05:18:45Z,609,1,
133413143_596,30000142,2026-02-16T05:18:45Z,596,1,
133413144_606,30000142,2026-02-16T05:18:45Z,606,1,
133413145_32880,30000142,2026-02-16T05:18:45Z,32880,1,
133413146_3766,30000142,2026-02-16T05:18:45Z,3766,1,
133413147_592,30000142,2026-02-16T05:18:45Z,592,1,
133413148_589,30000142,2026-02-16T05:18:45Z,589,1,
133413149_582,30000142,2026-02-16T05:18:45Z,582,1,
133413150_599,30000142,2026-02-16T05:18:45Z,599,1,
133413151_2161,30000142,2026-02-16T05:18:45Z,2161,1,
133413152_591,30000142,2026-02-16T05:18:51Z,591,1,
133413153_587,30000142,2026-02-16T05:18:51Z,587,1,
133413154_603,30000142,2026-02-16T05:18:51Z,603,1,
133413155_594,30000142,2026-02-16T05:18:51Z,594,1,
133413161_11196,30000142,2026-02-16T05:19:33Z,11196,1,
133413165_670,30000142,2026-02-16T05:19:49Z,670,1,
133413166_670,30000142,2026-02-16T05:19:49Z,670,1,
133413167_670,30000142,2026-02-16T05:19:49Z,670,1,
133413168_670,30000142,2026-02-16T05:19:49Z,670,1,
133413169_670,30000142,2026-02-16T05:19:49Z,670,1,
133413170_670,30000142,2026-02-16T05:19:49Z,670,1,
133413171_670,30000142,2026-02-16T05:19:49Z,670,1,
133413172_670,30000142,2026-02-16T05:19:49Z,670,1,
133413173_670,30000142,2026-02-16T05:19:49Z,670,1,
133413174_670,30000142,2026-02-16T05:19:49Z,670,1,
133413175_670,30000142,2026-02-16T05:19:49Z,670,1,
133413176_670,30000142,2026-02-16T05:19:49Z,670,1,
133413177_670,30000142,2026-02-16T05:19:49Z,670,1,
133413178_670,30000142,2026-02-16T05:19:49Z,670,1,
133413179_670,30000142,2026-02-16T05:19:49Z,670,1,
133413180_670,30000142,2026-02-16T05:19:49Z,670,1,
133413181_670,30000142,2026-02-16T05:19:49Z,670,1,
133413182_670,30000142,2026-02-16T05:19:49Z,670,1,
133413183_670,30000142,2026-02-16T05:19:49Z,670,1,
133413184_670,30000142,2026-02-16T05:19:49Z,670,1,
133413185_670,30000142,2026-02-16T05:19:49Z,670,1,
133413224_11129,30000142,2026-02-16T05:22:48Z,11129,1,
133413225_11134,30000142,2026-02-16T05:22:48Z,11134,1,
133413226_588,30000142,2026-02-16T05:22:48Z,588,1,
133413227_601,30000142,2026-02-16T05:22:48Z,601,1,
133413228_672,30000142,2026-02-16T05:22:48Z,672,1,
133413229_11132,30000142,2026-02-16T05:22:48Z,11132,1,
133413230_32880,30000142,2026-02-16T05:22:48Z,32880,1,
133413231_596,30000142,2026-02-16T05:22:48Z,596,1,
133413232_606,30000142,2026-02-16T05:22:48Z,606,1,
133413233_3766,30000142,2026-02-16T05:22:48Z,3766,1,
133413234_582,30000142,2026-02-16T05:22:48Z,582,1,
133413235_584,30000142,2026-02-16T05:22:48Z,584,1,
133413236_589,30000142,2026-02-16T05:22:48Z,589,1,
133413237_592,30000142,2026-02-16T05:22:48Z,592,1,
133413238_599,30000142,2026-02-16T05:22:48Z,599,1,
133413239_2161,30000142,2026-02-16T05:22:48Z,2161,1,
133413240_609,30000142,2026-02-16T05:22:48Z,609,1,
133413243_603,30000142,2026-02-16T05:22:54Z,603,1,
133413244_591,30000142,2026-02-16T05:22:54Z,591,1,
133413245_594,30000142,2026-02-16T05:22:54Z,594,1,
133413264_670,30000142,2026-02-16T05:23:50Z,670,1,
133413265_670,30000142,2026-02-16T05:23:50Z,670,1,
133413266_670,30000142,2026-02-16T05:23:50Z,670,1,
133413267_670,30000142,2026-02-16T05:23:50Z,670,1,
133413268_670,30000142,2026-02-16T05:23:50Z,670,1,
133413269_670,30000142,2026-02-16T05:23:50Z,670,1,
133413270_670,30000142,2026-02-16T05:23:50Z,670,1,
133413271_670,30000142,2026-02-16T05:23:50Z,670,1,
133413272_670,30000142,2026-02-16T05:23:50Z,670,1,
133413273_670,30000142,2026-02-16T05:23:50Z,670,1,
133413274_670,30000142,2026-02-16T05:23:50Z,670,1,
133413275_670,30000142,2026-02-16T05:23:50Z,670,1,
133413276_670,30000142,2026-02-16T05:23:50Z,670,1,
133413277_670,30000142,2026-02-16T05:23:50Z,670,1,
133413278_670,30000142,2026-02-16T05:23:50Z,670,1,
133413279_670,30000142,2026-02-16T05:23:50Z,670,1,
133413280_670,30000142,2026-02-16T05:23:50Z,670,1,
133413281_670,30000142,2026-02-16T05:23:50Z,670,1,
133413282_670,30000142,2026-02-16T05:23:50Z,670,1,
133413283_670,30000142,2026-02-16T05:23:50Z,670,1,
133413284_670,30000142,2026-02-16T05:23:50Z,670,1,
133413398_622,30000142,2026-02-16T05:31:16Z,622,1,
133413453_630,30000142,2026-02-16T05:35:34Z,630,1,
133413465_16240,30000142,2026-02-16T05:36:40Z,16240,1,
133413467_670,30000142,2026-02-16T05:36:50Z,670,1,
133413472_670,30000142,2026-02-16T05:37:50Z,670,1,
133413539_588,30000142,2026-02-16T05:43:21Z,588,1,
133413540_11134,30000142,2026-02-16T05:43:21Z,11134,1,
133413541_11132,30000142,2026-02-16T05:43:21Z,11132,1,
133413542_11129,30000142,2026-02-16T05:43:21Z,11129,1,
133413543_672,30000142,2026-02-16T05:43:21Z,672,1,
133413544_601,30000142,2026-02-16T05:43:21Z,601,1,
133413545_596,30000142,2026-02-16T05:43:21Z,596,1,
133413546_606,30000142,2026-02-16T05:43:21Z,606,1,
133413547_584,30000142,2026-02-16T05:43:21Z,584,1,
133413548_599,30000142,2026-02-16T05:43:21Z,599,1,
133413549_3766,30000142,2026-02-16T05:43:21Z,3766,1,
133413550_609,30000142,2026-02-16T05:43:21Z,609,1,
133413551_582,30000142,2026-02-16T05:43:21Z,582,1,
133413552_592,30000142,2026-02-16T05:43:21Z,592,1,
133413553_589,30000142,2026-02-16T05:43:21Z,589,1,
133413554_2161,30000142,2026-02-16T05:43:21Z,2161,1,
133413555_587,30000142,2026-02-16T05:43:21Z,587,1,
133413557_591,30000142,2026-02-16T05:43:28Z,591,1,
133413558_594,30000142,2026-02-16T05:43:28Z,594,1,
133413559_603,30000142,2026-02-16T05:43:28Z,603,1,
133413566_24698,30000142,2026-02-16T05:44:09Z,24698,1,
133413574_670,30000142,2026-02-16T05:44:50Z,670,1,
133413575_670,30000142,2026-02-16T05:44:50Z,670,1,
133413576_670,30000142,2026-02-16T05:44:50Z,670,1,
133413577_670,30000142,2026-02-16T05:44:50Z,670,1,
133413578_670,30000142,2026-02-16T05:44:50Z,670,1,
133413579_670,30000142,2026-02-16T05:44:50Z,670,1,
133413580_670,30000142,2026-02-16T05:44:50Z,670,1,
133413581_670,30000142,2026-02-16T05:44:51Z,670,1,
133413582_670,30000142,2026-02-16T05:44:51Z,670,1,
133413583_670,30000142,2026-02-16T05:44:51Z,670,1,
133413584_670,30000142,2026-02-16T05:44:51Z,670,1,
133413585_670,30000142,2026-02-16T05:44:51Z,670,1,
133413586_670,30000142,2026-02-16T05:44:51Z,670,1,
133413587_670,30000142,2026-02-16T05:44:51Z,670,1,
133413588_670,30000142,2026-02-16T05:44:51Z,670,1,
133413589_670,30000142,2026-02-16T05:44:51Z,670,1,
133413590_670,30000142,2026-02-16T05:44:51Z,670,1,
133413591_670,30000142,2026-02-16T05:44:51Z,670,1,
133413592_670,30000142,2026-02-16T05:44:51Z,670,1,
133413593_670,30000142,2026-02-16T05:44:51Z,670,1,
133413594_670,30000142,2026-02-16T05:44:51Z,670,1,
133413621_588,30000142,2026-02-16T05:47:07Z,588,1,
133413622_601,30000142,2026-02-16T05:47:07Z,601,1,
133413623_11134,30000142,2026-02-16T05:47:07Z,11134,1,
133413624_11129,30000142,2026-02-16T05:47:07Z,11129,1,
133413625_672,30000142,2026-02-16T05:47:07Z,672,1,
133413626_11132,30000142,2026-02-16T05:47:07Z,11132,1,
133413627_32880,30000142,2026-02-16T05:47:07Z,32880,1,
133413628_596,30000142,2026-02-16T05:47:07Z,596,1,
133413629_606,30000142,2026-02-16T05:47:07Z,606,1,
133413630_3766,30000142,2026-02-16T05:47:07Z,3766,1,
133413631_582,30000142,2026-02-16T05:47:07Z,582,1,
133413632_592,30000142,2026-02-16T05:47:07Z,592,1,
133413633_609,30000142,2026-02-16T05:47:07Z,609,1,
133413634_584,30000142,2026-02-16T05:47:07Z,584,1,
133413635_589,30000142,2026-02-16T05:47:07Z,589,1,
133413636_599,30000142,2026-02-16T05:47:07Z,599,1,
133413639_591,30000142,2026-02-16T05:47:14Z,591,1,
133413640_587,30000142,2026-02-16T05:47:14Z,587,1,
133413641_603,30000142,2026-02-16T05:47:14Z,603,1,
133413642_594,30000142,2026-02-16T05:47:14Z,594,1,
133413658_670,30000142,2026-02-16T05:47:51Z,670,1,
133413660_670,30000142,2026-02-16T05:47:51Z,670,1,
133413661_670,30000142,2026-02-16T05:47:51Z,670,1,
133413662_670,30000142,2026-02-16T05:47:51Z,670,1,
133413663_670,30000142,2026-02-16T05:47:51Z,670,1,
133413664_670,30000142,2026-02-16T05:47:51Z,670,1,
133413665_670,30000142,2026-02-16T05:47:51Z,670,1,
133413666_670,30000142,2026-02-16T05:47:51Z,670,1,
133413667_670,30000142,2026-02-16T05:47:51Z,670,1,
133413668_670,30000142,2026-02-16T05:47:51Z,670,1,
133413669_670,30000142,2026-02-16T05:47:51Z,670,1,
133413670_670,30000142,2026-02-16T05:47:51Z,670,1,
133413671_670,30000142,2026-02-16T05:47:51Z,670,1,
133413672_670,30000142,2026-02-16T05:47:51Z,670,1,
133413673_670,30000142,2026-02-16T05:47:51Z,670,1,
133413674_670,30000142,2026-02-16T05:47:51Z,670,1,
133413675_670,30000142,2026-02-16T05:47:51Z,670,1,
133413676_670,30000142,2026-02-16T05:47:51Z,670,1,
133413677_670,30000142,2026-02-16T05:47:51Z,670,1,
133413678_670,30000142,2026-02-16T05:47:52Z,670,1,
133413679_670,30000142,2026-02-16T05:47:52Z,670,1,
133413842_81008,30000142,2026-02-16T06:02:21Z,81008,1,
133413848_651,30000142,2026-02-16T06:03:01Z,651,1,
133413857_16240,30000142,2026-02-16T06:03:35Z,16240,1,
133413860_670,30000142,2026-02-16T06:03:52Z,670,1,
133413871_670,30000142,2026-02-16T06:04:52Z,670,1,
133413933_587,30000142,2026-02-16T06:11:21Z,587,1,
133413982_601,30000142,2026-02-16T06:17:51Z,601,1,
133414003_641,30000142,2026-02-16T06:19:39Z,641,1,
133414109_588,30000142,2026-02-16T06:25:11Z,588,1,
133414110_601,30000142,2026-02-16T06:25:11Z,601,1,
133414111_11134,30000142,2026-02-16T06:25:11Z,11134,1,
133414112_11129,30000142,2026-02-16T06:25:11Z,11129,1,
133414113_672,30000142,2026-02-16T06:25:11Z,672,1,
133414114_11132,30000142,2026-02-16T06:25:11Z,11132,1,
133414115_32880,30000142,2026-02-16T06:25:11Z,32880,1,
133414116_596,30000142,2026-02-16T06:25:11Z,596,1,
133414117_606,30000142,2026-02-16T06:25:11Z,606,1,
133414118_3766,30000142,2026-02-16T06:25:11Z,3766,1,
133414119_2161,30000142,2026-02-16T06:25:11Z,2161,1,
133414120_582,30000142,2026-02-16T06:25:11Z,582,1,
133414121_584,30000142,2026-02-16T06:25:11Z,584,1,
133414122_592,30000142,2026-02-16T06:25:11Z,592,1,
133414123_589,30000142,2026-02-16T06:25:11Z,589,1,
133414124_599,30000142,2026-02-16T06:25:11Z,599,1,
133414125_609,30000142,2026-02-16T06:25:11Z,609,1,
133414128_587,30000142,2026-02-16T06:25:19Z,587,1,
133414129_603,30000142,2026-02-16T06:25:19Z,603,1,
133414130_594,30000142,2026-02-16T06:25:19Z,594,1,
133414140_670,30000142,2026-02-16T06:25:52Z,670,1,
133414141_670,30000142,2026-02-16T06:25:52Z,670,1,
133414142_670,30000142,2026-02-16T06:25:52Z,670,1,
133414143_670,30000142,2026-02-16T06:25:52Z,670,1,
133414144_670,30000142,2026-02-16T06:25:52Z,670,1,
133414145_670,30000142,2026-02-16T06:25:52Z,670,1,
133414146_670,30000142,2026-02-16T06:25:52Z,670,1,
133414148_670,30000142,2026-02-16T06:25:52Z,670,1,
133414149_670,30000142,2026-02-16T06:25:52Z,670,1,
133414150_670,30000142,2026-02-16T06:25:52Z,670,1,
133414151_670,30000142,2026-02-16T06:25:52Z,670,1,
133414152_670,30000142,2026-02-16T06:25:52Z,670,1,
133414153_670,30000142,2026-02-16T06:25:52Z,670,1,
133414154_670,30000142,2026-02-16T06:25:52Z,670,1,
133414155_670,30000142,2026-02-16T06:25:52Z,670,1,
133414156_670,30000142,2026-02-16T06:25:52Z,670,1,
133414157_670,30000142,2026-02-16T06:25:53Z,670,1,
133414158_670,30000142,2026-02-16T06:25:53Z,670,1,
133414159_670,30000142,2026-02-16T06:25:53Z,670,1,
133414160_670,30000142,2026-02-16T06:25:53Z,670,1,
133414161_670,30000142,2026-02-16T06:25:53Z,670,1,
133414195_603,30000142,2026-02-16T06:29:11Z,603,1,
133414200_670,30000142,2026-02-16T06:29:26Z,670,1,
133414201_11134,30000142,2026-02-16T06:29:28Z,11134,1,
133414202_11129,30000142,2026-02-16T06:29:28Z,11129,1,
133414203_588,30000142,2026-02-16T06:29:28Z,588,1,
133414204_3766,30000142,2026-02-16T06:29:28Z,3766,1,
133414205_582,30000142,2026-02-16T06:29:28Z,582,1,
133414206_584,30000142,2026-02-16T06:29:28Z,584,1,
133414207_2161,30000142,2026-02-16T06:29:28Z,2161,1,
133414208_589,30000142,2026-02-16T06:29:28Z,589,1,
133414209_592,30000142,2026-02-16T06:29:28Z,592,1,
133414210_609,30000142,2026-02-16T06:29:28Z,609,1,
133414211_601,30000142,2026-02-16T06:29:28Z,601,1,
133414212_596,30000142,2026-02-16T06:29:28Z,596,1,
133414213_672,30000142,2026-02-16T06:29:28Z,672,1,
133414214_606,30000142,2026-02-16T06:29:28Z,606,1,
133414215_11132,30000142,2026-02-16T06:29:28Z,11132,1,
133414216_32880,30000142,2026-02-16T06:29:28Z,32880,1,
133414219_587,30000142,2026-02-16T06:29:36Z,587,1,
133414220_594,30000142,2026-02-16T06:29:36Z,594,1,
133414221_603,30000142,2026-02-16T06:29:36Z,603,1,
133414242_670,30000142,2026-02-16T06:30:53Z,670,1,
133414243_670,30000142,2026-02-16T06:30:53Z,670,1,
133414244_670,30000142,2026-02-16T06:30:53Z,670,1,
133414245_670,30000142,2026-02-16T06:30:53Z,670,1,
133414246_670,30000142,2026-02-16T06:30:53Z,670,1,
133414247_670,30000142,2026-02-16T06:30:53Z,670,1,
133414248_670,30000142,2026-02-16T06:30:53Z,670,1,
133414249_670,30000142,2026-02-16T06:30:53Z,670,1,
133414250_670,30000142,2026-02-16T06:30:53Z,670,1,
133414251_670,30000142,2026-02-16T06:30:53Z,670,1,
133414252_670,30000142,2026-02-16T06:30:53Z,670,1,
133414253_670,30000142,2026-02-16T06:30:53Z,670,1,
133414254_670,30000142,2026-02-16T06:30:54Z,670,1,
133414255_670,30000142,2026-02-16T06:30:54Z,670,1,
133414256_670,30000142,2026-02-16T06:30:54Z,670,1,
133414257_670,30000142,2026-02-16T06:30:54Z,670,1,
133414258_670,30000142,2026-02-16T06:30:54Z,670,1,
133414259_670,30000142,2026-02-16T06:30:54Z,670,1,
133414260_670,30000142,2026-02-16T06:30:54Z,670,1,
133414261_670,30000142,2026-02-16T06:30:54Z,670,1,
133414313_588,30000142,2026-02-16T06:33:35Z,588,1,
133414314_601,30000142,2026-02-16T06:33:35Z,601,1,
133414315_11134,30000142,2026-02-16T06:33:35Z,11134,1,
133414316_11129,30000142,2026-02-16T06:33:35Z,11129,1,
133414317_672,30000142,2026-02-16T06:33:35Z,672,1,
133414318_11132,30000142,2026-02-16T06:33:35Z,11132,1,
133414319_606,30000142,2026-02-16T06:33:35Z,606,1,
133414320_32880,30000142,2026-02-16T06:33:35Z,32880,1,
133414321_596,30000142,2026-02-16T06:33:35Z,596,1,
133414322_584,30000142,2026-02-16T06:33:36Z,584,1,
133414323_3766,30000142,2026-02-16T06:33:36Z,3766,1,
133414324_582,30000142,2026-02-16T06:33:36Z,582,1,
133414325_2161,30000142,2026-02-16T06:33:36Z,2161,1,
133414326_592,30000142,2026-02-16T06:33:36Z,592,1,
133414327_589,30000142,2026-02-16T06:33:36Z,589,1,
133414328_599,30000142,2026-02-16T06:33:36Z,599,1,
133414329_609,30000142,2026-02-16T06:33:36Z,609,1,
133414331_591,30000142,2026-02-16T06:33:43Z,591,1,
133414332_587,30000142,2026-02-16T06:33:43Z,587,1,
133414333_594,30000142,2026-02-16T06:33:43Z,594,1,
133414350_670,30000142,2026-02-16T06:34:54Z,670,1,
133414351_670,30000142,2026-02-16T06:34:54Z,670,1,
133414352_670,30000142,2026-02-16T06:34:54Z,670,1,
133414353_670,30000142,2026-02-16T06:34:54Z,670,1,
133414354_670,30000142,2026-02-16T06:34:54Z,670,1,
133414355_670,30000142,2026-02-16T06:34:54Z,670,1,
133414356_670,30000142,2026-02-16T06:34:54Z,670,1,
133414357_670,30000142,2026-02-16T06:34:54Z,670,1,
133414358_670,30000142,2026-02-16T06:34:54Z,670,1,
133414359_670,30000142,2026-02-16T06:34:54Z,670,1,
133414360_670,30000142,2026-02-16T06:34:54Z,670,1,
133414361_670,30000142,2026-02-16T06:34:54Z,670,1,
133414362_670,30000142,2026-02-16T06:34:55Z,670,1,
133414363_670,30000142,2026-02-16T06:34:55Z,670,1,
133414364_670,30000142,2026-02-16T06:34:55Z,670,1,
133414365_670,30000142,2026-02-16T06:34:55Z,670,1,
133414366_670,30000142,2026-02-16T06:34:55Z,670,1,
133414367_670,30000142,2026-02-16T06:34:55Z,670,1,
133414368_670,30000142,2026-02-16T06:34:55Z,670,1,
133414369_670,30000142,2026-02-16T06:34:55Z,670,1,
133414370_670,30000142,2026-02-16T06:34:55Z,670,1,
133414424_655,30000142,2026-02-16T06:40:29Z,655,1,
133414447_606,30000142,2026-02-16T06:42:38Z,606,1,
133414524_73794,30000142,2026-02-16T06:48:10Z,73794,1,
133414567_73795,30000142,2026-02-16T06:51:34Z,73795,1,
133414570_11393,30000142,2026-02-16T06:51:46Z,11393,1,
133414589_12042,30000142,2026-02-16T06:54:05Z,12042,1,
133414612_670,30000142,2026-02-16T06:55:55Z,670,1,
133414685_32880,30000142,2026-02-16T07:02:51Z,32880,1,
133414696_29344,30000142,2026-02-16T07:04:14Z,29344,1,
133414734_4310,30000142,2026-02-16T07:06:00Z,4310,1,
133414741_653,30000142,2026-02-16T07:06:37Z,653,1,
133414780_634,30000142,2026-02-16T07:10:00Z,634,1,
133415342_588,30000142,2026-02-16T07:43:45Z,588,1,
133415343_11134,30000142,2026-02-16T07:43:45Z,11134,1,
133415344_11129,30000142,2026-02-16T07:43:45Z,11129,1,
133415345_672,30000142,2026-02-16T07:43:45Z,672,1,
133415346_11132,30000142,2026-02-16T07:43:45Z,11132,1,
133415347_606,30000142,2026-02-16T07:43:45Z,606,1,
133415348_601,30000142,2026-02-16T07:43:45Z,601,1,
133415349_32880,30000142,2026-02-16T07:43:45Z,32880,1,
133415350_596,30000142,2026-02-16T07:43:45Z,596,1,
133415351_584,30000142,2026-02-16T07:43:45Z,584,1,
133415352_3766,30000142,2026-02-16T07:43:45Z,3766,1,
133415353_2161,30000142,2026-02-16T07:43:45Z,2161,1,
133415354_592,30000142,2026-02-16T07:43:45Z,592,1,
133415355_589,30000142,2026-02-16T07:43:45Z,589,1,
133415356_609,30000142,2026-02-16T07:43:46Z,609,1,
133415357_599,30000142,2026-02-16T07:43:46Z,599,1,
133415358_587,30000142,2026-02-16T07:43:46Z,587,1,
133415360_591,30000142,2026-02-16T07:43:54Z,591,1,
133415361_594,30000142,2026-02-16T07:43:54Z,594,1,
133415362_603,30000142,2026-02-16T07:43:54Z,603,1,
133415378_670,30000142,2026-02-16T07:44:56Z,670,1,
133415379_670,30000142,2026-02-16T07:44:56Z,670,1,
133415380_670,30000142,2026-02-16T07:44:56Z,670,1,
133415381_670,30000142,2026-02-16T07:44:56Z,670,1,
133415382_670,30000142,2026-02-16T07:44:56Z,670,1,
133415383_670,30000142,2026-02-16T07:44:56Z,670,1,
133415384_670,30000142,2026-02-16T07:44:56Z,670,1,
133415385_670,30000142,2026-02-16T07:44:56Z,670,1,
133415386_670,30000142,2026-02-16T07:44:56Z,670,1,
133415387_670,30000142,2026-02-16T07:44:56Z,670,1,
133415388_670,30000142,2026-02-16T07:44:56Z,670,1,
133415389_670,30000142,2026-02-16T07:44:56Z,670,1,
133415390_670,30000142,2026-02-16T07:44:56Z,670,1,
133415391_670,30000142,2026-02-16T07:44:56Z,670,1,
133415392_670,30000142,2026-02-16T07:44:56Z,670,1,
133415393_670,30000142,2026-02-16T07:44:57Z,670,1,
133415394_670,30000142,2026-02-16T07:44:57Z,670,1,
133415395_670,30000142,2026-02-16T07:44:57Z,670,1,
133415396_670,30000142,2026-02-16T07:44:57Z,670,1,
133415397_670,30000142,2026-02-16T07:44:57Z,670,1,
133415398_670,30000142,2026-02-16T07:44:57Z,670,1,
133415420_588,30000142,2026-02-16T07:47:33Z,588,1,
133415421_601,30000142,2026-02-16T07:47:33Z,601,1,
133415422_11134,30000142,2026-02-16T07:47:33Z,11134,1,
133415423_11129,30000142,2026-02-16T07:47:33Z,11129,1,
133415424_672,30000142,2026-02-16T07:47:33Z,672,1,
133415425_11132,30000142,2026-02-16T07:47:33Z,11132,1,
133415426_606,30000142,2026-02-16T07:47:33Z,606,1,
133415427_32880,30000142,2026-02-16T07:47:33Z,32880,1,
133415428_596,30000142,2026-02-16T07:47:33Z,596,1,
133415429_3766,30000142,2026-02-16T07:47:34Z,3766,1,
133415430_2161,30000142,2026-02-16T07:47:34Z,2161,1,
133415431_582,30000142,2026-02-16T07:47:34Z,582,1,
133415432_584,30000142,2026-02-16T07:47:34Z,584,1,
133415433_589,30000142,2026-02-16T07:47:34Z,589,1,
133415434_599,30000142,2026-02-16T07:47:34Z,599,1,
133415435_609,30000142,2026-02-16T07:47:34Z,609,1,
133415436_591,30000142,2026-02-16T07:47:42Z,591,1,
133415437_587,30000142,2026-02-16T07:47:42Z,587,1,
133415438_603,30000142,2026-02-16T07:47:42Z,603,1,
133415439_594,30000142,2026-02-16T07:47:42Z,594,1,
133415447_670,30000142,2026-02-16T07:48:57Z,670,1,
133415448_670,30000142,2026-02-16T07:48:57Z,670,1,
133415449_670,30000142,2026-02-16T07:48:57Z,670,1,
133415450_670,30000142,2026-02-16T07:48:57Z,670,1,
133415451_670,30000142,2026-02-16T07:48:57Z,670,1,
133415452_670,30000142,2026-02-16T07:48:57Z,670,1,
133415453_670,30000142,2026-02-16T07:48:57Z,670,1,
133415454_670,30000142,2026-02-16T07:48:57Z,670,1,
133415455_670,30000142,2026-02-16T07:48:57Z,670,1,
133415456_670,30000142,2026-02-16T07:48:57Z,670,1,
133415457_670,30000142,2026-02-16T07:48:57Z,670,1,
133415458_670,30000142,2026-02-16T07:48:57Z,670,1,
133415459_670,30000142,2026-02-16T07:48:57Z,670,1,
133415460_670,30000142,2026-02-16T07:48:58Z,670,1,
133415461_670,30000142,2026-02-16T07:48:58Z,670,1,
133415462_670,30000142,2026-02-16T07:48:58Z,670,1,
133415463_670,30000142,2026-02-16T07:48:58Z,670,1,
133415464_670,30000142,2026-02-16T07:48:58Z,670,1,
133415465_670,30000142,2026-02-16T07:48:58Z,670,1,
133415466_670,30000142,2026-02-16T07:48:58Z,670,1,
133415467_670,30000142,2026-02-16T07:48:58Z,670,1,
133415489_11132,30000142,2026-02-16T07:51:12Z,11132,1,
133415490_588,30000142,2026-02-16T07:51:12Z,588,1,
133415491_601,30000142,2026-02-16T07:51:12Z,601,1,
133415492_11134,30000142,2026-02-16T07:51:12Z,11134,1,
133415493_11129,30000142,2026-02-16T07:51:12Z,11129,1,
133415494_672,30000142,2026-02-16T07:51:12Z,672,1,
133415495_606,30000142,2026-02-16T07:51:12Z,606,1,
133415496_32880,30000142,2026-02-16T07:51:12Z,32880,1,
133415497_596,30000142,2026-02-16T07:51:12Z,596,1,
133415498_3766,30000142,2026-02-16T07:51:13Z,3766,1,
133415499_582,30000142,2026-02-16T07:51:13Z,582,1,
133415500_2161,30000142,2026-02-16T07:51:13Z,2161,1,
133415501_584,30000142,2026-02-16T07:51:13Z,584,1,
133415502_592,30000142,2026-02-16T07:51:13Z,592,1,
133415503_589,30000142,2026-02-16T07:51:13Z,589,1,
133415504_599,30000142,2026-02-16T07:51:13Z,599,1,
133415505_609,30000142,2026-02-16T07:51:13Z,609,1,
133415506_591,30000142,2026-02-16T07:51:21Z,591,1,
133415507_603,30000142,2026-02-16T07:51:21Z,603,1,
133415508_587,30000142,2026-02-16T07:51:21Z,587,1,
133415514_670,30000142,2026-02-16T07:51:58Z,670,1,
133415515_670,30000142,2026-02-16T07:51:58Z,670,1,
133415516_670,30000142,2026-02-16T07:51:58Z,670,1,
133415517_670,30000142,2026-02-16T07:51:58Z,670,1,
133415518_670,30000142,2026-02-16T07:51:58Z,670,1,
133415519_670,30000142,2026-02-16T07:51:58Z,670,1,
133415520_670,30000142,2026-02-16T07:51:58Z,670,1,
133415521_670,30000142,2026-02-16T07:51:58Z,670,1,
133415522_670,30000142,2026-02-16T07:51:58Z,670,1,
133415523_670,30000142,2026-02-16T07:51:58Z,670,1,
133415524_670,30000142,2026-02-16T07:51:58Z,670,1,
133415525_670,30000142,2026-02-16T07:51:59Z,670,1,
133415526_670,30000142,2026-02-16T07:51:59Z,670,1,
133415527_670,30000142,2026-02-16T07:51:59Z,670,1,
133415528_670,30000142,2026-02-16T07:51:59Z,670,1,
133415529_670,30000142,2026-02-16T07:51:59Z,670,1,
133415530_670,30000142,2026-02-16T07:51:59Z,670,1,
133415531_670,30000142,2026-02-16T07:51:59Z,670,1,
133415532_670,30000142,2026-02-16T07:51:59Z,670,1,
133415533_670,30000142,2026-02-16T07:51:59Z,670,1,
133415534_670,30000142,2026-02-16T07:51:59Z,670,1,
133415546_24694,30000142,2026-02-16T07:53:07Z,24694,1,
133415548_587,30000142,2026-02-16T07:53:20Z,587,1,
133415566_588,30000142,2026-02-16T07:55:03Z,588,1,
133415567_601,30000142,2026-02-16T07:55:03Z,601,1,
133415568_11134,30000142,2026-02-16T07:55:03Z,11134,1,
133415569_11129,30000142,2026-02-16T07:55:03Z,11129,1,
133415570_672,30000142,2026-02-16T07:55:03Z,672,1,
133415571_606,30000142,2026-02-16T07:55:03Z,606,1,
133415572_32880,30000142,2026-02-16T07:55:03Z,32880,1,
133415573_596,30000142,2026-02-16T07:55:03Z,596,1,
133415574_3766,30000142,2026-02-16T07:55:03Z,3766,1,
133415575_582,30000142,2026-02-16T07:55:03Z,582,1,
133415576_2161,30000142,2026-02-16T07:55:03Z,2161,1,
133415577_592,30000142,2026-02-16T07:55:03Z,592,1,
133415578_584,30000142,2026-02-16T07:55:03Z,584,1,
133415579_589,30000142,2026-02-16T07:55:03Z,589,1,
133415580_599,30000142,2026-02-16T07:55:03Z,599,1,
133415581_609,30000142,2026-02-16T07:55:04Z,609,1,
133415583_587,30000142,2026-02-16T07:55:12Z,587,1,
133415584_591,30000142,2026-02-16T07:55:12Z,591,1,
133415585_603,30000142,2026-02-16T07:55:12Z,603,1,
133415586_594,30000142,2026-02-16T07:55:12Z,594,1,
133415597_670,30000142,2026-02-16T07:55:59Z,670,1,
133415598_670,30000142,2026-02-16T07:55:59Z,670,1,
133415599_670,30000142,2026-02-16T07:55:59Z,670,1,
133415600_670,30000142,2026-02-16T07:55:59Z,670,1,
133415601_670,30000142,2026-02-16T07:55:59Z,670,1,
133415602_670,30000142,2026-02-16T07:55:59Z,670,1,
133415603_670,30000142,2026-02-16T07:55:59Z,670,1,
133415604_670,30000142,2026-02-16T07:55:59Z,670,1,
133415605_670,30000142,2026-02-16T07:55:59Z,670,1,
133415606_670,30000142,2026-02-16T07:55:59Z,670,1,
133415607_670,30000142,2026-02-16T07:55:59Z,670,1,
133415608_670,30000142,2026-02-16T07:55:59Z,670,1,
133415609_670,30000142,2026-02-16T07:55:59Z,670,1,
133415610_670,30000142,2026-02-16T07:55:59Z,670,1,
133415611_670,30000142,2026-02-16T07:55:59Z,670,1,
133415612_670,30000142,2026-02-16T07:55:59Z,670,1,
133415613_670,30000142,2026-02-16T07:55:59Z,670,1,
133415614_670,30000142,2026-02-16T07:55:59Z,670,1,
133415615_670,30000142,2026-02-16T07:55:59Z,670,1,
133415616_670,30000142,2026-02-16T07:55:59Z,670,1,
133415617_670,30000142,2026-02-16T07:55:59Z,670,1,
133415640_11132,30000142,2026-02-16T07:58:26Z,11132,1,
133415641_588,30000142,2026-02-16T07:58:26Z,588,1,
133415642_601,30000142,2026-02-16T07:58:26Z,601,1,
133415643_11129,30000142,2026-02-16T07:58:26Z,11129,1,
133415644_672,30000142,2026-02-16T07:58:26Z,672,1,
133415645_606,30000142,2026-02-16T07:58:26Z,606,1,
133415646_32880,30000142,2026-02-16T07:58:26Z,32880,1,
133415647_596,30000142,2026-02-16T07:58:26Z,596,1,
133415648_3766,30000142,2026-02-16T07:58:27Z,3766,1,
133415649_2161,30000142,2026-02-16T07:58:27Z,2161,1,
133415650_592,30000142,2026-02-16T07:58:27Z,592,1,
133415651_584,30000142,2026-02-16T07:58:27Z,584,1,
133415652_589,30000142,2026-02-16T07:58:27Z,589,1,
133415653_599,30000142,2026-02-16T07:58:27Z,599,1,
133415656_591,30000142,2026-02-16T07:58:35Z,591,1,
133415657_587,30000142,2026-02-16T07:58:35Z,587,1,
133415658_603,30000142,2026-02-16T07:58:35Z,603,1,
133415659_594,30000142,2026-02-16T07:58:35Z,594,1,
133415660_582,30000142,2026-02-16T07:58:36Z,582,1,
133415661_609,30000142,2026-02-16T07:58:37Z,609,1,
133415662_72904,30000142,2026-02-16T07:58:46Z,72904,1,
133415672_670,30000142,2026-02-16T07:59:59Z,670,1,
133415673_670,30000142,2026-02-16T07:59:59Z,670,1,
133415674_670,30000142,2026-02-16T07:59:59Z,670,1,
133415675_670,30000142,2026-02-16T07:59:59Z,670,1,
133415676_670,30000142,2026-02-16T07:59:59Z,670,1,
133415677_670,30000142,2026-02-16T07:59:59Z,670,1,
133415678_670,30000142,2026-02-16T07:59:59Z,670,1,
133415679_670,30000142,2026-02-16T07:59:59Z,670,1,
133415680_670,30000142,2026-02-16T07:59:59Z,670,1,
133415681_670,30000142,2026-02-16T07:59:59Z,670,1,
133415682_670,30000142,2026-02-16T07:59:59Z,670,1,
133415683_670,30000142,2026-02-16T07:59:59Z,670,1,
133415684_670,30000142,2026-02-16T07:59:59Z,670,1,
133415685_670,30000142,2026-02-16T08:00:00Z,670,1,
133415686_670,30000142,2026-02-16T08:00:00Z,670,1,
133415687_670,30000142,2026-02-16T08:00:00Z,670,1,
133415688_670,30000142,2026-02-16T08:00:00Z,670,1,
133415689_670,30000142,2026-02-16T08:00:00Z,670,1,
133415690_670,30000142,2026-02-16T08:00:00Z,670,1,
133415691_670,30000142,2026-02-16T08:00:00Z,670,1,
133415692_670,30000142,2026-02-16T08:00:00Z,670,1,
133415719_11134,30000142,2026-02-16T08:02:39Z,11134,1,
133415720_11132,30000142,2026-02-16T08:02:39Z,11132,1,
133415721_606,30000142,2026-02-16T08:02:39Z,606,1,
133415722_588,30000142,2026-02-16T08:02:39Z,588,1,
133415723_601,30000142,2026-02-16T08:02:39Z,601,1,
133415724_672,30000142,2026-02-16T08:02:39Z,672,1,
133415725_596,30000142,2026-02-16T08:02:39Z,596,1,
133415726_32880,30000142,2026-02-16T08:02:39Z,32880,1,
133415727_3766,30000142,2026-02-16T08:02:40Z,3766,1,
133415728_582,30000142,2026-02-16T08:02:40Z,582,1,
133415729_584,30000142,2026-02-16T08:02:40Z,584,1,
133415730_599,30000142,2026-02-16T08:02:40Z,599,1,
133415732_2161,30000142,2026-02-16T08:02:40Z,2161,1,
133415733_592,30000142,2026-02-16T08:02:40Z,592,1,
133415734_589,30000142,2026-02-16T08:02:40Z,589,1,
133415735_609,30000142,2026-02-16T08:02:40Z,609,1,
133415736_591,30000142,2026-02-16T08:02:48Z,591,1,
133415737_587,30000142,2026-02-16T08:02:48Z,587,1,
133415738_603,30000142,2026-02-16T08:02:48Z,603,1,
133415739_594,30000142,2026-02-16T08:02:48Z,594,1,
133415740_72904,30000142,2026-02-16T08:02:48Z,72904,1,
133415752_670,30000142,2026-02-16T08:04:00Z,670,1,
133415753_670,30000142,2026-02-16T08:04:00Z,670,1,
133415754_670,30000142,2026-02-16T08:04:00Z,670,1,
133415755_670,30000142,2026-02-16T08:04:00Z,670,1,
133415756_670,30000142,2026-02-16T08:04:01Z,670,1,
133415757_670,30000142,2026-02-16T08:04:01Z,670,1,
133415758_670,30000142,2026-02-16T08:04:01Z,670,1,
133415759_670,30000142,2026-02-16T08:04:01Z,670,1,
133415760_670,30000142,2026-02-16T08:04:01Z,670,1,
133415761_670,30000142,2026-02-16T08:04:01Z,670,1,
133415762_670,30000142,2026-02-16T08:04:01Z,670,1,
133415763_670,30000142,2026-02-16T08:04:01Z,670,1,
133415764_670,30000142,2026-02-16T08:04:02Z,670,1,
133415765_670,30000142,2026-02-16T08:04:02Z,670,1,
133415766_670,30000142,2026-02-16T08:04:02Z,670,1,
133415767_670,30000142,2026-02-16T08:04:02Z,670,1,
133415768_670,30000142,2026-02-16T08:04:02Z,670,1,
133415769_670,30000142,2026-02-16T08:04:02Z,670,1,
133415770_670,30000142,2026-02-16T08:04:02Z,670,1,
133415771_670,30000142,2026-02-16T08:04:03Z,670,1,
133415772_670,30000142,2026-02-16T08:04:03Z,670,1,
133415793_11132,30000142,2026-02-16T08:06:45Z,11132,1,
133415794_588,30000142,2026-02-16T08:06:45Z,588,1,
133415795_11134,30000142,2026-02-16T08:06:45Z,11134,1,
133415796_11129,30000142,2026-02-16T08:06:45Z,11129,1,
133415797_606,30000142,2026-02-16T08:06:46Z,606,1,
133415798_32880,30000142,2026-02-16T08:06:46Z,32880,1,
133415799_596,30000142,2026-02-16T08:06:46Z,596,1,
133415800_3766,30000142,2026-02-16T08:06:46Z,3766,1,
133415801_582,30000142,2026-02-16T08:06:46Z,582,1,
133415802_2161,30000142,2026-02-16T08:06:46Z,2161,1,
133415803_592,30000142,2026-02-16T08:06:46Z,592,1,
133415804_584,30000142,2026-02-16T08:06:46Z,584,1,
133415805_589,30000142,2026-02-16T08:06:46Z,589,1,
133415806_599,30000142,2026-02-16T08:06:46Z,599,1,
133415807_609,30000142,2026-02-16T08:06:46Z,609,1,
133415808_591,30000142,2026-02-16T08:06:54Z,591,1,
133415809_587,30000142,2026-02-16T08:06:54Z,587,1,
133415810_603,30000142,2026-02-16T08:06:54Z,603,1,
133415811_72904,30000142,2026-02-16T08:06:54Z,72904,1,
133415812_594,30000142,2026-02-16T08:06:54Z,594,1,
133415821_670,30000142,2026-02-16T08:08:03Z,670,1,
133415822_670,30000142,2026-02-16T08:08:03Z,670,1,
133415824_670,30000142,2026-02-16T08:08:03Z,670,1,
133415825_670,30000142,2026-02-16T08:08:03Z,670,1,
133415826_670,30000142,2026-02-16T08:08:03Z,670,1,
133415827_670,30000142,2026-02-16T08:08:04Z,670,1,
133415828_670,30000142,2026-02-16T08:08:04Z,670,1,
133415829_670,30000142,2026-02-16T08:08:04Z,670,1,
133415830_670,30000142,2026-02-16T08:08:04Z,670,1,
133415831_670,30000142,2026-02-16T08:08:04Z,670,1,
133415832_670,30000142,2026-02-16T08:08:04Z,670,1,
133415833_670,30000142,2026-02-16T08:08:04Z,670,1,
133415834_670,30000142,2026-02-16T08:08:05Z,670,1,
133415835_670,30000142,2026-02-16T08:08:05Z,670,1,
133415836_670,30000142,2026-02-16T08:08:05Z,670,1,
133415837_670,30000142,2026-02-16T08:08:05Z,670,1,
133415838_670,30000142,2026-02-16T08:08:05Z,670,1,
133415839_670,30000142,2026-02-16T08:08:05Z,670,1,
133415840_670,30000142,2026-02-16T08:08:05Z,670,1,
133415841_670,30000142,2026-02-16T08:08:06Z,670,1,
133415842_670,30000142,2026-02-16T08:08:06Z,670,1,
133415867_11132,30000142,2026-02-16T08:11:04Z,11132,1,
133415868_588,30000142,2026-02-16T08:11:04Z,588,1,
133415869_601,30000142,2026-02-16T08:11:04Z,601,1,
133415870_11134,30000142,2026-02-16T08:11:04Z,11134,1,
133415871_11129,30000142,2026-02-16T08:11:04Z,11129,1,
133415872_672,30000142,2026-02-16T08:11:04Z,672,1,
133415873_606,30000142,2026-02-16T08:11:04Z,606,1,
133415874_32880,30000142,2026-02-16T08:11:04Z,32880,1,
133415875_3766,30000142,2026-02-16T08:11:04Z,3766,1,
133415876_582,30000142,2026-02-16T08:11:04Z,582,1,
133415877_2161,30000142,2026-02-16T08:11:04Z,2161,1,
133415878_592,30000142,2026-02-16T08:11:04Z,592,1,
133415879_584,30000142,2026-02-16T08:11:04Z,584,1,
133415880_589,30000142,2026-02-16T08:11:04Z,589,1,
133415881_599,30000142,2026-02-16T08:11:04Z,599,1,
133415883_609,30000142,2026-02-16T08:11:04Z,609,1,
133415884_603,30000142,2026-02-16T08:11:12Z,603,1,
133415885_587,30000142,2026-02-16T08:11:12Z,587,1,
133415886_591,30000142,2026-02-16T08:11:12Z,591,1,
133415887_72904,30000142,2026-02-16T08:11:12Z,72904,1,
133415888_594,30000142,2026-02-16T08:11:12Z,594,1,
133415899_670,30000142,2026-02-16T08:12:06Z,670,1,
133415900_670,30000142,2026-02-16T08:12:06Z,670,1,
133415901_670,30000142,2026-02-16T08:12:06Z,670,1,
133415903_670,30000142,2026-02-16T08:12:08Z,670,1,
133415904_670,30000142,2026-02-16T08:12:08Z,670,1,
133415905_670,30000142,2026-02-16T08:12:08Z,670,1,
133415906_670,30000142,2026-02-16T08:12:08Z,670,1,
133415907_670,30000142,2026-02-16T08:12:08Z,670,1,
133415908_670,30000142,2026-02-16T08:12:08Z,670,1,
133415909_670,30000142,2026-02-16T08:12:09Z,670,1,
133415910_670,30000142,2026-02-16T08:12:09Z,670,1,
133415911_670,30000142,2026-02-16T08:12:09Z,670,1,
133415912_670,30000142,2026-02-16T08:12:09Z,670,1,
133415913_670,30000142,2026-02-16T08:12:09Z,670,1,
133415914_670,30000142,2026-02-16T08:12:09Z,670,1,
133415915_670,30000142,2026-02-16T08:12:09Z,670,1,
133415916_670,30000142,2026-02-16T08:12:09Z,670,1,
133415917_670,30000142,2026-02-16T08:12:10Z,670,1,
133415918_670,30000142,2026-02-16T08:12:10Z,670,1,
133415919_670,30000142,2026-02-16T08:12:10Z,670,1,
133415920_670,30000142,2026-02-16T08:12:10Z,670,1,
133415977_11132,30000142,2026-02-16T08:17:24Z,11132,1,
133415978_588,30000142,2026-02-16T08:17:24Z,588,1,
133415979_601,30000142,2026-02-16T08:17:24Z,601,1,
133415980_11134,30000142,2026-02-16T08:17:24Z,11134,1,
133415981_672,30000142,2026-02-16T08:17:24Z,672,1,
133415982_11129,30000142,2026-02-16T08:17:24Z,11129,1,
133415983_596,30000142,2026-02-16T08:17:24Z,596,1,
133415984_32880,30000142,2026-02-16T08:17:24Z,32880,1,
133415985_3766,30000142,2026-02-16T08:17:24Z,3766,1,
133415986_582,30000142,2026-02-16T08:17:24Z,582,1,
133415987_2161,30000142,2026-02-16T08:17:24Z,2161,1,
133415988_592,30000142,2026-02-16T08:17:24Z,592,1,
133415989_584,30000142,2026-02-16T08:17:24Z,584,1,
133415990_599,30000142,2026-02-16T08:17:24Z,599,1,
133415991_589,30000142,2026-02-16T08:17:24Z,589,1,
133415993_609,30000142,2026-02-16T08:17:24Z,609,1,
133415995_603,30000142,2026-02-16T08:17:32Z,603,1,
133415996_591,30000142,2026-02-16T08:17:32Z,591,1,
133415997_587,30000142,2026-02-16T08:17:32Z,587,1,
133415998_72904,30000142,2026-02-16T08:17:32Z,72904,1,
133415999_594,30000142,2026-02-16T08:17:32Z,594,1,
133416007_670,30000142,2026-02-16T08:18:10Z,670,1,
133416008_670,30000142,2026-02-16T08:18:10Z,670,1,
133416009_670,30000142,2026-02-16T08:18:10Z,670,1,
133416010_670,30000142,2026-02-16T08:18:10Z,670,1,
133416011_670,30000142,2026-02-16T08:18:11Z,670,1,
133416012_670,30000142,2026-02-16T08:18:11Z,670,1,
133416013_670,30000142,2026-02-16T08:18:11Z,670,1,
133416014_670,30000142,2026-02-16T08:18:11Z,670,1,
133416015_670,30000142,2026-02-16T08:18:11Z,670,1,
133416016_670,30000142,2026-02-16T08:18:11Z,670,1,
133416017_670,30000142,2026-02-16T08:18:11Z,670,1,
133416018_670,30000142,2026-02-16T08:18:11Z,670,1,
133416019_670,30000142,2026-02-16T08:18:12Z,670,1,
133416020_670,30000142,2026-02-16T08:18:12Z,670,1,
133416021_670,30000142,2026-02-16T08:18:12Z,670,1,
133416022_670,30000142,2026-02-16T08:18:12Z,670,1,
133416023_670,30000142,2026-02-16T08:18:12Z,670,1,
133416024_670,30000142,2026-02-16T08:18:12Z,670,1,
133416025_670,30000142,2026-02-16T08:18:12Z,670,1,
133416026_670,30000142,2026-02-16T08:18:12Z,670,1,
133416027_670,30000142,2026-02-16T08:18:13Z,670,1,
133416064_11132,30000142,2026-02-16T08:22:16Z,11132,1,
133416065_601,30000142,2026-02-16T08:22:16Z,601,1,
133416066_11134,30000142,2026-02-16T08:22:16Z,11134,1,
133416067_11129,30000142,2026-02-16T08:22:16Z,11129,1,
133416068_672,30000142,2026-02-16T08:22:16Z,672,1,
133416069_596,30000142,2026-02-16T08:22:16Z,596,1,
133416070_32880,30000142,2026-02-16T08:22:16Z,32880,1,
133416071_606,30000142,2026-02-16T08:22:16Z,606,1,
133416073_589,30000142,2026-02-16T08:22:16Z,589,1,
133416074_3766,30000142,2026-02-16T08:22:16Z,3766,1,
133416075_2161,30000142,2026-02-16T08:22:16Z,2161,1,
133416076_592,30000142,2026-02-16T08:22:16Z,592,1,
133416077_584,30000142,2026-02-16T08:22:16Z,584,1,
133416078_599,30000142,2026-02-16T08:22:16Z,599,1,
133416079_609,30000142,2026-02-16T08:22:17Z,609,1,
133416080_582,30000142,2026-02-16T08:22:17Z,582,1,
133416082_591,30000142,2026-02-16T08:22:24Z,591,1,
133416083_603,30000142,2026-02-16T08:22:24Z,603,1,
133416084_587,30000142,2026-02-16T08:22:24Z,587,1,
133416085_72904,30000142,2026-02-16T08:22:24Z,72904,1,
133416086_594,30000142,2026-02-16T08:22:24Z,594,1,
133416089_670,30000142,2026-02-16T08:23:13Z,670,1,
133416090_670,30000142,2026-02-16T08:23:13Z,670,1,
133416091_670,30000142,2026-02-16T08:23:13Z,670,1,
133416092_670,30000142,2026-02-16T08:23:13Z,670,1,
133416093_670,30000142,2026-02-16T08:23:13Z,670,1,
133416094_670,30000142,2026-02-16T08:23:13Z,670,1,
133416096_670,30000142,2026-02-16T08:23:13Z,670,1,
133416097_670,30000142,2026-02-16T08:23:14Z,670,1,
133416098_670,30000142,2026-02-16T08:23:14Z,670,1,
133416099_670,30000142,2026-02-16T08:23:14Z,670,1,
133416100_670,30000142,2026-02-16T08:23:14Z,670,1,
133416101_670,30000142,2026-02-16T08:23:14Z,670,1,
133416102_670,30000142,2026-02-16T08:23:14Z,670,1,
133416103_670,30000142,2026-02-16T08:23:14Z,670,1,
133416104_670,30000142,2026-02-16T08:23:14Z,670,1,
133416105_670,30000142,2026-02-16T08:23:14Z,670,1,
133416106_670,30000142,2026-02-16T08:23:14Z,670,1,
133416107_670,30000142,2026-02-16T08:23:15Z,670,1,
133416108_670,30000142,2026-02-16T08:23:15Z,670,1,
133416109_670,30000142,2026-02-16T08:23:15Z,670,1,
133416110_670,30000142,2026-02-16T08:23:15Z,670,1,
133416165_49710,30000142,2026-02-16T08:30:27Z,49710,1,
133416171_29990,30000142,2026-02-16T08:31:41Z,29990,1,
133416237_657,30000142,2026-02-16T08:39:22Z,657,1,
133416238_1944,30000142,2026-02-16T08:39:22Z,1944,1,
133416239_656,30000142,2026-02-16T08:39:22Z,656,1,
133416240_652,30000142,2026-02-16T08:39:22Z,652,1,
133416241_654,30000142,2026-02-16T08:39:22Z,654,1,
133416242_16238,30000142,2026-02-16T08:39:22Z,16238,1,
133416243_655,30000142,2026-02-16T08:39:22Z,655,1,
133416244_16242,30000142,2026-02-16T08:39:30Z,16242,1,
133416245_649,30000142,2026-02-16T08:39:30Z,649,1,
133416246_32878,30000142,2026-02-16T08:39:30Z,32878,1,
133416247_32876,30000142,2026-02-16T08:39:30Z,32876,1,
133416248_16240,30000142,2026-02-16T08:39:30Z,16240,1,
133416249_16236,30000142,2026-02-16T08:39:30Z,16236,1,
133416250_32874,30000142,2026-02-16T08:39:30Z,32874,1,
133416251_32872,30000142,2026-02-16T08:39:30Z,32872,1,
133416253_651,30000142,2026-02-16T08:39:40Z,651,1,
133416254_653,30000142,2026-02-16T08:39:41Z,653,1,
133416255_648,30000142,2026-02-16T08:39:41Z,648,1,
133416258_650,30000142,2026-02-16T08:39:49Z,650,1,
133416260_19744,30000142,2026-02-16T08:39:50Z,19744,1,
133416263_49710,30000142,2026-02-16T08:40:13Z,49710,1,
133416264_670,30000142,2026-02-16T08:40:15Z,670,1,
133416265_670,30000142,2026-02-16T08:40:15Z,670,1,
133416266_670,30000142,2026-02-16T08:40:15Z,670,1,
133416267_670,30000142,2026-02-16T08:40:15Z,670,1,
133416268_670,30000142,2026-02-16T08:40:16Z,670,1,
133416269_670,30000142,2026-02-16T08:40:16Z,670,1,
133416270_670,30000142,2026-02-16T08:40:16Z,670,1,
133416271_670,30000142,2026-02-16T08:40:16Z,670,1,
133416272_670,30000142,2026-02-16T08:40:16Z,670,1,
133416273_670,30000142,2026-02-16T08:40:16Z,670,1,
133416274_670,30000142,2026-02-16T08:40:16Z,670,1,
133416275_670,30000142,2026-02-16T08:40:16Z,670,1,
133416276_670,30000142,2026-02-16T08:40:16Z,670,1,
133416277_670,30000142,2026-02-16T08:40:17Z,670,1,
133416278_670,30000142,2026-02-16T08:40:17Z,670,1,
133416279_670,30000142,2026-02-16T08:40:17Z,670,1,
133416284_670,30000142,2026-02-16T08:41:17Z,670,1,
133416285_670,30000142,2026-02-16T08:41:17Z,670,1,
133416287_670,30000142,2026-02-16T08:41:17Z,670,1,
133416288_670,30000142,2026-02-16T08:41:17Z,670,1,
133416313_605,30000142,2026-02-16T08:44:54Z,605,1,
133416334_49710,30000142,2026-02-16T08:46:50Z,49710,1,
133416343_72904,30000142,2026-02-16T08:47:40Z,72904,1,
133416344_657,30000142,2026-02-16T08:47:41Z,657,1,
133416345_654,30000142,2026-02-16T08:47:42Z,654,1,
133416346_1944,30000142,2026-02-16T08:47:42Z,1944,1,
133416347_655,30000142,2026-02-16T08:47:42Z,655,1,
133416348_656,30000142,2026-02-16T08:47:42Z,656,1,
133416349_652,30000142,2026-02-16T08:47:42Z,652,1,
133416350_649,30000142,2026-02-16T08:47:50Z,649,1,
133416351_16242,30000142,2026-02-16T08:47:50Z,16242,1,
133416352_16238,30000142,2026-02-16T08:47:50Z,16238,1,
133416353_32878,30000142,2026-02-16T08:47:50Z,32878,1,
133416354_32876,30000142,2026-02-16T08:47:50Z,32876,1,
133416355_16236,30000142,2026-02-16T08:47:50Z,16236,1,
133416356_32872,30000142,2026-02-16T08:47:50Z,32872,1,
133416357_32874,30000142,2026-02-16T08:47:50Z,32874,1,
133416360_653,30000142,2026-02-16T08:48:00Z,653,1,
133416361_648,30000142,2026-02-16T08:48:00Z,648,1,
133416362_650,30000142,2026-02-16T08:48:09Z,650,1,
133416363_19744,30000142,2026-02-16T08:48:10Z,19744,1,
133416367_670,30000142,2026-02-16T08:48:17Z,670,1,
133416382_670,30000142,2026-02-16T08:49:18Z,670,1,
133416383_670,30000142,2026-02-16T08:49:18Z,670,1,
133416384_670,30000142,2026-02-16T08:49:18Z,670,1,
133416385_670,30000142,2026-02-16T08:49:18Z,670,1,
133416386_670,30000142,2026-02-16T08:49:18Z,670,1,
133416387_670,30000142,2026-02-16T08:49:18Z,670,1,
133416388_670,30000142,2026-02-16T08:49:18Z,670,1,
133416389_670,30000142,2026-02-16T08:49:18Z,670,1,
133416390_670,30000142,2026-02-16T08:49:18Z,670,1,
133416391_670,30000142,2026-02-16T08:49:18Z,670,1,
133416392_670,30000142,2026-02-16T08:49:18Z,670,1,
133416393_670,30000142,2026-02-16T08:49:18Z,670,1,
133416394_670,30000142,2026-02-16T08:49:18Z,670,1,
133416395_670,30000142,2026-02-16T08:49:18Z,670,1,
133416396_670,30000142,2026-02-16T08:49:18Z,670,1,
133416397_670,30000142,2026-02-16T08:49:18Z,670,1,
133416398_670,30000142,2026-02-16T08:49:18Z,670,1,
133416399_670,30000142,2026-02-16T08:49:18Z,670,1,
133416405_11192,30000142,2026-02-16T08:50:02Z,11192,1,
133416407_670,30000142,2026-02-16T08:50:09Z,670,1,
133416450_72904,30000142,2026-02-16T08:53:26Z,72904,1,
133416451_657,30000142,2026-02-16T08:53:27Z,657,1,
133416452_16238,30000142,2026-02-16T08:53:27Z,16238,1,
133416453_1944,30000142,2026-02-16T08:53:27Z,1944,1,
133416454_656,30000142,2026-02-16T08:53:27Z,656,1,
133416455_652,30000142,2026-02-16T08:53:27Z,652,1,
133416456_654,30000142,2026-02-16T08:53:27Z,654,1,
133416457_655,30000142,2026-02-16T08:53:27Z,655,1,
133416458_649,30000142,2026-02-16T08:53:35Z,649,1,
133416459_32872,30000142,2026-02-16T08:53:35Z,32872,1,
133416460_32876,30000142,2026-02-16T08:53:35Z,32876,1,
133416461_16236,30000142,2026-02-16T08:53:35Z,16236,1,
133416462_16240,30000142,2026-02-16T08:53:35Z,16240,1,
133416463_32874,30000142,2026-02-16T08:53:36Z,32874,1,
133416464_651,30000142,2026-02-16T08:53:45Z,651,1,
133416465_653,30000142,2026-02-16T08:53:46Z,653,1,
133416466_648,30000142,2026-02-16T08:53:46Z,648,1,
133416468_650,30000142,2026-02-16T08:53:54Z,650,1,
133416470_19744,30000142,2026-02-16T08:53:55Z,19744,1,
133416472_16242,30000142,2026-02-16T08:54:04Z,16242,1,
133416476_670,30000142,2026-02-16T08:54:18Z,670,1,
133416478_670,30000142,2026-02-16T08:54:18Z,670,1,
133416479_670,30000142,2026-02-16T08:54:19Z,670,1,
133416480_670,30000142,2026-02-16T08:54:19Z,670,1,
133416481_670,30000142,2026-02-16T08:54:19Z,670,1,
133416482_670,30000142,2026-02-16T08:54:19Z,670,1,
133416483_670,30000142,2026-02-16T08:54:19Z,670,1,
133416484_670,30000142,2026-02-16T08:54:19Z,670,1,
133416485_670,30000142,2026-02-16T08:54:19Z,670,1,
133416486_670,30000142,2026-02-16T08:54:19Z,670,1,
133416487_670,30000142,2026-02-16T08:54:20Z,670,1,
133416488_670,30000142,2026-02-16T08:54:20Z,670,1,
133416489_670,30000142,2026-02-16T08:54:20Z,670,1,
133416490_670,30000142,2026-02-16T08:54:20Z,670,1,
133416491_670,30000142,2026-02-16T08:54:20Z,670,1,
133416499_670,30000142,2026-02-16T08:55:20Z,670,1,
133416500_670,30000142,2026-02-16T08:55:20Z,670,1,
133416501_670,30000142,2026-02-16T08:55:20Z,670,1,
133416502_670,30000142,2026-02-16T08:55:21Z,670,1,
133416503_670,30000142,2026-02-16T08:55:21Z,670,1,
133416524_72904,30000142,2026-02-16T08:58:22Z,72904,1,
133416526_657,30000142,2026-02-16T08:58:24Z,657,1,
133416527_16238,30000142,2026-02-16T08:58:24Z,16238,1,
133416528_1944,30000142,2026-02-16T08:58:24Z,1944,1,
133416529_656,30000142,2026-02-16T08:58:24Z,656,1,
133416530_652,30000142,2026-02-16T08:58:24Z,652,1,
133416531_654,30000142,2026-02-16T08:58:24Z,654,1,
133416532_655,30000142,2026-02-16T08:58:24Z,655,1,
133416533_649,30000142,2026-02-16T08:58:31Z,649,1,
133416534_16242,30000142,2026-02-16T08:58:31Z,16242,1,
133416535_16236,30000142,2026-02-16T08:58:31Z,16236,1,
133416536_32878,30000142,2026-02-16T08:58:31Z,32878,1,
133416537_16240,30000142,2026-02-16T08:58:31Z,16240,1,
133416538_32874,30000142,2026-02-16T08:58:31Z,32874,1,
133416539_32872,30000142,2026-02-16T08:58:31Z,32872,1,
133416540_651,30000142,2026-02-16T08:58:41Z,651,1,
133416541_653,30000142,2026-02-16T08:58:43Z,653,1,
133416542_648,30000142,2026-02-16T08:58:43Z,648,1,
133416545_650,30000142,2026-02-16T08:58:50Z,650,1,
133416546_19744,30000142,2026-02-16T08:58:52Z,19744,1,
133416550_670,30000142,2026-02-16T08:59:21Z,670,1,
133416551_670,30000142,2026-02-16T08:59:21Z,670,1,
133416552_670,30000142,2026-02-16T08:59:21Z,670,1,
133416553_670,30000142,2026-02-16T08:59:21Z,670,1,
133416554_670,30000142,2026-02-16T08:59:21Z,670,1,
133416555_670,30000142,2026-02-16T08:59:21Z,670,1,
133416556_670,30000142,2026-02-16T08:59:21Z,670,1,
133416557_670,30000142,2026-02-16T08:59:22Z,670,1,
133416558_670,30000142,2026-02-16T08:59:22Z,670,1,
133416559_670,30000142,2026-02-16T08:59:22Z,670,1,
133416560_670,30000142,2026-02-16T08:59:22Z,670,1,
133416561_670,30000142,2026-02-16T08:59:22Z,670,1,
133416562_670,30000142,2026-02-16T08:59:22Z,670,1,
133416563_670,30000142,2026-02-16T08:59:22Z,670,1,
133416564_670,30000142,2026-02-16T08:59:22Z,670,1,
133416565_670,30000142,2026-02-16T08:59:22Z,670,1,
133416566_670,30000142,2026-02-16T08:59:22Z,670,1,
133416567_670,30000142,2026-02-16T08:59:23Z,670,1,
133416577_670,30000142,2026-02-16T09:00:23Z,670,1,
133416578_670,30000142,2026-02-16T09:00:23Z,670,1,
133416583_4310,30000142,2026-02-16T09:00:58Z,4310,1,
133416596_72904,30000142,2026-02-16T09:02:11Z,72904,1,
133416597_16238,30000142,2026-02-16T09:02:15Z,16238,1,
133416598_1944,30000142,2026-02-16T09:02:15Z,1944,1,
133416599_656,30000142,2026-02-16T09:02:15Z,656,1,
133416600_652,30000142,2026-02-16T09:02:15Z,652,1,
133416601_654,30000142,2026-02-16T09:02:15Z,654,1,
133416602_655,30000142,2026-02-16T09:02:15Z,655,1,
133416604_649,30000142,2026-02-16T09:02:21Z,649,1,
133416605_32876,30000142,2026-02-16T09:02:21Z,32876,1,
133416606_16242,30000142,2026-02-16T09:02:21Z,16242,1,
133416607_32878,30000142,2026-02-16T09:02:21Z,32878,1,
133416608_16240,30000142,2026-02-16T09:02:21Z,16240,1,
133416609_16236,30000142,2026-02-16T09:02:21Z,16236,1,
133416610_32872,30000142,2026-02-16T09:02:21Z,32872,1,
133416611_32874,30000142,2026-02-16T09:02:21Z,32874,1,
133416614_657,30000142,2026-02-16T09:02:21Z,657,1,
133416615_651,30000142,2026-02-16T09:02:30Z,651,1,
133416616_653,30000142,2026-02-16T09:02:34Z,653,1,
133416617_650,30000142,2026-02-16T09:02:40Z,650,1,
133416618_648,30000142,2026-02-16T09:02:40Z,648,1,
133416628_670,30000142,2026-02-16T09:03:23Z,670,1,
133416629_670,30000142,2026-02-16T09:03:23Z,670,1,
133416630_670,30000142,2026-02-16T09:03:23Z,670,1,
133416631_670,30000142,2026-02-16T09:03:23Z,670,1,
133416632_670,30000142,2026-02-16T09:03:24Z,670,1,
133416633_670,30000142,2026-02-16T09:03:24Z,670,1,
133416634_670,30000142,2026-02-16T09:03:24Z,670,1,
133416635_670,30000142,2026-02-16T09:03:24Z,670,1,
133416636_670,30000142,2026-02-16T09:03:24Z,670,1,
133416637_670,30000142,2026-02-16T09:03:24Z,670,1,
133416638_670,30000142,2026-02-16T09:03:24Z,670,1,
133416639_670,30000142,2026-02-16T09:03:24Z,670,1,
133416640_670,30000142,2026-02-16T09:03:24Z,670,1,
133416641_670,30000142,2026-02-16T09:03:24Z,670,1,
133416642_670,30000142,2026-02-16T09:03:25Z,670,1,
133416643_670,30000142,2026-02-16T09:03:25Z,670,1,
133416644_670,30000142,2026-02-16T09:03:25Z,670,1,
133416645_670,30000142,2026-02-16T09:03:25Z,670,1,
133416646_670,30000142,2026-02-16T09:03:25Z,670,1,
133416647_670,30000142,2026-02-16T09:03:25Z,670,1,
133416655_601,30000142,2026-02-16T09:05:10Z,601,1,
133416668_72904,30000142,2026-02-16T09:06:38Z,72904,1,
133416669_657,30000142,2026-02-16T09:06:39Z,657,1,
133416670_16238,30000142,2026-02-16T09:06:39Z,16238,1,
133416671_656,30000142,2026-02-16T09:06:39Z,656,1,
133416672_1944,30000142,2026-02-16T09:06:39Z,1944,1,
133416673_652,30000142,2026-02-16T09:06:39Z,652,1,
133416674_655,30000142,2026-02-16T09:06:39Z,655,1,
133416675_16242,30000142,2026-02-16T09:06:47Z,16242,1,
133416676_32878,30000142,2026-02-16T09:06:47Z,32878,1,
133416677_32876,30000142,2026-02-16T09:06:47Z,32876,1,
133416678_16240,30000142,2026-02-16T09:06:47Z,16240,1,
133416679_32874,30000142,2026-02-16T09:06:47Z,32874,1,
133416680_32872,30000142,2026-02-16T09:06:48Z,32872,1,
133416681_654,30000142,2026-02-16T09:06:48Z,654,1,
133416682_649,30000142,2026-02-16T09:06:48Z,649,1,
133416683_653,30000142,2026-02-16T09:06:58Z,653,1,
133416684_651,30000142,2026-02-16T09:06:58Z,651,1,
133416685_648,30000142,2026-02-16T09:06:58Z,648,1,
133416687_650,30000142,2026-02-16T09:07:06Z,650,1,
133416688_19744,30000142,2026-02-16T09:07:07Z,19744,1,
133416693_670,30000142,2026-02-16T09:07:25Z,670,1,
133416694_670,30000142,2026-02-16T09:07:26Z,670,1,
133416695_670,30000142,2026-02-16T09:07:26Z,670,1,
133416696_670,30000142,2026-02-16T09:07:26Z,670,1,
133416697_670,30000142,2026-02-16T09:07:26Z,670,1,
133416698_670,30000142,2026-02-16T09:07:26Z,670,1,
133416699_670,30000142,2026-02-16T09:07:26Z,670,1,
133416700_670,30000142,2026-02-16T09:07:26Z,670,1,
133416701_670,30000142,2026-02-16T09:07:26Z,670,1,
133416702_670,30000142,2026-02-16T09:07:26Z,670,1,
133416703_670,30000142,2026-02-16T09:07:27Z,670,1,
133416704_670,30000142,2026-02-16T09:07:27Z,670,1,
133416705_670,30000142,2026-02-16T09:07:27Z,670,1,
133416706_670,30000142,2026-02-16T09:07:27Z,670,1,
133416707_670,30000142,2026-02-16T09:07:27Z,670,1,
133416718_670,30000142,2026-02-16T09:08:27Z,670,1,
133416719_670,30000142,2026-02-16T09:08:27Z,670,1,
133416720_670,30000142,2026-02-16T09:08:27Z,670,1,
133416721_670,30000142,2026-02-16T09:08:28Z,670,1,
133416722_670,30000142,2026-02-16T09:08:28Z,670,1,
133416740_72904,30000142,2026-02-16T09:10:56Z,72904,1,
133416742_657,30000142,2026-02-16T09:10:58Z,657,1,
133416744_16238,30000142,2026-02-16T09:10:59Z,16238,1,
133416745_1944,30000142,2026-02-16T09:10:59Z,1944,1,
133416746_652,30000142,2026-02-16T09:10:59Z,652,1,
133416747_656,30000142,2026-02-16T09:10:59Z,656,1,
133416748_654,30000142,2026-02-16T09:10:59Z,654,1,
133416749_655,30000142,2026-02-16T09:10:59Z,655,1,
133416752_649,30000142,2026-02-16T09:11:06Z,649,1,
133416753_32876,30000142,2026-02-16T09:11:06Z,32876,1,
133416754_16242,30000142,2026-02-16T09:11:06Z,16242,1,
133416755_32878,30000142,2026-02-16T09:11:06Z,32878,1,
133416756_16236,30000142,2026-02-16T09:11:06Z,16236,1,
133416757_32874,30000142,2026-02-16T09:11:06Z,32874,1,
133416758_32872,30000142,2026-02-16T09:11:06Z,32872,1,
133416759_651,30000142,2026-02-16T09:11:16Z,651,1,
133416760_653,30000142,2026-02-16T09:11:17Z,653,1,
133416761_648,30000142,2026-02-16T09:11:17Z,648,1,
133416762_650,30000142,2026-02-16T09:11:25Z,650,1,
133416763_19744,30000142,2026-02-16T09:11:26Z,19744,1,
133416764_670,30000142,2026-02-16T09:11:28Z,670,1,
133416775_670,30000142,2026-02-16T09:12:28Z,670,1,
133416776_670,30000142,2026-02-16T09:12:28Z,670,1,
133416777_670,30000142,2026-02-16T09:12:28Z,670,1,
133416778_670,30000142,2026-02-16T09:12:28Z,670,1,
133416779_670,30000142,2026-02-16T09:12:28Z,670,1,
133416780_670,30000142,2026-02-16T09:12:28Z,670,1,
133416781_670,30000142,2026-02-16T09:12:28Z,670,1,
133416782_670,30000142,2026-02-16T09:12:28Z,670,1,
133416783_670,30000142,2026-02-16T09:12:29Z,670,1,
133416784_670,30000142,2026-02-16T09:12:29Z,670,1,
133416785_670,30000142,2026-02-16T09:12:29Z,670,1,
133416786_670,30000142,2026-02-16T09:12:29Z,670,1,
133416787_670,30000142,2026-02-16T09:12:29Z,670,1,
133416788_670,30000142,2026-02-16T09:12:29Z,670,1,
133416789_670,30000142,2026-02-16T09:12:29Z,670,1,
133416790_670,30000142,2026-02-16T09:12:29Z,670,1,
133416791_670,30000142,2026-02-16T09:12:29Z,670,1,
133416792_670,30000142,2026-02-16T09:12:29Z,670,1,
133416793_670,30000142,2026-02-16T09:12:29Z,670,1,
133416797_89647,30000142,2026-02-16T09:13:33Z,89647,1,
133416809_47466,30000142,2026-02-16T09:14:58Z,47466,1,
133416824_601,30000142,2026-02-16T09:16:01Z,601,1,
133416825_588,30000142,2026-02-16T09:16:12Z,588,1,
133416845_601,30000142,2026-02-16T09:18:15Z,601,1,
133416847_588,30000142,2026-02-16T09:18:27Z,588,1,
133416907_3756,30000142,2026-02-16T09:24:04Z,3756,1,
133416923_601,30000142,2026-02-16T09:26:07Z,601,1,
133416925_588,30000142,2026-02-16T09:26:20Z,588,1,
133416928_601,30000142,2026-02-16T09:26:37Z,601,1,
133416934_670,30000142,2026-02-16T09:27:30Z,670,1,
133416973_626,30000142,2026-02-16T09:32:01Z,626,1,
133416977_11132,30000142,2026-02-16T09:32:29Z,11132,1,
133416982_588,30000142,2026-02-16T09:33:01Z,588,1,
133416983_72904,30000142,2026-02-16T09:33:02Z,72904,1,
133416984_652,30000142,2026-02-16T09:33:14Z,652,1,
133416985_655,30000142,2026-02-16T09:33:14Z,655,1,
133416986_1944,30000142,2026-02-16T09:33:14Z,1944,1,
133416987_656,30000142,2026-02-16T09:33:14Z,656,1,
133416988_657,30000142,2026-02-16T09:33:14Z,657,1,
133416989_654,30000142,2026-02-16T09:33:14Z,654,1,
133416990_32874,30000142,2026-02-16T09:33:14Z,32874,1,
133416991_16238,30000142,2026-02-16T09:33:14Z,16238,1,
133416992_16242,30000142,2026-02-16T09:33:14Z,16242,1,
133416993_16240,30000142,2026-02-16T09:33:15Z,16240,1,
133416994_16236,30000142,2026-02-16T09:33:15Z,16236,1,
133416995_32878,30000142,2026-02-16T09:33:15Z,32878,1,
133416996_32872,30000142,2026-02-16T09:33:15Z,32872,1,
133416997_32876,30000142,2026-02-16T09:33:15Z,32876,1,
133417001_651,30000142,2026-02-16T09:33:27Z,651,1,
133417002_670,30000142,2026-02-16T09:33:30Z,670,1,
133417005_653,30000142,2026-02-16T09:33:38Z,653,1,
133417007_648,30000142,2026-02-16T09:33:38Z,648,1,
133417008_650,30000142,2026-02-16T09:33:39Z,650,1,
133417017_670,30000142,2026-02-16T09:34:30Z,670,1,
133417018_670,30000142,2026-02-16T09:34:30Z,670,1,
133417019_670,30000142,2026-02-16T09:34:30Z,670,1,
133417020_670,30000142,2026-02-16T09:34:30Z,670,1,
133417021_670,30000142,2026-02-16T09:34:30Z,670,1,
133417022_670,30000142,2026-02-16T09:34:30Z,670,1,
133417023_670,30000142,2026-02-16T09:34:30Z,670,1,
133417024_670,30000142,2026-02-16T09:34:30Z,670,1,
133417025_670,30000142,2026-02-16T09:34:30Z,670,1,
133417026_670,30000142,2026-02-16T09:34:30Z,670,1,
133417027_670,30000142,2026-02-16T09:34:30Z,670,1,
133417028_670,30000142,2026-02-16T09:34:30Z,670,1,
133417029_670,30000142,2026-02-16T09:34:30Z,670,1,
133417030_670,30000142,2026-02-16T09:34:30Z,670,1,
133417031_670,30000142,2026-02-16T09:34:30Z,670,1,
133417032_670,30000142,2026-02-16T09:34:30Z,670,1,
133417033_670,30000142,2026-02-16T09:34:30Z,670,1,
133417034_670,30000142,2026-02-16T09:34:30Z,670,1,
133417035_670,30000142,2026-02-16T09:34:30Z,670,1,
133417077_588,30000142,2026-02-16T09:38:47Z,588,1,
133417085_588,30000142,2026-02-16T09:39:16Z,588,1,
133417128_588,30000142,2026-02-16T09:44:26Z,588,1,
133417145_72904,30000142,2026-02-16T09:45:35Z,72904,1,
133417146_657,30000142,2026-02-16T09:45:36Z,657,1,
133417147_656,30000142,2026-02-16T09:45:36Z,656,1,
133417148_655,30000142,2026-02-16T09:45:36Z,655,1,
133417149_652,30000142,2026-02-16T09:45:36Z,652,1,
133417150_16238,30000142,2026-02-16T09:45:36Z,16238,1,
133417151_16236,30000142,2026-02-16T09:45:44Z,16236,1,
133417152_16242,30000142,2026-02-16T09:45:44Z,16242,1,
133417153_32876,30000142,2026-02-16T09:45:44Z,32876,1,
133417154_649,30000142,2026-02-16T09:45:44Z,649,1,
133417155_32878,30000142,2026-02-16T09:45:44Z,32878,1,
133417156_16240,30000142,2026-02-16T09:45:44Z,16240,1,
133417157_32874,30000142,2026-02-16T09:45:44Z,32874,1,
133417158_32872,30000142,2026-02-16T09:45:44Z,32872,1,
133417159_1944,30000142,2026-02-16T09:45:44Z,1944,1,
133417161_651,30000142,2026-02-16T09:45:54Z,651,1,
133417162_648,30000142,2026-02-16T09:45:54Z,648,1,
133417163_653,30000142,2026-02-16T09:45:55Z,653,1,
133417166_650,30000142,2026-02-16T09:46:03Z,650,1,
133417167_19744,30000142,2026-02-16T09:46:04Z,19744,1,
133417173_670,30000142,2026-02-16T09:46:30Z,670,1,
133417174_670,30000142,2026-02-16T09:46:31Z,670,1,
133417175_670,30000142,2026-02-16T09:46:31Z,670,1,
133417176_670,30000142,2026-02-16T09:46:31Z,670,1,
133417177_670,30000142,2026-02-16T09:46:31Z,670,1,
133417178_670,30000142,2026-02-16T09:46:31Z,670,1,
133417179_670,30000142,2026-02-16T09:46:31Z,670,1,
133417180_670,30000142,2026-02-16T09:46:31Z,670,1,
133417181_670,30000142,2026-02-16T09:46:31Z,670,1,
133417182_670,30000142,2026-02-16T09:46:31Z,670,1,
133417183_670,30000142,2026-02-16T09:46:31Z,670,1,
133417184_670,30000142,2026-02-16T09:46:31Z,670,1,
133417185_670,30000142,2026-02-16T09:46:31Z,670,1,
133417186_670,30000142,2026-02-16T09:46:31Z,670,1,
133417187_670,30000142,2026-02-16T09:46:31Z,670,1,
133417188_670,30000142,2026-02-16T09:46:31Z,670,1,
133417199_670,30000142,2026-02-16T09:47:31Z,670,1,
133417200_670,30000142,2026-02-16T09:47:31Z,670,1,
133417201_670,30000142,2026-02-16T09:47:31Z,670,1,
133417202_670,30000142,2026-02-16T09:47:31Z,670,1,
133417229_72904,30000142,2026-02-16T09:49:58Z,72904,1,
133417230_19744,30000142,2026-02-16T09:49:59Z,19744,1,
133417232_16238,30000142,2026-02-16T09:49:59Z,16238,1,
133417233_588,30000142,2026-02-16T09:50:06Z,588,1,
133417234_16242,30000142,2026-02-16T09:50:07Z,16242,1,
133417235_16236,30000142,2026-02-16T09:50:07Z,16236,1,
133417236_32876,30000142,2026-02-16T09:50:07Z,32876,1,
133417237_32878,30000142,2026-02-16T09:50:07Z,32878,1,
133417238_16240,30000142,2026-02-16T09:50:07Z,16240,1,
133417239_32874,30000142,2026-02-16T09:50:07Z,32874,1,
133417240_32872,30000142,2026-02-16T09:50:07Z,32872,1,
133417241_657,30000142,2026-02-16T09:50:08Z,657,1,
133417242_656,30000142,2026-02-16T09:50:08Z,656,1,
133417243_655,30000142,2026-02-16T09:50:08Z,655,1,
133417244_652,30000142,2026-02-16T09:50:09Z,652,1,
133417245_601,30000142,2026-02-16T09:50:14Z,601,1,
133417246_649,30000142,2026-02-16T09:50:17Z,649,1,
133417247_1944,30000142,2026-02-16T09:50:17Z,1944,1,
133417249_651,30000142,2026-02-16T09:50:26Z,651,1,
133417250_648,30000142,2026-02-16T09:50:27Z,648,1,
133417251_670,30000142,2026-02-16T09:50:31Z,670,1,
133417254_650,30000142,2026-02-16T09:50:36Z,650,1,
133417261_670,30000142,2026-02-16T09:51:31Z,670,1,
133417262_670,30000142,2026-02-16T09:51:31Z,670,1,
133417263_670,30000142,2026-02-16T09:51:31Z,670,1,
133417264_670,30000142,2026-02-16T09:51:31Z,670,1,
133417265_670,30000142,2026-02-16T09:51:31Z,670,1,
133417266_670,30000142,2026-02-16T09:51:31Z,670,1,
133417267_670,30000142,2026-02-16T09:51:31Z,670,1,
133417268_670,30000142,2026-02-16T09:51:31Z,670,1,
133417269_670,30000142,2026-02-16T09:51:31Z,670,1,
133417270_670,30000142,2026-02-16T09:51:31Z,670,1,
133417271_670,30000142,2026-02-16T09:51:31Z,670,1,
133417272_670,30000142,2026-02-16T09:51:31Z,670,1,
133417273_670,30000142,2026-02-16T09:51:31Z,670,1,
133417274_670,30000142,2026-02-16T09:51:31Z,670,1,
133417275_670,30000142,2026-02-16T09:51:31Z,670,1,
133417276_670,30000142,2026-02-16T09:51:31Z,670,1,
133417277_670,30000142,2026-02-16T09:51:31Z,670,1,
133417278_670,30000142,2026-02-16T09:51:32Z,670,1,
133417296_11132,30000142,2026-02-16T09:53:31Z,11132,1,
133417314_11132,30000142,2026-02-16T09:55:33Z,11132,1,
133417323_11132,30000142,2026-02-16T09:56:10Z,11132,1,
133417346_11132,30000142,2026-02-16T09:58:00Z,11132,1,
133417347_11132,30000142,2026-02-16T09:58:08Z,11132,1,
133417377_11132,30000142,2026-02-16T10:01:57Z,11132,1,
133417385_11132,30000142,2026-02-16T10:02:25Z,11132,1,
133417461_653,30000142,2026-02-16T10:08:05Z,653,1,
133417503_649,30000142,2026-02-16T10:12:45Z,649,1,
133417506_4310,30000142,2026-02-16T10:12:52Z,4310,1,
133417673_670,30000142,2026-02-16T10:28:35Z,670,1,
133417992_72904,30000142,2026-02-16T10:57:25Z,72904,1,
133417993_657,30000142,2026-02-16T10:57:27Z,657,1,
133417994_654,30000142,2026-02-16T10:57:28Z,654,1,
133417995_16238,30000142,2026-02-16T10:57:28Z,16238,1,
133417996_655,30000142,2026-02-16T10:57:28Z,655,1,
133417997_32876,30000142,2026-02-16T10:57:35Z,32876,1,
133417998_16242,30000142,2026-02-16T10:57:35Z,16242,1,
133417999_652,30000142,2026-02-16T10:57:35Z,652,1,
133418000_16240,30000142,2026-02-16T10:57:35Z,16240,1,
133418001_32874,30000142,2026-02-16T10:57:35Z,32874,1,
133418002_16236,30000142,2026-02-16T10:57:35Z,16236,1,
133418003_32878,30000142,2026-02-16T10:57:35Z,32878,1,
133418004_656,30000142,2026-02-16T10:57:35Z,656,1,
133418006_649,30000142,2026-02-16T10:57:37Z,649,1,
133418007_651,30000142,2026-02-16T10:57:45Z,651,1,
133418011_648,30000142,2026-02-16T10:57:46Z,648,1,
133418012_653,30000142,2026-02-16T10:57:46Z,653,1,
133418013_650,30000142,2026-02-16T10:57:54Z,650,1,
133418014_19744,30000142,2026-02-16T10:57:56Z,19744,1,
133418021_670,30000142,2026-02-16T10:58:32Z,670,1,
133418022_670,30000142,2026-02-16T10:58:32Z,670,1,
133418023_670,30000142,2026-02-16T10:58:32Z,670,1,
133418024_670,30000142,2026-02-16T10:58:32Z,670,1,
133418025_670,30000142,2026-02-16T10:58:32Z,670,1,
133418026_670,30000142,2026-02-16T10:58:32Z,670,1,
133418027_670,30000142,2026-02-16T10:58:32Z,670,1,
133418028_670,30000142,2026-02-16T10:58:32Z,670,1,
133418029_670,30000142,2026-02-16T10:58:32Z,670,1,
133418030_670,30000142,2026-02-16T10:58:32Z,670,1,
133418031_670,30000142,2026-02-16T10:58:32Z,670,1,
133418032_670,30000142,2026-02-16T10:58:32Z,670,1,
133418033_670,30000142,2026-02-16T10:58:32Z,670,1,
133418034_670,30000142,2026-02-16T10:58:32Z,670,1,
133418035_670,30000142,2026-02-16T10:58:32Z,670,1,
133418036_670,30000142,2026-02-16T10:58:32Z,670,1,
133418037_670,30000142,2026-02-16T10:58:32Z,670,1,
133418038_670,30000142,2026-02-16T10:58:32Z,670,1,
133418046_670,30000142,2026-02-16T10:59:32Z,670,1,
133418072_72904,30000142,2026-02-16T11:12:31Z,72904,1,
133418073_657,30000142,2026-02-16T11:12:40Z,657,1,
133418074_16240,30000142,2026-02-16T11:12:40Z,16240,1,
133418075_652,30000142,2026-02-16T11:12:41Z,652,1,
133418076_16238,30000142,2026-02-16T11:12:41Z,16238,1,
133418080_16242,30000142,2026-02-16T11:12:57Z,16242,1,
133418081_32878,30000142,2026-02-16T11:12:57Z,32878,1,
133418082_32874,30000142,2026-02-16T11:12:57Z,32874,1,
133418083_32876,30000142,2026-02-16T11:12:57Z,32876,1,
133418084_16236,30000142,2026-02-16T11:12:57Z,16236,1,
133418085_32872,30000142,2026-02-16T11:12:57Z,32872,1,
133418086_654,30000142,2026-02-16T11:12:58Z,654,1,
133418087_656,30000142,2026-02-16T11:12:58Z,656,1,
133418093_649,30000142,2026-02-16T11:13:15Z,649,1,
133418094_1944,30000142,2026-02-16T11:13:15Z,1944,1,
133418095_653,30000142,2026-02-16T11:13:17Z,653,1,
133418096_651,30000142,2026-02-16T11:13:17Z,651,1,
133418097_648,30000142,2026-02-16T11:13:17Z,648,1,
133418100_650,30000142,2026-02-16T11:13:25Z,650,1,
133418101_19744,30000142,2026-02-16T11:13:34Z,19744,1,
133418104_670,30000142,2026-02-16T11:14:04Z,670,1,
133418105_670,30000142,2026-02-16T11:14:04Z,670,1,
133418106_670,30000142,2026-02-16T11:14:04Z,670,1,
133418107_670,30000142,2026-02-16T11:14:04Z,670,1,
133418108_670,30000142,2026-02-16T11:14:04Z,670,1,
133418109_670,30000142,2026-02-16T11:14:04Z,670,1,
133418110_670,30000142,2026-02-16T11:14:04Z,670,1,
133418111_670,30000142,2026-02-16T11:14:04Z,670,1,
133418112_670,30000142,2026-02-16T11:14:04Z,670,1,
133418113_670,30000142,2026-02-16T11:14:04Z,670,1,
133418114_670,30000142,2026-02-16T11:14:04Z,670,1,
133418115_670,30000142,2026-02-16T11:14:04Z,670,1,
133418116_670,30000142,2026-02-16T11:14:04Z,670,1,
133418117_670,30000142,2026-02-16T11:14:04Z,670,1,
133418118_670,30000142,2026-02-16T11:14:04Z,670,1,
133418119_670,30000142,2026-02-16T11:14:04Z,670,1,
133418120_670,30000142,2026-02-16T11:14:04Z,670,1,
133418121_670,30000142,2026-02-16T11:14:04Z,670,1,
133418122_670,30000142,2026-02-16T11:14:04Z,670,1,
133418133_670,30000142,2026-02-16T11:15:04Z,670,1,
133418335_72904,30000142,2026-02-16T11:36:00Z,72904,1,
133418336_652,30000142,2026-02-16T11:36:01Z,652,1,
133418337_656,30000142,2026-02-16T11:36:01Z,656,1,
133418338_16238,30000142,2026-02-16T11:36:01Z,16238,1,
133418344_16242,30000142,2026-02-16T11:36:09Z,16242,1,
133418345_649,30000142,2026-02-16T11:36:09Z,649,1,
133418346_1944,30000142,2026-02-16T11:36:09Z,1944,1,
133418347_32876,30000142,2026-02-16T11:36:09Z,32876,1,
133418348_16236,30000142,2026-02-16T11:36:09Z,16236,1,
133418349_32878,30000142,2026-02-16T11:36:09Z,32878,1,
133418350_657,30000142,2026-02-16T11:36:09Z,657,1,
133418351_16240,30000142,2026-02-16T11:36:09Z,16240,1,
133418352_32874,30000142,2026-02-16T11:36:09Z,32874,1,
133418354_655,30000142,2026-02-16T11:36:09Z,655,1,
133418355_32872,30000142,2026-02-16T11:36:09Z,32872,1,
133418356_654,30000142,2026-02-16T11:36:09Z,654,1,
133418357_651,30000142,2026-02-16T11:36:19Z,651,1,
133418359_653,30000142,2026-02-16T11:36:20Z,653,1,
133418370_650,30000142,2026-02-16T11:36:28Z,650,1,
133418371_19744,30000142,2026-02-16T11:36:29Z,19744,1,
133418375_670,30000142,2026-02-16T11:37:04Z,670,1,
133418376_670,30000142,2026-02-16T11:37:04Z,670,1,
133418377_670,30000142,2026-02-16T11:37:04Z,670,1,
133418378_670,30000142,2026-02-16T11:37:04Z,670,1,
133418379_670,30000142,2026-02-16T11:37:04Z,670,1,
133418380_670,30000142,2026-02-16T11:37:04Z,670,1,
133418381_670,30000142,2026-02-16T11:37:04Z,670,1,
133418382_670,30000142,2026-02-16T11:37:04Z,670,1,
133418383_670,30000142,2026-02-16T11:37:04Z,670,1,
133418384_670,30000142,2026-02-16T11:37:04Z,670,1,
133418385_670,30000142,2026-02-16T11:37:04Z,670,1,
133418386_670,30000142,2026-02-16T11:37:04Z,670,1,
133418387_670,30000142,2026-02-16T11:37:04Z,670,1,
133418388_670,30000142,2026-02-16T11:37:04Z,670,1,
133418389_670,30000142,2026-02-16T11:37:04Z,670,1,
133418390_670,30000142,2026-02-16T11:37:04Z,670,1,
133418391_670,30000142,2026-02-16T11:37:04Z,670,1,
133418392_670,30000142,2026-02-16T11:37:04Z,670,1,
133418393_670,30000142,2026-02-16T11:37:04Z,670,1,
133418402_670,30000142,2026-02-16T11:38:05Z,670,1,
133418436_72904,30000142,2026-02-16T11:40:38Z,72904,1,
133418440_16240,30000142,2026-02-16T11:40:47Z,16240,1,
133418441_657,30000142,2026-02-16T11:40:48Z,657,1,
133418442_16238,30000142,2026-02-16T11:40:48Z,16238,1,
133418443_655,30000142,2026-02-16T11:40:48Z,655,1,
133418444_652,30000142,2026-02-16T11:40:48Z,652,1,
133418445_654,30000142,2026-02-16T11:40:48Z,654,1,
133418447_32876,30000142,2026-02-16T11:40:56Z,32876,1,
133418448_16242,30000142,2026-02-16T11:40:56Z,16242,1,
133418449_16236,30000142,2026-02-16T11:40:56Z,16236,1,
133418450_32878,30000142,2026-02-16T11:40:56Z,32878,1,
133418451_32872,30000142,2026-02-16T11:40:56Z,32872,1,
133418452_1944,30000142,2026-02-16T11:40:57Z,1944,1,
133418453_649,30000142,2026-02-16T11:40:58Z,649,1,
133418454_656,30000142,2026-02-16T11:40:58Z,656,1,
133418461_651,30000142,2026-02-16T11:41:06Z,651,1,
133418462_653,30000142,2026-02-16T11:41:07Z,653,1,
133418463_648,30000142,2026-02-16T11:41:07Z,648,1,
133418465_650,30000142,2026-02-16T11:41:15Z,650,1,
133418466_19744,30000142,2026-02-16T11:41:16Z,19744,1,
133418477_670,30000142,2026-02-16T11:42:05Z,670,1,
133418478_670,30000142,2026-02-16T11:42:05Z,670,1,
133418479_670,30000142,2026-02-16T11:42:05Z,670,1,
133418480_670,30000142,2026-02-16T11:42:05Z,670,1,
133418481_670,30000142,2026-02-16T11:42:05Z,670,1,
133418482_670,30000142,2026-02-16T11:42:05Z,670,1,
133418483_670,30000142,2026-02-16T11:42:05Z,670,1,
133418484_670,30000142,2026-02-16T11:42:05Z,670,1,
133418485_670,30000142,2026-02-16T11:42:05Z,670,1,
133418486_670,30000142,2026-02-16T11:42:05Z,670,1,
133418487_670,30000142,2026-02-16T11:42:05Z,670,1,
133418488_670,30000142,2026-02-16T11:42:05Z,670,1,
133418489_670,30000142,2026-02-16T11:42:05Z,670,1,
133418490_670,30000142,2026-02-16T11:42:05Z,670,1,
133418491_670,30000142,2026-02-16T11:42:05Z,670,1,
133418492_670,30000142,2026-02-16T11:42:05Z,670,1,
133418493_670,30000142,2026-02-16T11:42:05Z,670,1,
133418494_670,30000142,2026-02-16T11:42:05Z,670,1,
133418495_670,30000142,2026-02-16T11:42:05Z,670,1,
133418496_670,30000142,2026-02-16T11:42:05Z,670,1,
133418544_72904,30000142,2026-02-16T11:45:07Z,72904,1,
133418547_16240,30000142,2026-02-16T11:45:16Z,16240,1,
133418548_654,30000142,2026-02-16T11:45:17Z,654,1,
133418549_16238,30000142,2026-02-16T11:45:17Z,16238,1,
133418550_652,30000142,2026-02-16T11:45:17Z,652,1,
133418551_655,30000142,2026-02-16T11:45:17Z,655,1,
133418554_32878,30000142,2026-02-16T11:45:25Z,32878,1,
133418555_32876,30000142,2026-02-16T11:45:25Z,32876,1,
133418557_16236,30000142,2026-02-16T11:45:25Z,16236,1,
133418558_32874,30000142,2026-02-16T11:45:25Z,32874,1,
133418559_32872,30000142,2026-02-16T11:45:25Z,32872,1,
133418560_657,30000142,2026-02-16T11:45:26Z,657,1,
133418561_656,30000142,2026-02-16T11:45:26Z,656,1,
133418562_1944,30000142,2026-02-16T11:45:26Z,1944,1,
133418565_649,30000142,2026-02-16T11:45:34Z,649,1,
133418566_648,30000142,2026-02-16T11:45:36Z,648,1,
133418567_653,30000142,2026-02-16T11:45:36Z,653,1,
133418574_651,30000142,2026-02-16T11:45:44Z,651,1,
133418575_650,30000142,2026-02-16T11:45:44Z,650,1,
133418577_19744,30000142,2026-02-16T11:45:54Z,19744,1,
133418583_670,30000142,2026-02-16T11:46:06Z,670,1,
133418584_670,30000142,2026-02-16T11:46:06Z,670,1,
133418585_670,30000142,2026-02-16T11:46:06Z,670,1,
133418586_670,30000142,2026-02-16T11:46:06Z,670,1,
133418587_670,30000142,2026-02-16T11:46:06Z,670,1,
133418588_670,30000142,2026-02-16T11:46:06Z,670,1,
133418589_670,30000142,2026-02-16T11:46:06Z,670,1,
133418590_670,30000142,2026-02-16T11:46:06Z,670,1,
133418591_670,30000142,2026-02-16T11:46:06Z,670,1,
133418592_670,30000142,2026-02-16T11:46:06Z,670,1,
133418593_670,30000142,2026-02-16T11:46:06Z,670,1,
133418594_670,30000142,2026-02-16T11:46:06Z,670,1,
133418595_670,30000142,2026-02-16T11:46:06Z,670,1,
133418596_670,30000142,2026-02-16T11:46:06Z,670,1,
133418597_670,30000142,2026-02-16T11:46:06Z,670,1,
133418623_670,30000142,2026-02-16T11:47:06Z,670,1,
133418624_670,30000142,2026-02-16T11:47:06Z,670,1,
133418625_670,30000142,2026-02-16T11:47:06Z,670,1,
133418626_670,30000142,2026-02-16T11:47:06Z,670,1,
133418627_670,30000142,2026-02-16T11:47:06Z,670,1,
133418682_72904,30000142,2026-02-16T11:49:53Z,72904,1,
133418684_16238,30000142,2026-02-16T11:49:55Z,16238,1,
133418692_32876,30000142,2026-02-16T11:50:02Z,32876,1,
133418693_16242,30000142,2026-02-16T11:50:02Z,16242,1,
133418694_16236,30000142,2026-02-16T11:50:02Z,16236,1,
133418695_32878,30000142,2026-02-16T11:50:02Z,32878,1,
133418696_32874,30000142,2026-02-16T11:50:02Z,32874,1,
133418697_16240,30000142,2026-02-16T11:50:02Z,16240,1,
133418698_32872,30000142,2026-02-16T11:50:03Z,32872,1,
133418699_1944,30000142,2026-02-16T11:50:05Z,1944,1,
133418700_652,30000142,2026-02-16T11:50:05Z,652,1,
133418701_657,30000142,2026-02-16T11:50:05Z,657,1,
133418703_654,30000142,2026-02-16T11:50:12Z,654,1,
133418704_655,30000142,2026-02-16T11:50:12Z,655,1,
133418705_649,30000142,2026-02-16T11:50:12Z,649,1,
133418706_656,30000142,2026-02-16T11:50:12Z,656,1,
133418713_651,30000142,2026-02-16T11:50:22Z,651,1,
133418714_653,30000142,2026-02-16T11:50:23Z,653,1,
133418715_648,30000142,2026-02-16T11:50:23Z,648,1,
133418717_19744,30000142,2026-02-16T11:50:32Z,19744,1,
133418733_670,30000142,2026-02-16T11:51:06Z,670,1,
133418734_670,30000142,2026-02-16T11:51:06Z,670,1,
133418735_670,30000142,2026-02-16T11:51:06Z,670,1,
133418736_670,30000142,2026-02-16T11:51:06Z,670,1,
133418737_670,30000142,2026-02-16T11:51:06Z,670,1,
133418738_670,30000142,2026-02-16T11:51:06Z,670,1,
133418739_670,30000142,2026-02-16T11:51:06Z,670,1,
133418740_670,30000142,2026-02-16T11:51:06Z,670,1,
133418741_670,30000142,2026-02-16T11:51:06Z,670,1,
133418742_670,30000142,2026-02-16T11:51:06Z,670,1,
133418743_670,30000142,2026-02-16T11:51:06Z,670,1,
133418744_670,30000142,2026-02-16T11:51:06Z,670,1,
133418745_670,30000142,2026-02-16T11:51:06Z,670,1,
133418746_670,30000142,2026-02-16T11:51:07Z,670,1,
133418747_670,30000142,2026-02-16T11:51:07Z,670,1,
133418748_670,30000142,2026-02-16T11:51:07Z,670,1,
133418749_670,30000142,2026-02-16T11:51:07Z,670,1,
133418750_670,30000142,2026-02-16T11:51:07Z,670,1,
133418751_670,30000142,2026-02-16T11:51:07Z,670,1,
133418776_670,30000142,2026-02-16T11:52:07Z,670,1,
133418807_72904,30000142,2026-02-16T11:54:32Z,72904,1,
133418809_16238,30000142,2026-02-16T11:54:35Z,16238,1,
133418816_32876,30000142,2026-02-16T11:54:42Z,32876,1,
133418817_16242,30000142,2026-02-16T11:54:42Z,16242,1,
133418818_16236,30000142,2026-02-16T11:54:42Z,16236,1,
133418819_32874,30000142,2026-02-16T11:54:42Z,32874,1,
133418820_32878,30000142,2026-02-16T11:54:42Z,32878,1,
133418821_16240,30000142,2026-02-16T11:54:42Z,16240,1,
133418822_32872,30000142,2026-02-16T11:54:42Z,32872,1,
133418823_657,30000142,2026-02-16T11:54:43Z,657,1,
133418825_655,30000142,2026-02-16T11:54:44Z,655,1,
133418826_656,30000142,2026-02-16T11:54:44Z,656,1,
133418827_654,30000142,2026-02-16T11:54:44Z,654,1,
133418828_652,30000142,2026-02-16T11:54:44Z,652,1,
133418830_649,30000142,2026-02-16T11:54:52Z,649,1,
133418832_651,30000142,2026-02-16T11:55:01Z,651,1,
133418833_648,30000142,2026-02-16T11:55:02Z,648,1,
133418834_653,30000142,2026-02-16T11:55:02Z,653,1,
133418838_670,30000142,2026-02-16T11:55:06Z,670,1,
133418839_650,30000142,2026-02-16T11:55:10Z,650,1,
133418840_19744,30000142,2026-02-16T11:55:11Z,19744,1,
133418854_670,30000142,2026-02-16T11:56:07Z,670,1,
133418855_670,30000142,2026-02-16T11:56:07Z,670,1,
133418856_670,30000142,2026-02-16T11:56:07Z,670,1,
133418857_670,30000142,2026-02-16T11:56:07Z,670,1,
133418858_670,30000142,2026-02-16T11:56:07Z,670,1,
133418859_670,30000142,2026-02-16T11:56:07Z,670,1,
133418860_670,30000142,2026-02-16T11:56:07Z,670,1,
133418861_670,30000142,2026-02-16T11:56:07Z,670,1,
133418862_670,30000142,2026-02-16T11:56:07Z,670,1,
133418863_670,30000142,2026-02-16T11:56:07Z,670,1,
133418864_670,30000142,2026-02-16T11:56:07Z,670,1,
133418865_670,30000142,2026-02-16T11:56:07Z,670,1,
133418866_670,30000142,2026-02-16T11:56:07Z,670,1,
133418867_670,30000142,2026-02-16T11:56:07Z,670,1,
133418868_670,30000142,2026-02-16T11:56:07Z,670,1,
133418869_670,30000142,2026-02-16T11:56:07Z,670,1,
133418870_670,30000142,2026-02-16T11:56:07Z,670,1,
133418871_670,30000142,2026-02-16T11:56:07Z,670,1,
133418872_670,30000142,2026-02-16T11:56:07Z,670,1,
133418918_72904,30000142,2026-02-16T11:59:13Z,72904,1,
133418919_16238,30000142,2026-02-16T11:59:14Z,16238,1,
133418920_652,30000142,2026-02-16T11:59:14Z,652,1,
133418921_654,30000142,2026-02-16T11:59:14Z,654,1,
133418923_16240,30000142,2026-02-16T11:59:23Z,16240,1,
133418924_32876,30000142,2026-02-16T11:59:23Z,32876,1,
133418925_16242,30000142,2026-02-16T11:59:23Z,16242,1,
133418926_32878,30000142,2026-02-16T11:59:23Z,32878,1,
133418927_32874,30000142,2026-02-16T11:59:23Z,32874,1,
133418928_16236,30000142,2026-02-16T11:59:23Z,16236,1,
133418929_32872,30000142,2026-02-16T11:59:23Z,32872,1,
133418930_655,30000142,2026-02-16T11:59:24Z,655,1,
133418931_649,30000142,2026-02-16T11:59:24Z,649,1,
133418932_1944,30000142,2026-02-16T11:59:24Z,1944,1,
133418933_656,30000142,2026-02-16T11:59:24Z,656,1,
133418936_653,30000142,2026-02-16T11:59:33Z,653,1,
133418937_648,30000142,2026-02-16T11:59:33Z,648,1,
133418938_651,30000142,2026-02-16T11:59:33Z,651,1,
133418939_650,30000142,2026-02-16T11:59:42Z,650,1,
133418941_19744,30000142,2026-02-16T11:59:51Z,19744,1,
133418947_670,30000142,2026-02-16T12:00:07Z,670,1,
133418948_670,30000142,2026-02-16T12:00:07Z,670,1,
133418949_670,30000142,2026-02-16T12:00:07Z,670,1,
133418950_670,30000142,2026-02-16T12:00:07Z,670,1,
133418951_670,30000142,2026-02-16T12:00:07Z,670,1,
133418952_670,30000142,2026-02-16T12:00:07Z,670,1,
133418953_670,30000142,2026-02-16T12:00:07Z,670,1,
133418954_670,30000142,2026-02-16T12:00:07Z,670,1,
133418955_670,30000142,2026-02-16T12:00:07Z,670,1,
133418956_670,30000142,2026-02-16T12:00:07Z,670,1,
133418957_670,30000142,2026-02-16T12:00:07Z,670,1,
133418958_670,30000142,2026-02-16T12:00:07Z,670,1,
133418959_670,30000142,2026-02-16T12:00:07Z,670,1,
133418960_670,30000142,2026-02-16T12:00:07Z,670,1,
133418961_670,30000142,2026-02-16T12:00:07Z,670,1,
133418969_670,30000142,2026-02-16T12:01:08Z,670,1,
133418970_670,30000142,2026-02-16T12:01:08Z,670,1,
133418971_670,30000142,2026-02-16T12:01:08Z,670,1,
133418972_670,30000142,2026-02-16T12:01:08Z,670,1,
133418973_670,30000142,2026-02-16T12:01:08Z,670,1,
133419005_11963,30000142,2026-02-16T12:05:48Z,11963,1,
133419036_670,30000142,2026-02-16T12:07:08Z,670,1,
133419037_72904,30000142,2026-02-16T12:07:09Z,72904,1,
133419038_657,30000142,2026-02-16T12:07:10Z,657,1,
133419039_654,30000142,2026-02-16T12:07:10Z,654,1,
133419040_652,30000142,2026-02-16T12:07:10Z,652,1,
133419041_655,30000142,2026-02-16T12:07:10Z,655,1,
133419042_16238,30000142,2026-02-16T12:07:10Z,16238,1,
133419044_16242,30000142,2026-02-16T12:07:19Z,16242,1,
133419045_32876,30000142,2026-02-16T12:07:19Z,32876,1,
133419046_32874,30000142,2026-02-16T12:07:19Z,32874,1,
133419047_32878,30000142,2026-02-16T12:07:19Z,32878,1,
133419048_16240,30000142,2026-02-16T12:07:19Z,16240,1,
133419049_16236,30000142,2026-02-16T12:07:19Z,16236,1,
133419050_32872,30000142,2026-02-16T12:07:19Z,32872,1,
133419051_1944,30000142,2026-02-16T12:07:20Z,1944,1,
133419052_649,30000142,2026-02-16T12:07:20Z,649,1,
133419054_651,30000142,2026-02-16T12:07:28Z,651,1,
133419055_653,30000142,2026-02-16T12:07:29Z,653,1,
133419056_648,30000142,2026-02-16T12:07:29Z,648,1,
133419057_650,30000142,2026-02-16T12:07:37Z,650,1,
133419059_19744,30000142,2026-02-16T12:07:38Z,19744,1,
133419066_670,30000142,2026-02-16T12:08:08Z,670,1,
133419067_670,30000142,2026-02-16T12:08:08Z,670,1,
133419068_670,30000142,2026-02-16T12:08:08Z,670,1,
133419069_670,30000142,2026-02-16T12:08:08Z,670,1,
133419070_670,30000142,2026-02-16T12:08:08Z,670,1,
133419071_670,30000142,2026-02-16T12:08:08Z,670,1,
133419072_670,30000142,2026-02-16T12:08:08Z,670,1,
133419073_670,30000142,2026-02-16T12:08:08Z,670,1,
133419074_670,30000142,2026-02-16T12:08:08Z,670,1,
133419075_670,30000142,2026-02-16T12:08:08Z,670,1,
133419076_670,30000142,2026-02-16T12:08:08Z,670,1,
133419077_670,30000142,2026-02-16T12:08:08Z,670,1,
133419078_670,30000142,2026-02-16T12:08:08Z,670,1,
133419079_670,30000142,2026-02-16T12:08:08Z,670,1,
133419080_670,30000142,2026-02-16T12:08:08Z,670,1,
133419081_670,30000142,2026-02-16T12:08:08Z,670,1,
133419082_670,30000142,2026-02-16T12:08:08Z,670,1,
133419083_670,30000142,2026-02-16T12:08:08Z,670,1,
133419115_670,30000142,2026-02-16T12:09:08Z,670,1,
133419116_670,30000142,2026-02-16T12:09:08Z,670,1,
133419127_605,30000142,2026-02-16T12:09:46Z,605,1,
133419166_72904,30000142,2026-02-16T12:12:08Z,72904,1,
133419167_657,30000142,2026-02-16T12:12:09Z,657,1,
133419168_655,30000142,2026-02-16T12:12:09Z,655,1,
133419169_16238,30000142,2026-02-16T12:12:09Z,16238,1,
133419173_32876,30000142,2026-02-16T12:12:17Z,32876,1,
133419174_649,30000142,2026-02-16T12:12:17Z,649,1,
133419175_16242,30000142,2026-02-16T12:12:17Z,16242,1,
133419176_16236,30000142,2026-02-16T12:12:18Z,16236,1,
133419177_32874,30000142,2026-02-16T12:12:18Z,32874,1,
133419178_16240,30000142,2026-02-16T12:12:18Z,16240,1,
133419179_32878,30000142,2026-02-16T12:12:18Z,32878,1,
133419180_32872,30000142,2026-02-16T12:12:18Z,32872,1,
133419181_654,30000142,2026-02-16T12:12:18Z,654,1,
133419183_656,30000142,2026-02-16T12:12:19Z,656,1,
133419184_1944,30000142,2026-02-16T12:12:19Z,1944,1,
133419185_651,30000142,2026-02-16T12:12:27Z,651,1,
133419186_648,30000142,2026-02-16T12:12:27Z,648,1,
133419187_653,30000142,2026-02-16T12:12:28Z,653,1,
133419189_650,30000142,2026-02-16T12:12:36Z,650,1,
133419190_19744,30000142,2026-02-16T12:12:37Z,19744,1,
133419195_670,30000142,2026-02-16T12:13:08Z,670,1,
133419196_670,30000142,2026-02-16T12:13:08Z,670,1,
133419197_670,30000142,2026-02-16T12:13:08Z,670,1,
133419198_670,30000142,2026-02-16T12:13:08Z,670,1,
133419199_670,30000142,2026-02-16T12:13:08Z,670,1,
133419200_670,30000142,2026-02-16T12:13:08Z,670,1,
133419201_670,30000142,2026-02-16T12:13:08Z,670,1,
133419202_670,30000142,2026-02-16T12:13:08Z,670,1,
133419203_670,30000142,2026-02-16T12:13:08Z,670,1,
133419204_670,30000142,2026-02-16T12:13:08Z,670,1,
133419205_670,30000142,2026-02-16T12:13:08Z,670,1,
133419206_670,30000142,2026-02-16T12:13:08Z,670,1,
133419207_670,30000142,2026-02-16T12:13:08Z,670,1,
133419208_670,30000142,2026-02-16T12:13:08Z,670,1,
133419209_670,30000142,2026-02-16T12:13:08Z,670,1,
133419210_670,30000142,2026-02-16T12:13:08Z,670,1,
133419211_670,30000142,2026-02-16T12:13:08Z,670,1,
133419212_670,30000142,2026-02-16T12:13:08Z,670,1,
133419213_670,30000142,2026-02-16T12:13:08Z,670,1,
133419230_670,30000142,2026-02-16T12:14:09Z,670,1,
133419274_72904,30000142,2026-02-16T12:16:20Z,72904,1,
133419276_657,30000142,2026-02-16T12:16:21Z,657,1,
133419277_1944,30000142,2026-02-16T12:16:21Z,1944,1,
133419278_652,30000142,2026-02-16T12:16:21Z,652,1,
133419279_655,30000142,2026-02-16T12:16:21Z,655,1,
133419281_16242,30000142,2026-02-16T12:16:30Z,16242,1,
133419282_649,30000142,2026-02-16T12:16:30Z,649,1,
133419283_32878,30000142,2026-02-16T12:16:30Z,32878,1,
133419284_16240,30000142,2026-02-16T12:16:30Z,16240,1,
133419285_16236,30000142,2026-02-16T12:16:30Z,16236,1,
133419286_32874,30000142,2026-02-16T12:16:30Z,32874,1,
133419287_32876,30000142,2026-02-16T12:16:30Z,32876,1,
133419288_32872,30000142,2026-02-16T12:16:30Z,32872,1,
133419289_654,30000142,2026-02-16T12:16:31Z,654,1,
133419290_656,30000142,2026-02-16T12:16:31Z,656,1,
133419292_651,30000142,2026-02-16T12:16:49Z,651,1,
133419293_650,30000142,2026-02-16T12:16:49Z,650,1,
133419294_19744,30000142,2026-02-16T12:16:49Z,19744,1,
133419295_653,30000142,2026-02-16T12:16:50Z,653,1,
133419296_648,30000142,2026-02-16T12:16:50Z,648,1,
133419306_670,30000142,2026-02-16T12:17:09Z,670,1,
133419307_670,30000142,2026-02-16T12:17:09Z,670,1,
133419308_670,30000142,2026-02-16T12:17:09Z,670,1,
133419309_670,30000142,2026-02-16T12:17:09Z,670,1,
133419310_670,30000142,2026-02-16T12:17:09Z,670,1,
133419311_670,30000142,2026-02-16T12:17:09Z,670,1,
133419312_670,30000142,2026-02-16T12:17:09Z,670,1,
133419313_670,30000142,2026-02-16T12:17:09Z,670,1,
133419314_670,30000142,2026-02-16T12:17:09Z,670,1,
133419315_670,30000142,2026-02-16T12:17:09Z,670,1,
133419316_670,30000142,2026-02-16T12:17:09Z,670,1,
133419317_670,30000142,2026-02-16T12:17:09Z,670,1,
133419318_670,30000142,2026-02-16T12:17:09Z,670,1,
133419333_670,30000142,2026-02-16T12:18:09Z,670,1,
133419334_670,30000142,2026-02-16T12:18:09Z,670,1,
133419335_670,30000142,2026-02-16T12:18:09Z,670,1,
133419336_670,30000142,2026-02-16T12:18:09Z,670,1,
133419337_670,30000142,2026-02-16T12:18:09Z,670,1,
133419338_670,30000142,2026-02-16T12:18:09Z,670,1,
133419339_670,30000142,2026-02-16T12:18:09Z,670,1,
133419686_608,30000142,2026-02-16T12:41:44Z,608,1,
133419689_29266,30000142,2026-02-16T12:41:49Z,29266,1,
133419690_21097,30000142,2026-02-16T12:41:49Z,21097,1,
133419694_34496,30000142,2026-02-16T12:41:57Z,34496,1,
133419695_586,30000142,2026-02-16T12:41:58Z,586,1,
133419696_605,30000142,2026-02-16T12:41:58Z,605,1,
133419697_585,30000142,2026-02-16T12:41:58Z,585,1,
133419698_583,30000142,2026-02-16T12:41:58Z,583,1,
133419699_29248,30000142,2026-02-16T12:41:58Z,29248,1,
133419700_607,30000142,2026-02-16T12:41:58Z,607,1,
133419702_590,30000142,2026-02-16T12:41:59Z,590,1,
133419703_598,30000142,2026-02-16T12:41:59Z,598,1,
133419709_602,30000142,2026-02-16T12:42:07Z,602,1,
133419710_597,30000142,2026-02-16T12:42:07Z,597,1,
133419711_593,30000142,2026-02-16T12:42:07Z,593,1,
133419712_72904,30000142,2026-02-16T12:42:07Z,72904,1,
133419713_37454,30000142,2026-02-16T12:42:07Z,37454,1,
133419714_37456,30000142,2026-02-16T12:42:07Z,37456,1,
133419715_72903,30000142,2026-02-16T12:42:07Z,72903,1,
133419717_72913,30000142,2026-02-16T12:42:07Z,72913,1,
133419718_17703,30000142,2026-02-16T12:42:08Z,17703,1,
133419736_670,30000142,2026-02-16T12:43:09Z,670,1,
133419737_670,30000142,2026-02-16T12:43:09Z,670,1,
133419738_670,30000142,2026-02-16T12:43:09Z,670,1,
133419739_670,30000142,2026-02-16T12:43:09Z,670,1,
133419740_670,30000142,2026-02-16T12:43:10Z,670,1,
133419741_670,30000142,2026-02-16T12:43:10Z,670,1,
133419742_670,30000142,2026-02-16T12:43:10Z,670,1,
133419743_670,30000142,2026-02-16T12:43:10Z,670,1,
133419744_670,30000142,2026-02-16T12:43:10Z,670,1,
133419745_670,30000142,2026-02-16T12:43:10Z,670,1,
133419746_670,30000142,2026-02-16T12:43:10Z,670,1,
133419747_670,30000142,2026-02-16T12:43:10Z,670,1,
133419748_670,30000142,2026-02-16T12:43:10Z,670,1,
133419749_670,30000142,2026-02-16T12:43:10Z,670,1,
133419750_670,30000142,2026-02-16T12:43:10Z,670,1,
133419751_670,30000142,2026-02-16T12:43:10Z,670,1,
133419752_670,30000142,2026-02-16T12:43:10Z,670,1,
133419753_670,30000142,2026-02-16T12:43:10Z,670,1,
133419754_670,30000142,2026-02-16T12:43:10Z,670,1,
133419755_670,30000142,2026-02-16T12:43:10Z,670,1,
133419756_670,30000142,2026-02-16T12:43:10Z,670,1,
133419840_29266,30000142,2026-02-16T12:48:40Z,29266,1,
133419841_21097,30000142,2026-02-16T12:48:40Z,21097,1,
133419842_607,30000142,2026-02-16T12:48:41Z,607,1,
133419843_605,30000142,2026-02-16T12:48:41Z,605,1,
133419844_29248,30000142,2026-02-16T12:48:41Z,29248,1,
133419845_586,30000142,2026-02-16T12:48:41Z,586,1,
133419846_34496,30000142,2026-02-16T12:48:41Z,34496,1,
133419847_608,30000142,2026-02-16T12:48:41Z,608,1,
133419848_585,30000142,2026-02-16T12:48:41Z,585,1,
133419849_590,30000142,2026-02-16T12:48:41Z,590,1,
133419850_583,30000142,2026-02-16T12:48:41Z,583,1,
133419851_598,30000142,2026-02-16T12:48:42Z,598,1,
133419853_593,30000142,2026-02-16T12:48:50Z,593,1,
133419854_602,30000142,2026-02-16T12:48:50Z,602,1,
133419855_597,30000142,2026-02-16T12:48:50Z,597,1,
133419856_37454,30000142,2026-02-16T12:48:50Z,37454,1,
133419857_37456,30000142,2026-02-16T12:48:50Z,37456,1,
133419858_72904,30000142,2026-02-16T12:48:50Z,72904,1,
133419859_72913,30000142,2026-02-16T12:48:50Z,72913,1,
133419860_17703,30000142,2026-02-16T12:48:50Z,17703,1,
133419878_670,30000142,2026-02-16T12:50:10Z,670,1,
133419879_670,30000142,2026-02-16T12:50:11Z,670,1,
133419880_670,30000142,2026-02-16T12:50:11Z,670,1,
133419881_670,30000142,2026-02-16T12:50:11Z,670,1,
133419882_670,30000142,2026-02-16T12:50:11Z,670,1,
133419883_670,30000142,2026-02-16T12:50:11Z,670,1,
133419884_670,30000142,2026-02-16T12:50:11Z,670,1,
133419885_670,30000142,2026-02-16T12:50:11Z,670,1,
133419886_670,30000142,2026-02-16T12:50:11Z,670,1,
133419888_670,30000142,2026-02-16T12:50:11Z,670,1,
133419889_670,30000142,2026-02-16T12:50:11Z,670,1,
133419890_670,30000142,2026-02-16T12:50:11Z,670,1,
133419891_670,30000142,2026-02-16T12:50:11Z,670,1,
133419892_670,30000142,2026-02-16T12:50:11Z,670,1,
133419893_670,30000142,2026-02-16T12:50:12Z,670,1,
133419894_670,30000142,2026-02-16T12:50:12Z,670,1,
133419895_670,30000142,2026-02-16T12:50:12Z,670,1,
133419896_670,30000142,2026-02-16T12:50:12Z,670,1,
133419897_670,30000142,2026-02-16T12:50:12Z,670,1,
133419898_670,30000142,2026-02-16T12:50:12Z,670,1,
133419928_29266,30000142,2026-02-16T12:52:33Z,29266,1,
133419929_21097,30000142,2026-02-16T12:52:33Z,21097,1,
133419931_29248,30000142,2026-02-16T12:52:34Z,29248,1,
133419932_605,30000142,2026-02-16T12:52:34Z,605,1,
133419933_586,30000142,2026-02-16T12:52:34Z,586,1,
133419934_34496,30000142,2026-02-16T12:52:34Z,34496,1,
133419935_607,30000142,2026-02-16T12:52:34Z,607,1,
133419936_585,30000142,2026-02-16T12:52:34Z,585,1,
133419937_583,30000142,2026-02-16T12:52:34Z,583,1,
133419938_590,30000142,2026-02-16T12:52:34Z,590,1,
133419939_608,30000142,2026-02-16T12:52:34Z,608,1,
133419940_598,30000142,2026-02-16T12:52:34Z,598,1,
133419943_593,30000142,2026-02-16T12:52:42Z,593,1,
133419944_602,30000142,2026-02-16T12:52:42Z,602,1,
133419945_72904,30000142,2026-02-16T12:52:42Z,72904,1,
133419946_37454,30000142,2026-02-16T12:52:42Z,37454,1,
133419947_72903,30000142,2026-02-16T12:52:42Z,72903,1,
133419948_597,30000142,2026-02-16T12:52:42Z,597,1,
133419949_72913,30000142,2026-02-16T12:52:42Z,72913,1,
133419950_17703,30000142,2026-02-16T12:52:43Z,17703,1,
133419956_670,30000142,2026-02-16T12:53:12Z,670,1,
133419957_670,30000142,2026-02-16T12:53:12Z,670,1,
133419976_670,30000142,2026-02-16T12:54:12Z,670,1,
133419977_670,30000142,2026-02-16T12:54:12Z,670,1,
133419978_670,30000142,2026-02-16T12:54:12Z,670,1,
133419979_670,30000142,2026-02-16T12:54:12Z,670,1,
133419980_670,30000142,2026-02-16T12:54:12Z,670,1,
133419981_670,30000142,2026-02-16T12:54:12Z,670,1,
133419982_670,30000142,2026-02-16T12:54:12Z,670,1,
133419983_670,30000142,2026-02-16T12:54:12Z,670,1,
133419984_670,30000142,2026-02-16T12:54:12Z,670,1,
133419985_670,30000142,2026-02-16T12:54:13Z,670,1,
133419986_670,30000142,2026-02-16T12:54:13Z,670,1,
133419987_670,30000142,2026-02-16T12:54:13Z,670,1,
133419988_670,30000142,2026-02-16T12:54:13Z,670,1,
133419989_670,30000142,2026-02-16T12:54:13Z,670,1,
133419990_670,30000142,2026-02-16T12:54:13Z,670,1,
133419991_670,30000142,2026-02-16T12:54:13Z,670,1,
133419992_670,30000142,2026-02-16T12:54:13Z,670,1,
133419993_670,30000142,2026-02-16T12:54:13Z,670,1,
133420027_29266,30000142,2026-02-16T12:56:37Z,29266,1,
133420028_21097,30000142,2026-02-16T12:56:37Z,21097,1,
133420029_607,30000142,2026-02-16T12:56:38Z,607,1,
133420030_29248,30000142,2026-02-16T12:56:38Z,29248,1,
133420031_586,30000142,2026-02-16T12:56:38Z,586,1,
133420032_605,30000142,2026-02-16T12:56:38Z,605,1,
133420033_34496,30000142,2026-02-16T12:56:38Z,34496,1,
133420034_583,30000142,2026-02-16T12:56:39Z,583,1,
133420035_585,30000142,2026-02-16T12:56:39Z,585,1,
133420036_608,30000142,2026-02-16T12:56:39Z,608,1,
133420037_590,30000142,2026-02-16T12:56:39Z,590,1,
133420038_598,30000142,2026-02-16T12:56:39Z,598,1,
133420042_602,30000142,2026-02-16T12:56:47Z,602,1,
133420043_593,30000142,2026-02-16T12:56:47Z,593,1,
133420044_72903,30000142,2026-02-16T12:56:47Z,72903,1,
133420045_37456,30000142,2026-02-16T12:56:47Z,37456,1,
133420046_37454,30000142,2026-02-16T12:56:47Z,37454,1,
133420047_597,30000142,2026-02-16T12:56:47Z,597,1,
133420048_72904,30000142,2026-02-16T12:56:47Z,72904,1,
133420049_72913,30000142,2026-02-16T12:56:47Z,72913,1,
133420058_670,30000142,2026-02-16T12:57:13Z,670,1,
133420059_670,30000142,2026-02-16T12:57:13Z,670,1,
133420073_670,30000142,2026-02-16T12:58:13Z,670,1,
133420074_670,30000142,2026-02-16T12:58:13Z,670,1,
133420075_670,30000142,2026-02-16T12:58:13Z,670,1,
133420076_670,30000142,2026-02-16T12:58:13Z,670,1,
133420077_670,30000142,2026-02-16T12:58:13Z,670,1,
133420078_670,30000142,2026-02-16T12:58:13Z,670,1,
133420079_670,30000142,2026-02-16T12:58:13Z,670,1,
133420080_670,30000142,2026-02-16T12:58:13Z,670,1,
133420081_670,30000142,2026-02-16T12:58:13Z,670,1,
133420082_670,30000142,2026-02-16T12:58:13Z,670,1,
133420083_670,30000142,2026-02-16T12:58:13Z,670,1,
133420084_670,30000142,2026-02-16T12:58:14Z,670,1,
133420085_670,30000142,2026-02-16T12:58:14Z,670,1,
133420086_670,30000142,2026-02-16T12:58:14Z,670,1,
133420087_670,30000142,2026-02-16T12:58:14Z,670,1,
133420088_670,30000142,2026-02-16T12:58:14Z,670,1,
133420089_670,30000142,2026-02-16T12:58:14Z,670,1,
133420090_670,30000142,2026-02-16T12:58:14Z,670,1,
133420128_29266,30000142,2026-02-16T13:01:09Z,29266,1,
133420129_21097,30000142,2026-02-16T13:01:09Z,21097,1,
133420131_607,30000142,2026-02-16T13:01:09Z,607,1,
133420132_29248,30000142,2026-02-16T13:01:09Z,29248,1,
133420133_34496,30000142,2026-02-16T13:01:09Z,34496,1,
133420134_586,30000142,2026-02-16T13:01:09Z,586,1,
133420135_605,30000142,2026-02-16T13:01:09Z,605,1,
133420136_590,30000142,2026-02-16T13:01:10Z,590,1,
133420137_583,30000142,2026-02-16T13:01:10Z,583,1,
133420138_585,30000142,2026-02-16T13:01:10Z,585,1,
133420139_608,30000142,2026-02-16T13:01:10Z,608,1,
133420140_598,30000142,2026-02-16T13:01:10Z,598,1,
133420142_602,30000142,2026-02-16T13:01:18Z,602,1,
133420143_72904,30000142,2026-02-16T13:01:18Z,72904,1,
133420144_593,30000142,2026-02-16T13:01:18Z,593,1,
133420145_597,30000142,2026-02-16T13:01:18Z,597,1,
133420146_37456,30000142,2026-02-16T13:01:18Z,37456,1,
133420147_72903,30000142,2026-02-16T13:01:18Z,72903,1,
133420148_37454,30000142,2026-02-16T13:01:18Z,37454,1,
133420149_17703,30000142,2026-02-16T13:01:19Z,17703,1,
133420159_670,30000142,2026-02-16T13:02:14Z,670,1,
133420160_670,30000142,2026-02-16T13:02:14Z,670,1,
133420161_670,30000142,2026-02-16T13:02:14Z,670,1,
133420162_670,30000142,2026-02-16T13:02:14Z,670,1,
133420163_670,30000142,2026-02-16T13:02:14Z,670,1,
133420164_670,30000142,2026-02-16T13:02:14Z,670,1,
133420165_670,30000142,2026-02-16T13:02:14Z,670,1,
133420166_670,30000142,2026-02-16T13:02:14Z,670,1,
133420167_670,30000142,2026-02-16T13:02:14Z,670,1,
133420168_670,30000142,2026-02-16T13:02:14Z,670,1,
133420169_670,30000142,2026-02-16T13:02:14Z,670,1,
133420170_670,30000142,2026-02-16T13:02:14Z,670,1,
133420171_670,30000142,2026-02-16T13:02:14Z,670,1,
133420172_670,30000142,2026-02-16T13:02:14Z,670,1,
133420173_670,30000142,2026-02-16T13:02:14Z,670,1,
133420174_670,30000142,2026-02-16T13:02:14Z,670,1,
133420175_670,30000142,2026-02-16T13:02:14Z,670,1,
133420176_670,30000142,2026-02-16T13:02:14Z,670,1,
133420177_670,30000142,2026-02-16T13:02:14Z,670,1,
133420178_670,30000142,2026-02-16T13:02:14Z,670,1,
133420231_29266,30000142,2026-02-16T13:05:12Z,29266,1,
133420232_21097,30000142,2026-02-16T13:05:12Z,21097,1,
133420233_29248,30000142,2026-02-16T13:05:13Z,29248,1,
133420234_607,30000142,2026-02-16T13:05:13Z,607,1,
133420235_34496,30000142,2026-02-16T13:05:13Z,34496,1,
133420236_586,30000142,2026-02-16T13:05:13Z,586,1,
133420237_605,30000142,2026-02-16T13:05:13Z,605,1,
133420238_608,30000142,2026-02-16T13:05:13Z,608,1,
133420239_583,30000142,2026-02-16T13:05:13Z,583,1,
133420240_585,30000142,2026-02-16T13:05:13Z,585,1,
133420241_598,30000142,2026-02-16T13:05:14Z,598,1,
133420244_602,30000142,2026-02-16T13:05:22Z,602,1,
133420245_593,30000142,2026-02-16T13:05:22Z,593,1,
133420246_72904,30000142,2026-02-16T13:05:22Z,72904,1,
133420247_37456,30000142,2026-02-16T13:05:22Z,37456,1,
133420248_37454,30000142,2026-02-16T13:05:22Z,37454,1,
133420249_590,30000142,2026-02-16T13:05:22Z,590,1,
133420250_72903,30000142,2026-02-16T13:05:22Z,72903,1,
133420251_72913,30000142,2026-02-16T13:05:22Z,72913,1,
133420252_17703,30000142,2026-02-16T13:05:23Z,17703,1,
133420268_670,30000142,2026-02-16T13:06:14Z,670,1,
133420269_670,30000142,2026-02-16T13:06:14Z,670,1,
133420270_670,30000142,2026-02-16T13:06:14Z,670,1,
133420271_670,30000142,2026-02-16T13:06:14Z,670,1,
133420272_670,30000142,2026-02-16T13:06:14Z,670,1,
133420273_670,30000142,2026-02-16T13:06:14Z,670,1,
133420274_670,30000142,2026-02-16T13:06:14Z,670,1,
133420275_670,30000142,2026-02-16T13:06:14Z,670,1,
133420276_670,30000142,2026-02-16T13:06:14Z,670,1,
133420277_670,30000142,2026-02-16T13:06:14Z,670,1,
133420278_670,30000142,2026-02-16T13:06:14Z,670,1,
133420279_670,30000142,2026-02-16T13:06:14Z,670,1,
133420280_670,30000142,2026-02-16T13:06:14Z,670,1,
133420281_670,30000142,2026-02-16T13:06:14Z,670,1,
133420282_670,30000142,2026-02-16T13:06:14Z,670,1,
133420283_670,30000142,2026-02-16T13:06:14Z,670,1,
133420284_670,30000142,2026-02-16T13:06:14Z,670,1,
133420285_670,30000142,2026-02-16T13:06:14Z,670,1,
133420286_670,30000142,2026-02-16T13:06:14Z,670,1,
133420287_670,30000142,2026-02-16T13:06:15Z,670,1,
133420339_29266,30000142,2026-02-16T13:09:21Z,29266,1,
133420340_21097,30000142,2026-02-16T13:09:21Z,21097,1,
133420341_605,30000142,2026-02-16T13:09:21Z,605,1,
133420342_34496,30000142,2026-02-16T13:09:21Z,34496,1,
133420343_590,30000142,2026-02-16T13:09:21Z,590,1,
133420344_608,30000142,2026-02-16T13:09:21Z,608,1,
133420345_583,30000142,2026-02-16T13:09:21Z,583,1,
133420347_593,30000142,2026-02-16T13:09:30Z,593,1,
133420348_597,30000142,2026-02-16T13:09:30Z,597,1,
133420349_37454,30000142,2026-02-16T13:09:30Z,37454,1,
133420350_607,30000142,2026-02-16T13:09:30Z,607,1,
133420352_586,30000142,2026-02-16T13:09:31Z,586,1,
133420353_29248,30000142,2026-02-16T13:09:31Z,29248,1,
133420354_598,30000142,2026-02-16T13:09:31Z,598,1,
133420355_602,30000142,2026-02-16T13:09:31Z,602,1,
133420356_72903,30000142,2026-02-16T13:09:31Z,72903,1,
133420361_72913,30000142,2026-02-16T13:09:40Z,72913,1,
133420362_37456,30000142,2026-02-16T13:09:40Z,37456,1,
133420363_72904,30000142,2026-02-16T13:09:40Z,72904,1,
133420364_17703,30000142,2026-02-16T13:09:40Z,17703,1,
133420377_670,30000142,2026-02-16T13:10:15Z,670,1,
133420378_670,30000142,2026-02-16T13:10:15Z,670,1,
133420379_670,30000142,2026-02-16T13:10:15Z,670,1,
133420380_670,30000142,2026-02-16T13:10:15Z,670,1,
133420381_670,30000142,2026-02-16T13:10:15Z,670,1,
133420382_670,30000142,2026-02-16T13:10:15Z,670,1,
133420383_670,30000142,2026-02-16T13:10:15Z,670,1,
133420384_670,30000142,2026-02-16T13:10:15Z,670,1,
133420385_670,30000142,2026-02-16T13:10:15Z,670,1,
133420386_670,30000142,2026-02-16T13:10:15Z,670,1,
133420387_670,30000142,2026-02-16T13:10:15Z,670,1,
133420388_670,30000142,2026-02-16T13:10:15Z,670,1,
133420389_670,30000142,2026-02-16T13:10:15Z,670,1,
133420390_670,30000142,2026-02-16T13:10:15Z,670,1,
133420391_670,30000142,2026-02-16T13:10:15Z,670,1,
133420392_670,30000142,2026-02-16T13:10:15Z,670,1,
133420393_670,30000142,2026-02-16T13:10:15Z,670,1,
133420394_670,30000142,2026-02-16T13:10:15Z,670,1,
133420395_670,30000142,2026-02-16T13:10:15Z,670,1,
133420396_670,30000142,2026-02-16T13:10:15Z,670,1,
133420409_32880,30000142,2026-02-16T13:11:37Z,32880,1,
133420429_29266,30000142,2026-02-16T13:13:23Z,29266,1,
133420430_21097,30000142,2026-02-16T13:13:23Z,21097,1,
133420431_34496,30000142,2026-02-16T13:13:23Z,34496,1,
133420432_605,30000142,2026-02-16T13:13:23Z,605,1,
133420433_29248,30000142,2026-02-16T13:13:23Z,29248,1,
133420434_607,30000142,2026-02-16T13:13:23Z,607,1,
133420435_586,30000142,2026-02-16T13:13:23Z,586,1,
133420436_585,30000142,2026-02-16T13:13:24Z,585,1,
133420437_583,30000142,2026-02-16T13:13:24Z,583,1,
133420438_608,30000142,2026-02-16T13:13:24Z,608,1,
133420439_598,30000142,2026-02-16T13:13:24Z,598,1,
133420444_593,30000142,2026-02-16T13:13:32Z,593,1,
133420445_602,30000142,2026-02-16T13:13:32Z,602,1,
133420446_72904,30000142,2026-02-16T13:13:32Z,72904,1,
133420447_597,30000142,2026-02-16T13:13:32Z,597,1,
133420448_72903,30000142,2026-02-16T13:13:32Z,72903,1,
133420449_37456,30000142,2026-02-16T13:13:32Z,37456,1,
133420450_37454,30000142,2026-02-16T13:13:32Z,37454,1,
133420451_72913,30000142,2026-02-16T13:13:33Z,72913,1,
133420453_17703,30000142,2026-02-16T13:13:33Z,17703,1,
133420459_670,30000142,2026-02-16T13:14:15Z,670,1,
133420460_670,30000142,2026-02-16T13:14:15Z,670,1,
133420461_670,30000142,2026-02-16T13:14:15Z,670,1,
133420462_670,30000142,2026-02-16T13:14:15Z,670,1,
133420463_670,30000142,2026-02-16T13:14:15Z,670,1,
133420464_670,30000142,2026-02-16T13:14:15Z,670,1,
133420465_670,30000142,2026-02-16T13:14:15Z,670,1,
133420466_670,30000142,2026-02-16T13:14:15Z,670,1,
133420467_670,30000142,2026-02-16T13:14:15Z,670,1,
133420468_670,30000142,2026-02-16T13:14:15Z,670,1,
133420469_670,30000142,2026-02-16T13:14:15Z,670,1,
133420470_670,30000142,2026-02-16T13:14:15Z,670,1,
133420471_670,30000142,2026-02-16T13:14:15Z,670,1,
133420472_670,30000142,2026-02-16T13:14:15Z,670,1,
133420473_670,30000142,2026-02-16T13:14:15Z,670,1,
133420474_670,30000142,2026-02-16T13:14:15Z,670,1,
133420475_670,30000142,2026-02-16T13:14:15Z,670,1,
133420476_670,30000142,2026-02-16T13:14:15Z,670,1,
133420477_670,30000142,2026-02-16T13:14:15Z,670,1,
133420478_670,30000142,2026-02-16T13:14:15Z,670,1,
133420565_29266,30000142,2026-02-16T13:18:34Z,29266,1,
133420566_21097,30000142,2026-02-16T13:18:34Z,21097,1,
133420567_607,30000142,2026-02-16T13:18:35Z,607,1,
133420568_605,30000142,2026-02-16T13:18:35Z,605,1,
133420569_29248,30000142,2026-02-16T13:18:35Z,29248,1,
133420570_34496,30000142,2026-02-16T13:18:35Z,34496,1,
133420571_586,30000142,2026-02-16T13:18:35Z,586,1,
133420573_590,30000142,2026-02-16T13:18:35Z,590,1,
133420574_608,30000142,2026-02-16T13:18:35Z,608,1,
133420575_585,30000142,2026-02-16T13:18:35Z,585,1,
133420580_593,30000142,2026-02-16T13:18:43Z,593,1,
133420581_602,30000142,2026-02-16T13:18:43Z,602,1,
133420582_72904,30000142,2026-02-16T13:18:43Z,72904,1,
133420583_72903,30000142,2026-02-16T13:18:43Z,72903,1,
133420584_597,30000142,2026-02-16T13:18:43Z,597,1,
133420585_37456,30000142,2026-02-16T13:18:43Z,37456,1,
133420586_37454,30000142,2026-02-16T13:18:43Z,37454,1,
133420587_72913,30000142,2026-02-16T13:18:43Z,72913,1,
133420588_17703,30000142,2026-02-16T13:18:44Z,17703,1,
133420610_670,30000142,2026-02-16T13:19:16Z,670,1,
133420611_670,30000142,2026-02-16T13:19:16Z,670,1,
133420612_670,30000142,2026-02-16T13:19:16Z,670,1,
133420613_670,30000142,2026-02-16T13:19:16Z,670,1,
133420614_670,30000142,2026-02-16T13:19:16Z,670,1,
133420615_670,30000142,2026-02-16T13:19:16Z,670,1,
133420616_670,30000142,2026-02-16T13:19:16Z,670,1,
133420617_670,30000142,2026-02-16T13:19:16Z,670,1,
133420618_670,30000142,2026-02-16T13:19:16Z,670,1,
133420619_670,30000142,2026-02-16T13:19:16Z,670,1,
133420620_670,30000142,2026-02-16T13:19:16Z,670,1,
133420621_670,30000142,2026-02-16T13:19:16Z,670,1,
133420622_670,30000142,2026-02-16T13:19:16Z,670,1,
133420623_670,30000142,2026-02-16T13:19:16Z,670,1,
133420624_670,30000142,2026-02-16T13:19:16Z,670,1,
133420625_670,30000142,2026-02-16T13:19:16Z,670,1,
133420626_670,30000142,2026-02-16T13:19:16Z,670,1,
133420627_670,30000142,2026-02-16T13:19:16Z,670,1,
133420646_670,30000142,2026-02-16T13:20:16Z,670,1,
133420676_29266,30000142,2026-02-16T13:22:38Z,29266,1,
133420677_21097,30000142,2026-02-16T13:22:38Z,21097,1,
133420679_29248,30000142,2026-02-16T13:22:38Z,29248,1,
133420680_586,30000142,2026-02-16T13:22:38Z,586,1,
133420681_607,30000142,2026-02-16T13:22:38Z,607,1,
133420682_605,30000142,2026-02-16T13:22:38Z,605,1,
133420683_34496,30000142,2026-02-16T13:22:38Z,34496,1,
133420684_583,30000142,2026-02-16T13:22:39Z,583,1,
133420685_608,30000142,2026-02-16T13:22:39Z,608,1,
133420686_585,30000142,2026-02-16T13:22:39Z,585,1,
133420687_598,30000142,2026-02-16T13:22:39Z,598,1,
133420690_593,30000142,2026-02-16T13:22:47Z,593,1,
133420691_597,30000142,2026-02-16T13:22:47Z,597,1,
133420692_72903,30000142,2026-02-16T13:22:47Z,72903,1,
133420693_37456,30000142,2026-02-16T13:22:47Z,37456,1,
133420694_37454,30000142,2026-02-16T13:22:47Z,37454,1,
133420695_72913,30000142,2026-02-16T13:22:47Z,72913,1,
133420696_72904,30000142,2026-02-16T13:22:48Z,72904,1,
133420697_17703,30000142,2026-02-16T13:22:48Z,17703,1,
133420698_590,30000142,2026-02-16T13:22:49Z,590,1,
133420707_670,30000142,2026-02-16T13:23:16Z,670,1,
133420708_670,30000142,2026-02-16T13:23:16Z,670,1,
133420727_670,30000142,2026-02-16T13:24:16Z,670,1,
133420728_670,30000142,2026-02-16T13:24:16Z,670,1,
133420729_670,30000142,2026-02-16T13:24:16Z,670,1,
133420730_670,30000142,2026-02-16T13:24:16Z,670,1,
133420731_670,30000142,2026-02-16T13:24:16Z,670,1,
133420732_670,30000142,2026-02-16T13:24:16Z,670,1,
133420733_670,30000142,2026-02-16T13:24:16Z,670,1,
133420734_670,30000142,2026-02-16T13:24:16Z,670,1,
133420735_670,30000142,2026-02-16T13:24:16Z,670,1,
133420736_670,30000142,2026-02-16T13:24:16Z,670,1,
133420737_670,30000142,2026-02-16T13:24:16Z,670,1,
133420738_670,30000142,2026-02-16T13:24:16Z,670,1,
133420739_670,30000142,2026-02-16T13:24:17Z,670,1,
133420740_670,30000142,2026-02-16T13:24:17Z,670,1,
133420742_670,30000142,2026-02-16T13:24:17Z,670,1,
133420743_670,30000142,2026-02-16T13:24:17Z,670,1,
133420744_670,30000142,2026-02-16T13:24:17Z,670,1,
133420745_670,30000142,2026-02-16T13:24:17Z,670,1,
133420906_29266,30000142,2026-02-16T13:34:17Z,29266,1,
133420907_21097,30000142,2026-02-16T13:34:17Z,21097,1,
133420908_34496,30000142,2026-02-16T13:34:18Z,34496,1,
133420909_607,30000142,2026-02-16T13:34:18Z,607,1,
133420910_605,30000142,2026-02-16T13:34:18Z,605,1,
133420911_586,30000142,2026-02-16T13:34:18Z,586,1,
133420912_585,30000142,2026-02-16T13:34:18Z,585,1,
133420913_583,30000142,2026-02-16T13:34:18Z,583,1,
133420914_590,30000142,2026-02-16T13:34:18Z,590,1,
133420915_608,30000142,2026-02-16T13:34:18Z,608,1,
133420916_598,30000142,2026-02-16T13:34:19Z,598,1,
133420918_593,30000142,2026-02-16T13:34:26Z,593,1,
133420919_602,30000142,2026-02-16T13:34:26Z,602,1,
133420920_72904,30000142,2026-02-16T13:34:26Z,72904,1,
133420921_597,30000142,2026-02-16T13:34:27Z,597,1,
133420922_72903,30000142,2026-02-16T13:34:27Z,72903,1,
133420923_37454,30000142,2026-02-16T13:34:27Z,37454,1,
133420924_37456,30000142,2026-02-16T13:34:27Z,37456,1,
133420925_72913,30000142,2026-02-16T13:34:27Z,72913,1,
133420927_17703,30000142,2026-02-16T13:34:28Z,17703,1,
133420948_670,30000142,2026-02-16T13:35:17Z,670,1,
133420949_670,30000142,2026-02-16T13:35:17Z,670,1,
133420950_670,30000142,2026-02-16T13:35:17Z,670,1,
133420951_670,30000142,2026-02-16T13:35:17Z,670,1,
133420952_670,30000142,2026-02-16T13:35:17Z,670,1,
133420953_670,30000142,2026-02-16T13:35:17Z,670,1,
133420954_670,30000142,2026-02-16T13:35:17Z,670,1,
133420955_670,30000142,2026-02-16T13:35:17Z,670,1,
133420956_670,30000142,2026-02-16T13:35:17Z,670,1,
133420957_670,30000142,2026-02-16T13:35:17Z,670,1,
133420958_670,30000142,2026-02-16T13:35:17Z,670,1,
133420959_670,30000142,2026-02-16T13:35:17Z,670,1,
133420960_670,30000142,2026-02-16T13:35:17Z,670,1,
133420961_670,30000142,2026-02-16T13:35:17Z,670,1,
133420962_670,30000142,2026-02-16T13:35:17Z,670,1,
133420963_670,30000142,2026-02-16T13:35:17Z,670,1,
133420964_670,30000142,2026-02-16T13:35:17Z,670,1,
133420965_670,30000142,2026-02-16T13:35:17Z,670,1,
133420966_670,30000142,2026-02-16T13:35:17Z,670,1,
133420967_670,30000142,2026-02-16T13:35:17Z,670,1,
133420990_16242,30000142,2026-02-16T13:36:59Z,16242,1,
133420992_29984,30000142,2026-02-16T13:37:06Z,29984,1,
133420997_670,30000142,2026-02-16T13:37:11Z,670,1,
133421005_16242,30000142,2026-02-16T13:37:18Z,16242,1,
133421102_29266,30000142,2026-02-16T13:45:03Z,29266,1,
133421103_21097,30000142,2026-02-16T13:45:03Z,21097,1,
133421104_605,30000142,2026-02-16T13:45:04Z,605,1,
133421105_586,30000142,2026-02-16T13:45:04Z,586,1,
133421106_29248,30000142,2026-02-16T13:45:04Z,29248,1,
133421107_34496,30000142,2026-02-16T13:45:04Z,34496,1,
133421108_607,30000142,2026-02-16T13:45:04Z,607,1,
133421109_585,30000142,2026-02-16T13:45:05Z,585,1,
133421110_608,30000142,2026-02-16T13:45:05Z,608,1,
133421111_583,30000142,2026-02-16T13:45:05Z,583,1,
133421112_598,30000142,2026-02-16T13:45:05Z,598,1,
133421117_602,30000142,2026-02-16T13:45:12Z,602,1,
133421118_72903,30000142,2026-02-16T13:45:12Z,72903,1,
133421119_72904,30000142,2026-02-16T13:45:12Z,72904,1,
133421120_37456,30000142,2026-02-16T13:45:12Z,37456,1,
133421121_597,30000142,2026-02-16T13:45:12Z,597,1,
133421122_37454,30000142,2026-02-16T13:45:12Z,37454,1,
133421123_72913,30000142,2026-02-16T13:45:12Z,72913,1,
133421124_590,30000142,2026-02-16T13:45:12Z,590,1,
133421125_17703,30000142,2026-02-16T13:45:14Z,17703,1,
133421146_670,30000142,2026-02-16T13:46:17Z,670,1,
133421147_670,30000142,2026-02-16T13:46:17Z,670,1,
133421148_670,30000142,2026-02-16T13:46:18Z,670,1,
133421149_670,30000142,2026-02-16T13:46:18Z,670,1,
133421150_670,30000142,2026-02-16T13:46:18Z,670,1,
133421151_670,30000142,2026-02-16T13:46:18Z,670,1,
133421152_670,30000142,2026-02-16T13:46:18Z,670,1,
133421153_670,30000142,2026-02-16T13:46:18Z,670,1,
133421154_670,30000142,2026-02-16T13:46:18Z,670,1,
133421155_670,30000142,2026-02-16T13:46:18Z,670,1,
133421156_670,30000142,2026-02-16T13:46:18Z,670,1,
133421157_670,30000142,2026-02-16T13:46:18Z,670,1,
133421158_670,30000142,2026-02-16T13:46:18Z,670,1,
133421159_670,30000142,2026-02-16T13:46:18Z,670,1,
133421160_670,30000142,2026-02-16T13:46:18Z,670,1,
133421161_670,30000142,2026-02-16T13:46:18Z,670,1,
133421162_670,30000142,2026-02-16T13:46:18Z,670,1,
133421163_670,30000142,2026-02-16T13:46:18Z,670,1,
133421164_670,30000142,2026-02-16T13:46:18Z,670,1,
133421165_670,30000142,2026-02-16T13:46:18Z,670,1,
133421248_29266,30000142,2026-02-16T13:51:15Z,29266,1,
133421249_21097,30000142,2026-02-16T13:51:15Z,21097,1,
133421250_608,30000142,2026-02-16T13:51:16Z,608,1,
133421251_585,30000142,2026-02-16T13:51:16Z,585,1,
133421252_583,30000142,2026-02-16T13:51:16Z,583,1,
133421253_598,30000142,2026-02-16T13:51:17Z,598,1,
133421258_602,30000142,2026-02-16T13:51:24Z,602,1,
133421259_593,30000142,2026-02-16T13:51:24Z,593,1,
133421260_37456,30000142,2026-02-16T13:51:24Z,37456,1,
133421261_605,30000142,2026-02-16T13:51:24Z,605,1,
133421262_37454,30000142,2026-02-16T13:51:24Z,37454,1,
133421263_607,30000142,2026-02-16T13:51:24Z,607,1,
133421264_586,30000142,2026-02-16T13:51:24Z,586,1,
133421265_597,30000142,2026-02-16T13:51:24Z,597,1,
133421266_29248,30000142,2026-02-16T13:51:24Z,29248,1,
133421267_17703,30000142,2026-02-16T13:51:26Z,17703,1,
133421268_72904,30000142,2026-02-16T13:51:26Z,72904,1,
133421269_590,30000142,2026-02-16T13:51:26Z,590,1,
133421270_72903,30000142,2026-02-16T13:51:26Z,72903,1,
133421271_72913,30000142,2026-02-16T13:51:26Z,72913,1,
133421288_670,30000142,2026-02-16T13:52:19Z,670,1,
133421289_670,30000142,2026-02-16T13:52:19Z,670,1,
133421290_670,30000142,2026-02-16T13:52:19Z,670,1,
133421291_670,30000142,2026-02-16T13:52:19Z,670,1,
133421292_670,30000142,2026-02-16T13:52:19Z,670,1,
133421293_670,30000142,2026-02-16T13:52:19Z,670,1,
133421294_670,30000142,2026-02-16T13:52:19Z,670,1,
133421295_670,30000142,2026-02-16T13:52:19Z,670,1,
133421296_670,30000142,2026-02-16T13:52:19Z,670,1,
133421297_670,30000142,2026-02-16T13:52:19Z,670,1,
133421298_670,30000142,2026-02-16T13:52:19Z,670,1,
133421299_670,30000142,2026-02-16T13:52:19Z,670,1,
133421300_670,30000142,2026-02-16T13:52:19Z,670,1,
133421301_670,30000142,2026-02-16T13:52:19Z,670,1,
133421302_670,30000142,2026-02-16T13:52:19Z,670,1,
133421303_670,30000142,2026-02-16T13:52:19Z,670,1,
133421304_670,30000142,2026-02-16T13:52:19Z,670,1,
133421305_670,30000142,2026-02-16T13:52:19Z,670,1,
133421306_670,30000142,2026-02-16T13:52:19Z,670,1,
133421307_670,30000142,2026-02-16T13:52:19Z,670,1,
133421357_29266,30000142,2026-02-16T13:55:40Z,29266,1,
133421358_586,30000142,2026-02-16T13:55:41Z,586,1,
133421359_607,30000142,2026-02-16T13:55:41Z,607,1,
133421360_29248,30000142,2026-02-16T13:55:41Z,29248,1,
133421361_34496,30000142,2026-02-16T13:55:41Z,34496,1,
133421362_605,30000142,2026-02-16T13:55:41Z,605,1,
133421363_585,30000142,2026-02-16T13:55:41Z,585,1,
133421364_608,30000142,2026-02-16T13:55:41Z,608,1,
133421365_590,30000142,2026-02-16T13:55:41Z,590,1,
133421366_583,30000142,2026-02-16T13:55:41Z,583,1,
133421367_598,30000142,2026-02-16T13:55:42Z,598,1,
133421369_602,30000142,2026-02-16T13:55:49Z,602,1,
133421370_593,30000142,2026-02-16T13:55:49Z,593,1,
133421371_72903,30000142,2026-02-16T13:55:49Z,72903,1,
133421372_37454,30000142,2026-02-16T13:55:49Z,37454,1,
133421373_597,30000142,2026-02-16T13:55:49Z,597,1,
133421374_72904,30000142,2026-02-16T13:55:49Z,72904,1,
133421375_37456,30000142,2026-02-16T13:55:49Z,37456,1,
133421376_72913,30000142,2026-02-16T13:55:49Z,72913,1,
133421377_17703,30000142,2026-02-16T13:55:51Z,17703,1,
133421385_670,30000142,2026-02-16T13:56:19Z,670,1,
133421386_670,30000142,2026-02-16T13:56:19Z,670,1,
133421387_670,30000142,2026-02-16T13:56:19Z,670,1,
133421388_670,30000142,2026-02-16T13:56:19Z,670,1,
133421389_670,30000142,2026-02-16T13:56:19Z,670,1,
133421390_670,30000142,2026-02-16T13:56:19Z,670,1,
133421391_670,30000142,2026-02-16T13:56:19Z,670,1,
133421392_670,30000142,2026-02-16T13:56:19Z,670,1,
133421393_670,30000142,2026-02-16T13:56:19Z,670,1,
133421394_670,30000142,2026-02-16T13:56:19Z,670,1,
133421395_670,30000142,2026-02-16T13:56:19Z,670,1,
133421424_670,30000142,2026-02-16T13:57:20Z,670,1,
133421425_670,30000142,2026-02-16T13:57:20Z,670,1,
133421426_670,30000142,2026-02-16T13:57:20Z,670,1,
133421427_670,30000142,2026-02-16T13:57:20Z,670,1,
133421428_670,30000142,2026-02-16T13:57:20Z,670,1,
133421429_670,30000142,2026-02-16T13:57:20Z,670,1,
133421430_670,30000142,2026-02-16T13:57:20Z,670,1,
133421431_670,30000142,2026-02-16T13:57:20Z,670,1,
133421432_670,30000142,2026-02-16T13:57:20Z,670,1,
133421489_21097,30000142,2026-02-16T14:00:16Z,21097,1,
133421490_34496,30000142,2026-02-16T14:00:17Z,34496,1,
133421491_598,30000142,2026-02-16T14:00:17Z,598,1,
133421494_605,30000142,2026-02-16T14:00:25Z,605,1,
133421495_586,30000142,2026-02-16T14:00:26Z,586,1,
133421496_607,30000142,2026-02-16T14:00:26Z,607,1,
133421497_29248,30000142,2026-02-16T14:00:26Z,29248,1,
133421498_37456,30000142,2026-02-16T14:00:26Z,37456,1,
133421499_585,30000142,2026-02-16T14:00:26Z,585,1,
133421500_583,30000142,2026-02-16T14:00:26Z,583,1,
133421501_590,30000142,2026-02-16T14:00:27Z,590,1,
133421502_608,30000142,2026-02-16T14:00:27Z,608,1,
133421503_602,30000142,2026-02-16T14:00:27Z,602,1,
133421506_72913,30000142,2026-02-16T14:00:35Z,72913,1,
133421507_72904,30000142,2026-02-16T14:00:35Z,72904,1,
133421508_72903,30000142,2026-02-16T14:00:35Z,72903,1,
133421509_593,30000142,2026-02-16T14:00:35Z,593,1,
133421510_37454,30000142,2026-02-16T14:00:35Z,37454,1,
133421511_597,30000142,2026-02-16T14:00:35Z,597,1,
133421512_17703,30000142,2026-02-16T14:00:35Z,17703,1,
133421524_670,30000142,2026-02-16T14:01:20Z,670,1,
133421525_670,30000142,2026-02-16T14:01:20Z,670,1,
133421526_670,30000142,2026-02-16T14:01:20Z,670,1,
133421527_670,30000142,2026-02-16T14:01:20Z,670,1,
133421528_670,30000142,2026-02-16T14:01:20Z,670,1,
133421529_670,30000142,2026-02-16T14:01:20Z,670,1,
133421530_670,30000142,2026-02-16T14:01:20Z,670,1,
133421531_670,30000142,2026-02-16T14:01:20Z,670,1,
133421532_670,30000142,2026-02-16T14:01:20Z,670,1,
133421533_670,30000142,2026-02-16T14:01:20Z,670,1,
133421534_670,30000142,2026-02-16T14:01:20Z,670,1,
133421535_670,30000142,2026-02-16T14:01:20Z,670,1,
133421536_670,30000142,2026-02-16T14:01:20Z,670,1,
133421537_670,30000142,2026-02-16T14:01:20Z,670,1,
133421538_670,30000142,2026-02-16T14:01:20Z,670,1,
133421539_670,30000142,2026-02-16T14:01:20Z,670,1,
133421540_670,30000142,2026-02-16T14:01:20Z,670,1,
133421541_670,30000142,2026-02-16T14:01:20Z,670,1,
133421542_670,30000142,2026-02-16T14:01:20Z,670,1,
133421543_670,30000142,2026-02-16T14:01:20Z,670,1,
133421584_29266,30000142,2026-02-16T14:05:14Z,29266,1,
133421585_21097,30000142,2026-02-16T14:05:14Z,21097,1,
133421587_607,30000142,2026-02-16T14:05:15Z,607,1,
133421588_29248,30000142,2026-02-16T14:05:15Z,29248,1,
133421589_605,30000142,2026-02-16T14:05:15Z,605,1,
133421590_34496,30000142,2026-02-16T14:05:15Z,34496,1,
133421591_583,30000142,2026-02-16T14:05:16Z,583,1,
133421592_585,30000142,2026-02-16T14:05:16Z,585,1,
133421593_608,30000142,2026-02-16T14:05:16Z,608,1,
133421594_598,30000142,2026-02-16T14:05:16Z,598,1,
133421597_602,30000142,2026-02-16T14:05:23Z,602,1,
133421598_593,30000142,2026-02-16T14:05:23Z,593,1,
133421599_37456,30000142,2026-02-16T14:05:23Z,37456,1,
133421600_37454,30000142,2026-02-16T14:05:23Z,37454,1,
133421601_597,30000142,2026-02-16T14:05:23Z,597,1,
133421602_72904,30000142,2026-02-16T14:05:23Z,72904,1,
133421603_72903,30000142,2026-02-16T14:05:23Z,72903,1,
133421604_72913,30000142,2026-02-16T14:05:23Z,72913,1,
133421605_590,30000142,2026-02-16T14:05:23Z,590,1,
133421606_17703,30000142,2026-02-16T14:05:25Z,17703,1,
133421616_670,30000142,2026-02-16T14:06:20Z,670,1,
133421617_670,30000142,2026-02-16T14:06:20Z,670,1,
133421618_670,30000142,2026-02-16T14:06:20Z,670,1,
133421619_670,30000142,2026-02-16T14:06:21Z,670,1,
133421620_670,30000142,2026-02-16T14:06:21Z,670,1,
133421621_670,30000142,2026-02-16T14:06:21Z,670,1,
133421622_670,30000142,2026-02-16T14:06:21Z,670,1,
133421623_670,30000142,2026-02-16T14:06:21Z,670,1,
133421624_670,30000142,2026-02-16T14:06:21Z,670,1,
133421625_670,30000142,2026-02-16T14:06:21Z,670,1,
133421626_670,30000142,2026-02-16T14:06:21Z,670,1,
133421627_670,30000142,2026-02-16T14:06:21Z,670,1,
133421628_670,30000142,2026-02-16T14:06:21Z,670,1,
133421629_670,30000142,2026-02-16T14:06:21Z,670,1,
133421630_670,30000142,2026-02-16T14:06:21Z,670,1,
133421631_670,30000142,2026-02-16T14:06:21Z,670,1,
133421632_670,30000142,2026-02-16T14:06:21Z,670,1,
133421633_670,30000142,2026-02-16T14:06:21Z,670,1,
133421634_670,30000142,2026-02-16T14:06:21Z,670,1,
133421635_670,30000142,2026-02-16T14:06:21Z,670,1,
133421699_29266,30000142,2026-02-16T14:09:33Z,29266,1,
133421700_21097,30000142,2026-02-16T14:09:33Z,21097,1,
133421701_583,30000142,2026-02-16T14:09:34Z,583,1,
133421702_586,30000142,2026-02-16T14:09:34Z,586,1,
133421703_34496,30000142,2026-02-16T14:09:34Z,34496,1,
133421704_29248,30000142,2026-02-16T14:09:34Z,29248,1,
133421705_605,30000142,2026-02-16T14:09:34Z,605,1,
133421706_585,30000142,2026-02-16T14:09:35Z,585,1,
133421707_608,30000142,2026-02-16T14:09:35Z,608,1,
133421708_590,30000142,2026-02-16T14:09:35Z,590,1,
133421709_598,30000142,2026-02-16T14:09:35Z,598,1,
133421714_37456,30000142,2026-02-16T14:09:43Z,37456,1,
133421715_602,30000142,2026-02-16T14:09:43Z,602,1,
133421716_593,30000142,2026-02-16T14:09:43Z,593,1,
133421717_72904,30000142,2026-02-16T14:09:43Z,72904,1,
133421718_37454,30000142,2026-02-16T14:09:43Z,37454,1,
133421719_597,30000142,2026-02-16T14:09:43Z,597,1,
133421720_72903,30000142,2026-02-16T14:09:43Z,72903,1,
133421721_72913,30000142,2026-02-16T14:09:43Z,72913,1,
133421722_17703,30000142,2026-02-16T14:09:44Z,17703,1,
133421730_670,30000142,2026-02-16T14:10:21Z,670,1,
133421731_670,30000142,2026-02-16T14:10:21Z,670,1,
133421732_670,30000142,2026-02-16T14:10:21Z,670,1,
133421733_670,30000142,2026-02-16T14:10:21Z,670,1,
133421734_670,30000142,2026-02-16T14:10:21Z,670,1,
133421735_670,30000142,2026-02-16T14:10:21Z,670,1,
133421736_670,30000142,2026-02-16T14:10:21Z,670,1,
133421737_670,30000142,2026-02-16T14:10:21Z,670,1,
133421738_670,30000142,2026-02-16T14:10:21Z,670,1,
133421739_670,30000142,2026-02-16T14:10:21Z,670,1,
133421740_670,30000142,2026-02-16T14:10:21Z,670,1,
133421741_670,30000142,2026-02-16T14:10:21Z,670,1,
133421742_670,30000142,2026-02-16T14:10:21Z,670,1,
133421743_670,30000142,2026-02-16T14:10:21Z,670,1,
133421744_670,30000142,2026-02-16T14:10:21Z,670,1,
133421745_670,30000142,2026-02-16T14:10:21Z,670,1,
133421746_670,30000142,2026-02-16T14:10:21Z,670,1,
133421747_670,30000142,2026-02-16T14:10:21Z,670,1,
133421748_670,30000142,2026-02-16T14:10:21Z,670,1,
133421770_670,30000142,2026-02-16T14:11:21Z,670,1,
133421803_29266,30000142,2026-02-16T14:13:31Z,29266,1,
133421804_21097,30000142,2026-02-16T14:13:31Z,21097,1,
133421805_34496,30000142,2026-02-16T14:13:32Z,34496,1,
133421806_607,30000142,2026-02-16T14:13:32Z,607,1,
133421807_29248,30000142,2026-02-16T14:13:32Z,29248,1,
133421808_586,30000142,2026-02-16T14:13:32Z,586,1,
133421809_608,30000142,2026-02-16T14:13:32Z,608,1,
133421810_583,30000142,2026-02-16T14:13:32Z,583,1,
133421811_585,30000142,2026-02-16T14:13:32Z,585,1,
133421812_598,30000142,2026-02-16T14:13:33Z,598,1,
133421813_602,30000142,2026-02-16T14:13:40Z,602,1,
133421814_593,30000142,2026-02-16T14:13:40Z,593,1,
133421815_597,30000142,2026-02-16T14:13:40Z,597,1,
133421816_72903,30000142,2026-02-16T14:13:40Z,72903,1,
133421817_37454,30000142,2026-02-16T14:13:40Z,37454,1,
133421818_37456,30000142,2026-02-16T14:13:40Z,37456,1,
133421819_72904,30000142,2026-02-16T14:13:40Z,72904,1,
133421821_72913,30000142,2026-02-16T14:13:40Z,72913,1,
133421822_17703,30000142,2026-02-16T14:13:42Z,17703,1,
133421823_590,30000142,2026-02-16T14:13:42Z,590,1,
133421851_670,30000142,2026-02-16T14:14:21Z,670,1,
133421852_670,30000142,2026-02-16T14:14:21Z,670,1,
133421853_670,30000142,2026-02-16T14:14:21Z,670,1,
133421854_670,30000142,2026-02-16T14:14:21Z,670,1,
133421855_670,30000142,2026-02-16T14:14:21Z,670,1,
133421856_670,30000142,2026-02-16T14:14:21Z,670,1,
133421857_670,30000142,2026-02-16T14:14:21Z,670,1,
133421858_670,30000142,2026-02-16T14:14:21Z,670,1,
133421859_670,30000142,2026-02-16T14:14:21Z,670,1,
133421860_670,30000142,2026-02-16T14:14:21Z,670,1,
133421861_670,30000142,2026-02-16T14:14:21Z,670,1,
133421862_670,30000142,2026-02-16T14:14:21Z,670,1,
133421863_670,30000142,2026-02-16T14:14:21Z,670,1,
133421864_670,30000142,2026-02-16T14:14:21Z,670,1,
133421865_670,30000142,2026-02-16T14:14:21Z,670,1,
133421866_670,30000142,2026-02-16T14:14:21Z,670,1,
133421867_670,30000142,2026-02-16T14:14:21Z,670,1,
133421868_670,30000142,2026-02-16T14:14:21Z,670,1,
133421869_670,30000142,2026-02-16T14:14:21Z,670,1,
133421870_670,30000142,2026-02-16T14:14:22Z,670,1,
133421942_29266,30000142,2026-02-16T14:17:35Z,29266,1,
133421943_21097,30000142,2026-02-16T14:17:36Z,21097,1,
133421945_605,30000142,2026-02-16T14:17:37Z,605,1,
133421946_29248,30000142,2026-02-16T14:17:37Z,29248,1,
133421947_586,30000142,2026-02-16T14:17:37Z,586,1,
133421948_34496,30000142,2026-02-16T14:17:37Z,34496,1,
133421949_607,30000142,2026-02-16T14:17:37Z,607,1,
133421950_590,30000142,2026-02-16T14:17:38Z,590,1,
133421951_585,30000142,2026-02-16T14:17:38Z,585,1,
133421952_608,30000142,2026-02-16T14:17:38Z,608,1,
133421954_598,30000142,2026-02-16T14:17:38Z,598,1,
133421955_72904,30000142,2026-02-16T14:17:45Z,72904,1,
133421956_593,30000142,2026-02-16T14:17:45Z,593,1,
133421957_597,30000142,2026-02-16T14:17:45Z,597,1,
133421958_602,30000142,2026-02-16T14:17:45Z,602,1,
133421959_72903,30000142,2026-02-16T14:17:45Z,72903,1,
133421960_37456,30000142,2026-02-16T14:17:45Z,37456,1,
133421961_37454,30000142,2026-02-16T14:17:45Z,37454,1,
133421962_72913,30000142,2026-02-16T14:17:45Z,72913,1,
133421963_17703,30000142,2026-02-16T14:17:47Z,17703,1,
133421972_670,30000142,2026-02-16T14:18:22Z,670,1,
133421973_670,30000142,2026-02-16T14:18:22Z,670,1,
133421974_670,30000142,2026-02-16T14:18:22Z,670,1,
133421975_670,30000142,2026-02-16T14:18:22Z,670,1,
133421976_670,30000142,2026-02-16T14:18:22Z,670,1,
133421977_670,30000142,2026-02-16T14:18:22Z,670,1,
133421978_670,30000142,2026-02-16T14:18:22Z,670,1,
133421979_670,30000142,2026-02-16T14:18:22Z,670,1,
133421980_670,30000142,2026-02-16T14:18:22Z,670,1,
133421981_670,30000142,2026-02-16T14:18:22Z,670,1,
133421982_670,30000142,2026-02-16T14:18:22Z,670,1,
133421983_670,30000142,2026-02-16T14:18:22Z,670,1,
133421984_670,30000142,2026-02-16T14:18:22Z,670,1,
133421985_670,30000142,2026-02-16T14:18:22Z,670,1,
133421986_670,30000142,2026-02-16T14:18:22Z,670,1,
133421987_670,30000142,2026-02-16T14:18:22Z,670,1,
133421988_670,30000142,2026-02-16T14:18:22Z,670,1,
133421989_670,30000142,2026-02-16T14:18:22Z,670,1,
133421990_670,30000142,2026-02-16T14:18:22Z,670,1,
133422016_670,30000142,2026-02-16T14:19:22Z,670,1,
133422077_4310,30000142,2026-02-16T14:22:49Z,4310,1,
133422100_672,30000142,2026-02-16T14:24:35Z,672,1,
133422101_11132,30000142,2026-02-16T14:24:35Z,11132,1,
133422102_11134,30000142,2026-02-16T14:24:35Z,11134,1,
133422103_2161,30000142,2026-02-16T14:24:37Z,2161,1,
133422104_589,30000142,2026-02-16T14:24:37Z,589,1,
133422105_584,30000142,2026-02-16T14:24:37Z,584,1,
133422106_609,30000142,2026-02-16T14:24:38Z,609,1,
133422108_587,30000142,2026-02-16T14:24:45Z,587,1,
133422109_603,30000142,2026-02-16T14:24:45Z,603,1,
133422110_32880,30000142,2026-02-16T14:24:45Z,32880,1,
133422111_591,30000142,2026-02-16T14:24:45Z,591,1,
133422112_594,30000142,2026-02-16T14:24:45Z,594,1,
133422113_588,30000142,2026-02-16T14:24:45Z,588,1,
133422114_606,30000142,2026-02-16T14:24:45Z,606,1,
133422115_601,30000142,2026-02-16T14:24:45Z,601,1,
133422116_592,30000142,2026-02-16T14:24:45Z,592,1,
133422117_596,30000142,2026-02-16T14:24:45Z,596,1,
133422119_582,30000142,2026-02-16T14:24:47Z,582,1,
133422120_599,30000142,2026-02-16T14:24:47Z,599,1,
133422121_72904,30000142,2026-02-16T14:24:47Z,72904,1,
133422134_670,30000142,2026-02-16T14:25:22Z,670,1,
133422135_670,30000142,2026-02-16T14:25:22Z,670,1,
133422136_670,30000142,2026-02-16T14:25:22Z,670,1,
133422137_670,30000142,2026-02-16T14:25:22Z,670,1,
133422138_670,30000142,2026-02-16T14:25:22Z,670,1,
133422139_670,30000142,2026-02-16T14:25:22Z,670,1,
133422140_670,30000142,2026-02-16T14:25:22Z,670,1,
133422141_670,30000142,2026-02-16T14:25:22Z,670,1,
133422142_670,30000142,2026-02-16T14:25:22Z,670,1,
133422143_670,30000142,2026-02-16T14:25:22Z,670,1,
133422144_670,30000142,2026-02-16T14:25:22Z,670,1,
133422145_670,30000142,2026-02-16T14:25:22Z,670,1,
133422146_670,30000142,2026-02-16T14:25:22Z,670,1,
133422147_670,30000142,2026-02-16T14:25:22Z,670,1,
133422148_670,30000142,2026-02-16T14:25:22Z,670,1,
133422149_670,30000142,2026-02-16T14:25:22Z,670,1,
133422150_670,30000142,2026-02-16T14:25:22Z,670,1,
133422161_4310,30000142,2026-02-16T14:25:53Z,4310,1,
133422170_670,30000142,2026-02-16T14:26:22Z,670,1,
133422171_670,30000142,2026-02-16T14:26:23Z,670,1,
133422172_670,30000142,2026-02-16T14:26:23Z,670,1,
133422228_11129,30000142,2026-02-16T14:28:53Z,11129,1,
133422229_11132,30000142,2026-02-16T14:28:53Z,11132,1,
133422230_11134,30000142,2026-02-16T14:28:53Z,11134,1,
133422231_672,30000142,2026-02-16T14:28:53Z,672,1,
133422232_32880,30000142,2026-02-16T14:28:53Z,32880,1,
133422233_584,30000142,2026-02-16T14:28:55Z,584,1,
133422234_2161,30000142,2026-02-16T14:28:55Z,2161,1,
133422235_3766,30000142,2026-02-16T14:28:55Z,3766,1,
133422236_609,30000142,2026-02-16T14:28:55Z,609,1,
133422238_603,30000142,2026-02-16T14:29:02Z,603,1,
133422239_588,30000142,2026-02-16T14:29:02Z,588,1,
133422240_601,30000142,2026-02-16T14:29:02Z,601,1,
133422241_587,30000142,2026-02-16T14:29:02Z,587,1,
133422242_591,30000142,2026-02-16T14:29:02Z,591,1,
133422243_596,30000142,2026-02-16T14:29:02Z,596,1,
133422244_594,30000142,2026-02-16T14:29:02Z,594,1,
133422245_606,30000142,2026-02-16T14:29:02Z,606,1,
133422247_599,30000142,2026-02-16T14:29:04Z,599,1,
133422248_592,30000142,2026-02-16T14:29:04Z,592,1,
133422249_582,30000142,2026-02-16T14:29:04Z,582,1,
133422250_72904,30000142,2026-02-16T14:29:04Z,72904,1,
133422273_670,30000142,2026-02-16T14:30:23Z,670,1,
133422274_670,30000142,2026-02-16T14:30:23Z,670,1,
133422275_670,30000142,2026-02-16T14:30:23Z,670,1,
133422276_670,30000142,2026-02-16T14:30:23Z,670,1,
133422277_670,30000142,2026-02-16T14:30:23Z,670,1,
133422278_670,30000142,2026-02-16T14:30:23Z,670,1,
133422279_670,30000142,2026-02-16T14:30:23Z,670,1,
133422280_670,30000142,2026-02-16T14:30:23Z,670,1,
133422281_670,30000142,2026-02-16T14:30:23Z,670,1,
133422282_670,30000142,2026-02-16T14:30:23Z,670,1,
133422283_670,30000142,2026-02-16T14:30:23Z,670,1,
133422284_670,30000142,2026-02-16T14:30:23Z,670,1,
133422285_670,30000142,2026-02-16T14:30:23Z,670,1,
133422286_670,30000142,2026-02-16T14:30:23Z,670,1,
133422287_670,30000142,2026-02-16T14:30:23Z,670,1,
133422289_670,30000142,2026-02-16T14:30:23Z,670,1,
133422290_670,30000142,2026-02-16T14:30:24Z,670,1,
133422291_670,30000142,2026-02-16T14:30:24Z,670,1,
133422292_670,30000142,2026-02-16T14:30:24Z,670,1,
133422293_670,30000142,2026-02-16T14:30:24Z,670,1,
133422294_670,30000142,2026-02-16T14:30:24Z,670,1,
133422334_11132,30000142,2026-02-16T14:32:27Z,11132,1,
133422335_11129,30000142,2026-02-16T14:32:27Z,11129,1,
133422336_11134,30000142,2026-02-16T14:32:27Z,11134,1,
133422337_672,30000142,2026-02-16T14:32:27Z,672,1,
133422338_584,30000142,2026-02-16T14:32:29Z,584,1,
133422339_589,30000142,2026-02-16T14:32:29Z,589,1,
133422340_2161,30000142,2026-02-16T14:32:29Z,2161,1,
133422341_3766,30000142,2026-02-16T14:32:29Z,3766,1,
133422344_596,30000142,2026-02-16T14:32:36Z,596,1,
133422345_32880,30000142,2026-02-16T14:32:36Z,32880,1,
133422346_587,30000142,2026-02-16T14:32:36Z,587,1,
133422347_591,30000142,2026-02-16T14:32:36Z,591,1,
133422348_588,30000142,2026-02-16T14:32:36Z,588,1,
133422349_603,30000142,2026-02-16T14:32:36Z,603,1,
133422350_594,30000142,2026-02-16T14:32:36Z,594,1,
133422351_601,30000142,2026-02-16T14:32:36Z,601,1,
133422352_606,30000142,2026-02-16T14:32:36Z,606,1,
133422353_599,30000142,2026-02-16T14:32:37Z,599,1,
133422354_72904,30000142,2026-02-16T14:32:38Z,72904,1,
133422355_582,30000142,2026-02-16T14:32:38Z,582,1,
133422357_592,30000142,2026-02-16T14:32:38Z,592,1,
133422377_670,30000142,2026-02-16T14:33:24Z,670,1,
133422378_670,30000142,2026-02-16T14:33:24Z,670,1,
133422379_670,30000142,2026-02-16T14:33:24Z,670,1,
133422380_670,30000142,2026-02-16T14:33:24Z,670,1,
133422381_670,30000142,2026-02-16T14:33:24Z,670,1,
133422382_670,30000142,2026-02-16T14:33:24Z,670,1,
133422383_670,30000142,2026-02-16T14:33:24Z,670,1,
133422384_670,30000142,2026-02-16T14:33:24Z,670,1,
133422385_670,30000142,2026-02-16T14:33:24Z,670,1,
133422386_670,30000142,2026-02-16T14:33:24Z,670,1,
133422387_670,30000142,2026-02-16T14:33:24Z,670,1,
133422388_670,30000142,2026-02-16T14:33:24Z,670,1,
133422389_670,30000142,2026-02-16T14:33:24Z,670,1,
133422390_670,30000142,2026-02-16T14:33:24Z,670,1,
133422391_670,30000142,2026-02-16T14:33:24Z,670,1,
133422392_670,30000142,2026-02-16T14:33:24Z,670,1,
133422393_670,30000142,2026-02-16T14:33:24Z,670,1,
133422394_670,30000142,2026-02-16T14:33:24Z,670,1,
133422395_670,30000142,2026-02-16T14:33:24Z,670,1,
133422396_670,30000142,2026-02-16T14:33:24Z,670,1,
133422397_670,30000142,2026-02-16T14:33:24Z,670,1,
133422484_11132,30000142,2026-02-16T14:36:59Z,11132,1,
133422485_11134,30000142,2026-02-16T14:36:59Z,11134,1,
133422486_11129,30000142,2026-02-16T14:36:59Z,11129,1,
133422487_672,30000142,2026-02-16T14:36:59Z,672,1,
133422490_609,30000142,2026-02-16T14:37:09Z,609,1,
133422491_589,30000142,2026-02-16T14:37:09Z,589,1,
133422492_2161,30000142,2026-02-16T14:37:09Z,2161,1,
133422493_596,30000142,2026-02-16T14:37:09Z,596,1,
133422494_601,30000142,2026-02-16T14:37:09Z,601,1,
133422495_588,30000142,2026-02-16T14:37:09Z,588,1,
133422496_606,30000142,2026-02-16T14:37:09Z,606,1,
133422498_594,30000142,2026-02-16T14:37:10Z,594,1,
133422499_3766,30000142,2026-02-16T14:37:10Z,3766,1,
133422500_32880,30000142,2026-02-16T14:37:10Z,32880,1,
133422501_582,30000142,2026-02-16T14:37:11Z,582,1,
133422502_599,30000142,2026-02-16T14:37:11Z,599,1,
133422503_592,30000142,2026-02-16T14:37:11Z,592,1,
133422504_72904,30000142,2026-02-16T14:37:11Z,72904,1,
133422505_603,30000142,2026-02-16T14:37:11Z,603,1,
133422506_591,30000142,2026-02-16T14:37:11Z,591,1,
133422507_587,30000142,2026-02-16T14:37:11Z,587,1,
133422548_670,30000142,2026-02-16T14:38:24Z,670,1,
133422549_670,30000142,2026-02-16T14:38:24Z,670,1,
133422550_670,30000142,2026-02-16T14:38:24Z,670,1,
133422551_670,30000142,2026-02-16T14:38:24Z,670,1,
133422552_670,30000142,2026-02-16T14:38:24Z,670,1,
133422553_670,30000142,2026-02-16T14:38:24Z,670,1,
133422554_670,30000142,2026-02-16T14:38:24Z,670,1,
133422555_670,30000142,2026-02-16T14:38:24Z,670,1,
133422556_670,30000142,2026-02-16T14:38:24Z,670,1,
133422557_670,30000142,2026-02-16T14:38:24Z,670,1,
133422558_670,30000142,2026-02-16T14:38:24Z,670,1,
133422559_670,30000142,2026-02-16T14:38:25Z,670,1,
133422560_670,30000142,2026-02-16T14:38:25Z,670,1,
133422561_670,30000142,2026-02-16T14:38:25Z,670,1,
133422562_670,30000142,2026-02-16T14:38:25Z,670,1,
133422563_670,30000142,2026-02-16T14:38:25Z,670,1,
133422564_670,30000142,2026-02-16T14:38:25Z,670,1,
133422565_670,30000142,2026-02-16T14:38:25Z,670,1,
133422566_670,30000142,2026-02-16T14:38:25Z,670,1,
133422567_670,30000142,2026-02-16T14:38:25Z,670,1,
133422568_670,30000142,2026-02-16T14:38:25Z,670,1,
133422625_11129,30000142,2026-02-16T14:40:40Z,11129,1,
133422626_11132,30000142,2026-02-16T14:40:40Z,11132,1,
133422627_11134,30000142,2026-02-16T14:40:40Z,11134,1,
133422628_672,30000142,2026-02-16T14:40:40Z,672,1,
133422631_584,30000142,2026-02-16T14:40:41Z,584,1,
133422632_2161,30000142,2026-02-16T14:40:41Z,2161,1,
133422633_589,30000142,2026-02-16T14:40:41Z,589,1,
133422634_3766,30000142,2026-02-16T14:40:41Z,3766,1,
133422635_609,30000142,2026-02-16T14:40:42Z,609,1,
133422643_32880,30000142,2026-02-16T14:40:49Z,32880,1,
133422644_591,30000142,2026-02-16T14:40:49Z,591,1,
133422645_603,30000142,2026-02-16T14:40:49Z,603,1,
133422646_588,30000142,2026-02-16T14:40:49Z,588,1,
133422647_594,30000142,2026-02-16T14:40:49Z,594,1,
133422648_601,30000142,2026-02-16T14:40:49Z,601,1,
133422649_606,30000142,2026-02-16T14:40:49Z,606,1,
133422650_596,30000142,2026-02-16T14:40:49Z,596,1,
133422651_592,30000142,2026-02-16T14:40:50Z,592,1,
133422652_599,30000142,2026-02-16T14:40:51Z,599,1,
133422653_72904,30000142,2026-02-16T14:40:51Z,72904,1,
133422654_582,30000142,2026-02-16T14:40:51Z,582,1,
133422671_670,30000142,2026-02-16T14:41:25Z,670,1,
133422672_670,30000142,2026-02-16T14:41:25Z,670,1,
133422673_670,30000142,2026-02-16T14:41:25Z,670,1,
133422674_670,30000142,2026-02-16T14:41:25Z,670,1,
133422675_670,30000142,2026-02-16T14:41:25Z,670,1,
133422676_670,30000142,2026-02-16T14:41:25Z,670,1,
133422677_670,30000142,2026-02-16T14:41:25Z,670,1,
133422678_670,30000142,2026-02-16T14:41:25Z,670,1,
133422679_670,30000142,2026-02-16T14:41:25Z,670,1,
133422680_670,30000142,2026-02-16T14:41:25Z,670,1,
133422681_670,30000142,2026-02-16T14:41:25Z,670,1,
133422682_670,30000142,2026-02-16T14:41:25Z,670,1,
133422683_670,30000142,2026-02-16T14:41:25Z,670,1,
133422684_670,30000142,2026-02-16T14:41:25Z,670,1,
133422685_670,30000142,2026-02-16T14:41:25Z,670,1,
133422686_670,30000142,2026-02-16T14:41:25Z,670,1,
133422687_670,30000142,2026-02-16T14:41:25Z,670,1,
133422719_670,30000142,2026-02-16T14:42:25Z,670,1,
133422720_670,30000142,2026-02-16T14:42:25Z,670,1,
133422721_670,30000142,2026-02-16T14:42:26Z,670,1,
133422723_670,30000142,2026-02-16T14:42:26Z,670,1,
133422772_11132,30000142,2026-02-16T14:44:27Z,11132,1,
133422773_11129,30000142,2026-02-16T14:44:27Z,11129,1,
133422774_672,30000142,2026-02-16T14:44:27Z,672,1,
133422775_588,30000142,2026-02-16T14:44:27Z,588,1,
133422776_601,30000142,2026-02-16T14:44:27Z,601,1,
133422777_11134,30000142,2026-02-16T14:44:27Z,11134,1,
133422778_606,30000142,2026-02-16T14:44:27Z,606,1,
133422779_596,30000142,2026-02-16T14:44:27Z,596,1,
133422780_599,30000142,2026-02-16T14:44:28Z,599,1,
133422781_592,30000142,2026-02-16T14:44:28Z,592,1,
133422782_582,30000142,2026-02-16T14:44:28Z,582,1,
133422783_2161,30000142,2026-02-16T14:44:28Z,2161,1,
133422785_603,30000142,2026-02-16T14:44:36Z,603,1,
133422786_591,30000142,2026-02-16T14:44:36Z,591,1,
133422787_72904,30000142,2026-02-16T14:44:36Z,72904,1,
133422788_594,30000142,2026-02-16T14:44:36Z,594,1,
133422802_670,30000142,2026-02-16T14:45:26Z,670,1,
133422803_670,30000142,2026-02-16T14:45:26Z,670,1,
133422804_670,30000142,2026-02-16T14:45:26Z,670,1,
133422805_670,30000142,2026-02-16T14:45:26Z,670,1,
133422806_670,30000142,2026-02-16T14:45:26Z,670,1,
133422807_670,30000142,2026-02-16T14:45:26Z,670,1,
133422808_670,30000142,2026-02-16T14:45:26Z,670,1,
133422809_670,30000142,2026-02-16T14:45:26Z,670,1,
133422810_670,30000142,2026-02-16T14:45:26Z,670,1,
133422811_670,30000142,2026-02-16T14:45:26Z,670,1,
133422812_670,30000142,2026-02-16T14:45:26Z,670,1,
133422813_670,30000142,2026-02-16T14:45:26Z,670,1,
133422814_670,30000142,2026-02-16T14:45:26Z,670,1,
133422815_670,30000142,2026-02-16T14:45:26Z,670,1,
133422816_670,30000142,2026-02-16T14:45:26Z,670,1,
133422817_670,30000142,2026-02-16T14:45:26Z,670,1,
133422818_672,30000142,2026-02-16T14:45:36Z,672,1,
133422864_11134,30000142,2026-02-16T14:48:17Z,11134,1,
133422865_11129,30000142,2026-02-16T14:48:17Z,11129,1,
133422866_11132,30000142,2026-02-16T14:48:17Z,11132,1,
133422867_672,30000142,2026-02-16T14:48:17Z,672,1,
133422868_584,30000142,2026-02-16T14:48:19Z,584,1,
133422869_589,30000142,2026-02-16T14:48:19Z,589,1,
133422870_3766,30000142,2026-02-16T14:48:19Z,3766,1,
133422871_609,30000142,2026-02-16T14:48:19Z,609,1,
133422878_606,30000142,2026-02-16T14:48:26Z,606,1,
133422879_591,30000142,2026-02-16T14:48:26Z,591,1,
133422880_587,30000142,2026-02-16T14:48:26Z,587,1,
133422881_603,30000142,2026-02-16T14:48:26Z,603,1,
133422882_32880,30000142,2026-02-16T14:48:26Z,32880,1,
133422883_601,30000142,2026-02-16T14:48:26Z,601,1,
133422884_594,30000142,2026-02-16T14:48:27Z,594,1,
133422885_588,30000142,2026-02-16T14:48:27Z,588,1,
133422886_596,30000142,2026-02-16T14:48:27Z,596,1,
133422887_72904,30000142,2026-02-16T14:48:28Z,72904,1,
133422888_599,30000142,2026-02-16T14:48:28Z,599,1,
133422889_592,30000142,2026-02-16T14:48:28Z,592,1,
133422890_582,30000142,2026-02-16T14:48:28Z,582,1,
133422895_672,30000142,2026-02-16T14:48:41Z,672,1,
133422925_670,30000142,2026-02-16T14:49:26Z,670,1,
133422926_670,30000142,2026-02-16T14:49:26Z,670,1,
133422927_670,30000142,2026-02-16T14:49:26Z,670,1,
133422928_670,30000142,2026-02-16T14:49:26Z,670,1,
133422929_670,30000142,2026-02-16T14:49:26Z,670,1,
133422930_670,30000142,2026-02-16T14:49:26Z,670,1,
133422931_670,30000142,2026-02-16T14:49:26Z,670,1,
133422932_670,30000142,2026-02-16T14:49:26Z,670,1,
133422933_670,30000142,2026-02-16T14:49:26Z,670,1,
133422934_670,30000142,2026-02-16T14:49:26Z,670,1,
133422935_670,30000142,2026-02-16T14:49:26Z,670,1,
133422936_670,30000142,2026-02-16T14:49:27Z,670,1,
133422937_670,30000142,2026-02-16T14:49:27Z,670,1,
133422938_670,30000142,2026-02-16T14:49:27Z,670,1,
133422939_670,30000142,2026-02-16T14:49:27Z,670,1,
133422940_670,30000142,2026-02-16T14:49:27Z,670,1,
133422941_670,30000142,2026-02-16T14:49:27Z,670,1,
133422942_670,30000142,2026-02-16T14:49:27Z,670,1,
133422943_670,30000142,2026-02-16T14:49:27Z,670,1,
133422944_670,30000142,2026-02-16T14:49:27Z,670,1,
133422945_670,30000142,2026-02-16T14:49:27Z,670,1,
133422962_605,30000142,2026-02-16T14:50:40Z,605,1,
133423014_672,30000142,2026-02-16T14:53:33Z,672,1,
133423118_49710,30000142,2026-02-16T14:59:54Z,49710,1,
133423131_11377,30000142,2026-02-16T15:00:39Z,11377,1,
133423148_12011,30000142,2026-02-16T15:01:25Z,12011,1,
133423159_11371,30000142,2026-02-16T15:02:03Z,11371,1,
133423175_11200,30000142,2026-02-16T15:02:31Z,11200,1,
133423190_12005,30000142,2026-02-16T15:03:02Z,12005,1,
133423200_12023,30000142,2026-02-16T15:03:27Z,12023,1,
133423522_601,30000142,2026-02-16T15:19:20Z,601,1,
133423570_601,30000142,2026-02-16T15:21:39Z,601,1,
133423660_601,30000142,2026-02-16T15:24:51Z,601,1,
133423690_601,30000142,2026-02-16T15:27:05Z,601,1,
133423739_601,30000142,2026-02-16T15:29:16Z,601,1,
133424265_621,30000142,2026-02-16T15:55:18Z,621,1,
133424392_2998,30000142,2026-02-16T16:00:30Z,2998,1,
133424673_33816,30000142,2026-02-16T16:13:48Z,33816,1,
133424748_670,30000142,2026-02-16T16:17:28Z,670,1,
133424890_606,30000142,2026-02-16T16:22:57Z,606,1,
133425703_16242,30000142,2026-02-16T17:04:12Z,16242,1,
133425709_16242,30000142,2026-02-16T17:04:51Z,16242,1,
133425727_16242,30000142,2026-02-16T17:06:00Z,16242,1,
133425765_670,30000142,2026-02-16T17:07:29Z,670,1,
133426124_42685,30000142,2026-02-16T17:22:54Z,42685,1,
133426125_4310,30000142,2026-02-16T17:22:59Z,4310,1,
133427304_73796,30000142,2026-02-16T18:16:08Z,73796,1,
133427576_621,30000142,2026-02-16T18:28:05Z,621,1,
133427986_670,30000142,2026-02-16T18:48:30Z,670,1,
133428318_89240,30000142,2026-02-16T19:04:20Z,89240,1,
133428401_670,30000142,2026-02-16T19:07:30Z,670,1,
133428776_630,30000142,2026-02-16T19:21:23Z,630,1,
133428833_29984,30000142,2026-02-16T19:23:37Z,29984,1,
133428835_4310,30000142,2026-02-16T19:23:43Z,4310,1,
133428839_4310,30000142,2026-02-16T19:23:49Z,4310,1,
133429032_32880,30000142,2026-02-16T19:29:19Z,32880,1,
133429079_670,30000142,2026-02-16T19:30:31Z,670,1,
133429120_11134,30000142,2026-02-16T19:31:50Z,11134,1,
133429173_670,30000142,2026-02-16T19:33:31Z,670,1,
133429216_32880,30000142,2026-02-16T19:34:46Z,32880,1,
133429238_670,30000142,2026-02-16T19:35:31Z,670,1,
133429297_32880,30000142,2026-02-16T19:37:12Z,32880,1,
133429371_4310,30000142,2026-02-16T19:39:21Z,4310,1,
133429374_4310,30000142,2026-02-16T19:39:26Z,4310,1,
133429380_32880,30000142,2026-02-16T19:39:33Z,32880,1,
133429486_32880,30000142,2026-02-16T19:41:59Z,32880,1,
133429606_32880,30000142,2026-02-16T19:44:33Z,32880,1,
133429712_32880,30000142,2026-02-16T19:47:40Z,32880,1,
133429734_12729,30000142,2026-02-16T19:48:25Z,12729,1,
133429737_4310,30000142,2026-02-16T19:48:32Z,4310,1,
133429800_32880,30000142,2026-02-16T19:50:53Z,32880,1,
133429864_32880,30000142,2026-02-16T19:53:37Z,32880,1,
133429940_32880,30000142,2026-02-16T19:56:04Z,32880,1,
133429962_670,30000142,2026-02-16T19:57:31Z,670,1,
133430253_621,30000142,2026-02-16T20:07:08Z,621,1,
133430451_11393,30000142,2026-02-16T20:16:55Z,11393,1,
133430490_24688,30000142,2026-02-16T20:18:21Z,24688,1,
133430581_649,30000142,2026-02-16T20:21:51Z,649,1,
133430610_602,30000142,2026-02-16T20:23:12Z,602,1,
133430652_601,30000142,2026-02-16T20:24:49Z,601,1,
133430693_89240,30000142,2026-02-16T20:25:52Z,89240,1,
133430847_16242,30000142,2026-02-16T20:29:09Z,16242,1,
133430866_588,30000142,2026-02-16T20:29:39Z,588,1,
133430904_670,30000142,2026-02-16T20:30:32Z,670,1,
133430939_597,30000142,2026-02-16T20:31:19Z,597,1,
133430955_670,30000142,2026-02-16T20:31:34Z,670,1,
133431028_12735,30000142,2026-02-16T20:34:14Z,12735,1,
133431029_601,30000142,2026-02-16T20:34:15Z,601,1,
133431035_4310,30000142,2026-02-16T20:34:21Z,4310,1,
133431089_4306,30000142,2026-02-16T20:36:56Z,4306,1,
133431131_627,30000142,2026-02-16T20:38:25Z,627,1,
133431137_670,30000142,2026-02-16T20:38:47Z,670,1,
133431155_16240,30000142,2026-02-16T20:39:29Z,16240,1,
133431192_588,30000142,2026-02-16T20:40:29Z,588,1,
133431226_588,30000142,2026-02-16T20:42:01Z,588,1,
133431236_608,30000142,2026-02-16T20:42:17Z,608,1,
133431279_670,30000142,2026-02-16T20:43:32Z,670,1,
133431324_47466,30000142,2026-02-16T20:45:34Z,47466,1,
133431428_601,30000142,2026-02-16T20:49:01Z,601,1,
133431469_670,30000142,2026-02-16T20:50:32Z,670,1,
133431524_606,30000142,2026-02-16T20:52:16Z,606,1,
133431555_670,30000142,2026-02-16T20:53:32Z,670,1,
133431699_588,30000142,2026-02-16T20:58:05Z,588,1,
133432000_601,30000142,2026-02-16T21:08:16Z,601,1,
133432229_601,30000142,2026-02-16T21:17:52Z,601,1,
133432269_19744,30000142,2026-02-16T21:19:11Z,19744,1,
133432326_670,30000142,2026-02-16T21:20:32Z,670,1,
133432340_32880,30000142,2026-02-16T21:20:55Z,32880,1,
133432462_670,30000142,2026-02-16T21:24:32Z,670,1,
133432626_672,30000142,2026-02-16T21:29:24Z,672,1,
133432654_593,30000142,2026-02-16T21:30:17Z,593,1,
133432663_670,30000142,2026-02-16T21:30:33Z,670,1,
133432684_670,30000142,2026-02-16T21:31:33Z,670,1,
133432762_605,30000142,2026-02-16T21:33:15Z,605,1,
133432792_670,30000142,2026-02-16T21:34:33Z,670,1,
133432880_621,30000142,2026-02-16T21:37:49Z,621,1,
133432970_597,30000142,2026-02-16T21:40:15Z,597,1,
133432971_32876,30000142,2026-02-16T21:40:18Z,32876,1,
133433027_597,30000142,2026-02-16T21:41:11Z,597,1,
133433033_670,30000142,2026-02-16T21:41:33Z,670,1,
133433052_597,30000142,2026-02-16T21:42:13Z,597,1,
133433069_597,30000142,2026-02-16T21:43:11Z,597,1,
133433095_597,30000142,2026-02-16T21:44:10Z,597,1,
133433129_597,30000142,2026-02-16T21:45:27Z,597,1,
133433132_670,30000142,2026-02-16T21:45:33Z,670,1,
133433144_12042,30000142,2026-02-16T21:46:18Z,12042,1,
133433148_597,30000142,2026-02-16T21:46:30Z,597,1,
133433186_597,30000142,2026-02-16T21:47:28Z,597,1,
133433241_597,30000142,2026-02-16T21:49:05Z,597,1,
133433271_597,30000142,2026-02-16T21:50:03Z,597,1,
133433334_649,30000142,2026-02-16T21:52:01Z,649,1,
133433379_670,30000142,2026-02-16T21:53:33Z,670,1,
133433481_670,30000142,2026-02-16T21:57:33Z,670,1,
133433623_11400,30000142,2026-02-16T22:03:38Z,11400,1,
133433657_670,30000142,2026-02-16T22:05:33Z,670,1,
133434569_42685,30000142,2026-02-16T22:46:20Z,42685,1,
133434572_4310,30000142,2026-02-16T22:46:27Z,4310,1,
133434654_596,30000142,2026-02-16T22:48:28Z,596,1,
133434688_670,30000142,2026-02-16T22:49:34Z,670,1,
133434781_583,30000142,2026-02-16T22:53:47Z,583,1,
133434796_670,30000142,2026-02-16T22:54:34Z,670,1,
133434849_17619,30000142,2026-02-16T22:56:57Z,17619,1,
133434852_670,30000142,2026-02-16T22:57:03Z,670,1,
133434898_670,30000142,2026-02-16T22:59:34Z,670,1,
133434935_11178,30000142,2026-02-16T23:01:38Z,11178,1,
133434955_4310,30000142,2026-02-16T23:02:44Z,4310,1,
133434978_670,30000142,2026-02-16T23:03:34Z,670,1,
133435163_672,30000142,2026-02-16T23:11:08Z,672,1,
133435189_670,30000142,2026-02-16T23:12:35Z,670,1,
133435370_672,30000142,2026-02-16T23:19:28Z,672,1,
133435389_670,30000142,2026-02-16T23:20:35Z,670,1,
133435456_648,30000142,2026-02-16T23:23:20Z,648,1,
133435488_670,30000142,2026-02-16T23:24:35Z,670,1,
133435495_672,30000142,2026-02-16T23:25:01Z,672,1,
133435583_605,30000142,2026-02-16T23:27:36Z,605,1,
133435665_49710,30000142,2026-02-16T23:31:32Z,49710,1,
133435667_670,30000142,2026-02-16T23:31:42Z,670,1,
133435747_11129,30000142,2026-02-16T23:37:10Z,11129,1,
133435748_672,30000142,2026-02-16T23:37:10Z,672,1,
133435749_11132,30000142,2026-02-16T23:37:10Z,11132,1,
133435750_11134,30000142,2026-02-16T23:37:10Z,11134,1,
133435753_609,30000142,2026-02-16T23:37:12Z,609,1,
133435755_3766,30000142,2026-02-16T23:37:12Z,3766,1,
133435756_584,30000142,2026-02-16T23:37:12Z,584,1,
133435757_2161,30000142,2026-02-16T23:37:12Z,2161,1,
133435758_589,30000142,2026-02-16T23:37:12Z,589,1,
133435760_587,30000142,2026-02-16T23:37:20Z,587,1,
133435761_603,30000142,2026-02-16T23:37:20Z,603,1,
133435762_32880,30000142,2026-02-16T23:37:20Z,32880,1,
133435763_601,30000142,2026-02-16T23:37:20Z,601,1,
133435764_594,30000142,2026-02-16T23:37:20Z,594,1,
133435765_606,30000142,2026-02-16T23:37:20Z,606,1,
133435766_596,30000142,2026-02-16T23:37:20Z,596,1,
133435767_592,30000142,2026-02-16T23:37:20Z,592,1,
133435768_588,30000142,2026-02-16T23:37:20Z,588,1,
133435769_72904,30000142,2026-02-16T23:37:21Z,72904,1,
133435770_599,30000142,2026-02-16T23:37:21Z,599,1,
133435771_582,30000142,2026-02-16T23:37:21Z,582,1,
133435776_585,30000142,2026-02-16T23:37:39Z,585,1,
133435790_670,30000142,2026-02-16T23:38:35Z,670,1,
133435791_670,30000142,2026-02-16T23:38:35Z,670,1,
133435792_670,30000142,2026-02-16T23:38:35Z,670,1,
133435793_670,30000142,2026-02-16T23:38:35Z,670,1,
133435794_670,30000142,2026-02-16T23:38:35Z,670,1,
133435795_670,30000142,2026-02-16T23:38:35Z,670,1,
133435796_670,30000142,2026-02-16T23:38:35Z,670,1,
133435797_670,30000142,2026-02-16T23:38:35Z,670,1,
133435798_670,30000142,2026-02-16T23:38:35Z,670,1,
133435799_670,30000142,2026-02-16T23:38:35Z,670,1,
133435800_670,30000142,2026-02-16T23:38:35Z,670,1,
133435801_670,30000142,2026-02-16T23:38:36Z,670,1,
133435802_670,30000142,2026-02-16T23:38:36Z,670,1,
133435803_670,30000142,2026-02-16T23:38:36Z,670,1,
133435804_670,30000142,2026-02-16T23:38:36Z,670,1,
133435805_670,30000142,2026-02-16T23:38:36Z,670,1,
133435806_670,30000142,2026-02-16T23:38:36Z,670,1,
133435807_670,30000142,2026-02-16T23:38:36Z,670,1,
133435808_670,30000142,2026-02-16T23:38:36Z,670,1,
133435809_670,30000142,2026-02-16T23:38:36Z,670,1,
133435810_670,30000142,2026-02-16T23:38:36Z,670,1,
133435819_672,30000142,2026-02-16T23:39:09Z,672,1,
133435822_670,30000142,2026-02-16T23:39:16Z,670,1,
133435879_12032,30000142,2026-02-16T23:40:07Z,12032,1,
133435890_670,30000142,2026-02-16T23:40:13Z,670,1,
133435893_11129,30000142,2026-02-16T23:40:23Z,11129,1,
133435894_672,30000142,2026-02-16T23:40:23Z,672,1,
133435895_11134,30000142,2026-02-16T23:40:23Z,11134,1,
133435896_11132,30000142,2026-02-16T23:40:23Z,11132,1,
133435900_606,30000142,2026-02-16T23:40:32Z,606,1,
133435901_588,30000142,2026-02-16T23:40:32Z,588,1,
133435902_601,30000142,2026-02-16T23:40:32Z,601,1,
133435903_596,30000142,2026-02-16T23:40:32Z,596,1,
133435905_32880,30000142,2026-02-16T23:40:33Z,32880,1,
133435906_582,30000142,2026-02-16T23:40:33Z,582,1,
133435907_3766,30000142,2026-02-16T23:40:33Z,3766,1,
133435908_584,30000142,2026-02-16T23:40:33Z,584,1,
133435909_592,30000142,2026-02-16T23:40:33Z,592,1,
133435910_2161,30000142,2026-02-16T23:40:33Z,2161,1,
133435911_589,30000142,2026-02-16T23:40:33Z,589,1,
133435912_609,30000142,2026-02-16T23:40:33Z,609,1,
133435913_587,30000142,2026-02-16T23:40:42Z,587,1,
133435914_591,30000142,2026-02-16T23:40:42Z,591,1,
133435915_603,30000142,2026-02-16T23:40:42Z,603,1,
133435923_32872,30000142,2026-02-16T23:41:18Z,32872,1,
133435926_670,30000142,2026-02-16T23:41:24Z,670,1,
133435933_670,30000142,2026-02-16T23:41:36Z,670,1,
133435934_670,30000142,2026-02-16T23:41:36Z,670,1,
133435935_670,30000142,2026-02-16T23:41:36Z,670,1,
133435936_670,30000142,2026-02-16T23:41:36Z,670,1,
133435937_670,30000142,2026-02-16T23:41:36Z,670,1,
133435938_670,30000142,2026-02-16T23:41:36Z,670,1,
133435939_670,30000142,2026-02-16T23:41:36Z,670,1,
133435940_670,30000142,2026-02-16T23:41:36Z,670,1,
133435941_670,30000142,2026-02-16T23:41:36Z,670,1,
133435942_670,30000142,2026-02-16T23:41:36Z,670,1,
133435943_670,30000142,2026-02-16T23:41:36Z,670,1,
133435944_670,30000142,2026-02-16T23:41:37Z,670,1,
133435945_670,30000142,2026-02-16T23:41:37Z,670,1,
133435946_670,30000142,2026-02-16T23:41:37Z,670,1,
133435947_670,30000142,2026-02-16T23:41:37Z,670,1,
133435948_670,30000142,2026-02-16T23:41:37Z,670,1,
133435949_670,30000142,2026-02-16T23:41:37Z,670,1,
133435950_670,30000142,2026-02-16T23:41:37Z,670,1,
133435951_670,30000142,2026-02-16T23:41:37Z,670,1,
133435952_670,30000142,2026-02-16T23:41:37Z,670,1,
133435975_11188,30000142,2026-02-16T23:42:35Z,11188,1,
133435977_670,30000142,2026-02-16T23:42:39Z,670,1,
133435998_11129,30000142,2026-02-16T23:44:03Z,11129,1,
133435999_11134,30000142,2026-02-16T23:44:03Z,11134,1,
133436000_596,30000142,2026-02-16T23:44:04Z,596,1,
133436001_606,30000142,2026-02-16T23:44:04Z,606,1,
133436002_588,30000142,2026-02-16T23:44:04Z,588,1,
133436003_672,30000142,2026-02-16T23:44:04Z,672,1,
133436004_601,30000142,2026-02-16T23:44:04Z,601,1,
133436005_11132,30000142,2026-02-16T23:44:04Z,11132,1,
133436006_32880,30000142,2026-02-16T23:44:04Z,32880,1,
133436007_584,30000142,2026-02-16T23:44:04Z,584,1,
133436008_599,30000142,2026-02-16T23:44:04Z,599,1,
133436009_582,30000142,2026-02-16T23:44:04Z,582,1,
133436010_3766,30000142,2026-02-16T23:44:04Z,3766,1,
133436011_592,30000142,2026-02-16T23:44:04Z,592,1,
133436012_589,30000142,2026-02-16T23:44:04Z,589,1,
133436013_2161,30000142,2026-02-16T23:44:04Z,2161,1,
133436014_609,30000142,2026-02-16T23:44:04Z,609,1,
133436024_591,30000142,2026-02-16T23:44:13Z,591,1,
133436025_587,30000142,2026-02-16T23:44:13Z,587,1,
133436026_594,30000142,2026-02-16T23:44:13Z,594,1,
133436027_72904,30000142,2026-02-16T23:44:13Z,72904,1,
133436032_670,30000142,2026-02-16T23:44:37Z,670,1,
133436033_670,30000142,2026-02-16T23:44:37Z,670,1,
133436034_670,30000142,2026-02-16T23:44:37Z,670,1,
133436035_670,30000142,2026-02-16T23:44:37Z,670,1,
133436036_670,30000142,2026-02-16T23:44:37Z,670,1,
133436037_670,30000142,2026-02-16T23:44:37Z,670,1,
133436038_670,30000142,2026-02-16T23:44:37Z,670,1,
133436039_670,30000142,2026-02-16T23:44:37Z,670,1,
133436062_670,30000142,2026-02-16T23:45:37Z,670,1,
133436063_670,30000142,2026-02-16T23:45:37Z,670,1,
133436064_670,30000142,2026-02-16T23:45:37Z,670,1,
133436065_670,30000142,2026-02-16T23:45:37Z,670,1,
133436066_670,30000142,2026-02-16T23:45:37Z,670,1,
133436067_670,30000142,2026-02-16T23:45:37Z,670,1,
133436068_670,30000142,2026-02-16T23:45:37Z,670,1,
133436069_670,30000142,2026-02-16T23:45:37Z,670,1,
133436070_670,30000142,2026-02-16T23:45:37Z,670,1,
133436071_670,30000142,2026-02-16T23:45:37Z,670,1,
133436072_670,30000142,2026-02-16T23:45:37Z,670,1,
133436073_670,30000142,2026-02-16T23:45:37Z,670,1,
133436074_670,30000142,2026-02-16T23:45:37Z,670,1,
133436082_16236,30000142,2026-02-16T23:46:47Z,16236,1,
133436087_11134,30000142,2026-02-16T23:47:28Z,11134,1,
133436088_672,30000142,2026-02-16T23:47:28Z,672,1,
133436089_11132,30000142,2026-02-16T23:47:28Z,11132,1,
133436090_11129,30000142,2026-02-16T23:47:28Z,11129,1,
133436091_32880,30000142,2026-02-16T23:47:28Z,32880,1,
133436092_589,30000142,2026-02-16T23:47:29Z,589,1,
133436093_3766,30000142,2026-02-16T23:47:29Z,3766,1,
133436094_584,30000142,2026-02-16T23:47:29Z,584,1,
133436095_2161,30000142,2026-02-16T23:47:29Z,2161,1,
133436096_609,30000142,2026-02-16T23:47:30Z,609,1,
133436097_670,30000142,2026-02-16T23:47:37Z,670,1,
133436098_587,30000142,2026-02-16T23:47:38Z,587,1,
133436099_591,30000142,2026-02-16T23:47:38Z,591,1,
133436100_603,30000142,2026-02-16T23:47:38Z,603,1,
133436101_601,30000142,2026-02-16T23:47:38Z,601,1,
133436102_594,30000142,2026-02-16T23:47:38Z,594,1,
133436103_606,30000142,2026-02-16T23:47:38Z,606,1,
133436104_596,30000142,2026-02-16T23:47:38Z,596,1,
133436105_588,30000142,2026-02-16T23:47:38Z,588,1,
133436106_599,30000142,2026-02-16T23:47:38Z,599,1,
133436107_72904,30000142,2026-02-16T23:47:39Z,72904,1,
133436108_592,30000142,2026-02-16T23:47:39Z,592,1,
133436134_670,30000142,2026-02-16T23:48:37Z,670,1,
133436135_670,30000142,2026-02-16T23:48:37Z,670,1,
133436136_670,30000142,2026-02-16T23:48:37Z,670,1,
133436137_670,30000142,2026-02-16T23:48:38Z,670,1,
133436138_670,30000142,2026-02-16T23:48:38Z,670,1,
133436139_670,30000142,2026-02-16T23:48:38Z,670,1,
133436140_670,30000142,2026-02-16T23:48:38Z,670,1,
133436141_670,30000142,2026-02-16T23:48:38Z,670,1,
133436142_670,30000142,2026-02-16T23:48:38Z,670,1,
133436143_670,30000142,2026-02-16T23:48:38Z,670,1,
133436144_670,30000142,2026-02-16T23:48:38Z,670,1,
133436145_670,30000142,2026-02-16T23:48:38Z,670,1,
133436146_670,30000142,2026-02-16T23:48:38Z,670,1,
133436147_670,30000142,2026-02-16T23:48:38Z,670,1,
133436148_670,30000142,2026-02-16T23:48:38Z,670,1,
133436149_670,30000142,2026-02-16T23:48:38Z,670,1,
133436150_670,30000142,2026-02-16T23:48:38Z,670,1,
133436151_670,30000142,2026-02-16T23:48:38Z,670,1,
133436152_670,30000142,2026-02-16T23:48:38Z,670,1,
133436153_670,30000142,2026-02-16T23:48:38Z,670,1,
133436154_670,30000142,2026-02-16T23:48:38Z,670,1,
133436165_601,30000142,2026-02-16T23:48:57Z,601,1,
133436194_670,30000142,2026-02-16T23:50:38Z,670,1,
133436202_11134,30000142,2026-02-16T23:51:08Z,11134,1,
133436203_672,30000142,2026-02-16T23:51:08Z,672,1,
133436204_11132,30000142,2026-02-16T23:51:08Z,11132,1,
133436205_11129,30000142,2026-02-16T23:51:08Z,11129,1,
133436210_601,30000142,2026-02-16T23:51:17Z,601,1,
133436211_588,30000142,2026-02-16T23:51:17Z,588,1,
133436212_32880,30000142,2026-02-16T23:51:17Z,32880,1,
133436213_606,30000142,2026-02-16T23:51:17Z,606,1,
133436214_596,30000142,2026-02-16T23:51:17Z,596,1,
133436215_589,30000142,2026-02-16T23:51:17Z,589,1,
133436217_584,30000142,2026-02-16T23:51:18Z,584,1,
133436218_3766,30000142,2026-02-16T23:51:18Z,3766,1,
133436219_599,30000142,2026-02-16T23:51:18Z,599,1,
133436220_609,30000142,2026-02-16T23:51:18Z,609,1,
133436221_582,30000142,2026-02-16T23:51:18Z,582,1,
133436222_2161,30000142,2026-02-16T23:51:18Z,2161,1,
133436223_587,30000142,2026-02-16T23:51:19Z,587,1,
133436224_591,30000142,2026-02-16T23:51:19Z,591,1,
133436231_72904,30000142,2026-02-16T23:51:27Z,72904,1,
133436232_603,30000142,2026-02-16T23:51:27Z,603,1,
133436233_594,30000142,2026-02-16T23:51:27Z,594,1,
133436256_37458,30000142,2026-02-16T23:52:33Z,37458,1,
133436259_670,30000142,2026-02-16T23:52:38Z,670,1,
133436260_670,30000142,2026-02-16T23:52:38Z,670,1,
133436261_670,30000142,2026-02-16T23:52:38Z,670,1,
133436262_670,30000142,2026-02-16T23:52:38Z,670,1,
133436263_670,30000142,2026-02-16T23:52:38Z,670,1,
133436264_670,30000142,2026-02-16T23:52:38Z,670,1,
133436265_670,30000142,2026-02-16T23:52:38Z,670,1,
133436266_670,30000142,2026-02-16T23:52:38Z,670,1,
133436267_670,30000142,2026-02-16T23:52:39Z,670,1,
133436268_670,30000142,2026-02-16T23:52:39Z,670,1,
133436269_670,30000142,2026-02-16T23:52:39Z,670,1,
133436270_670,30000142,2026-02-16T23:52:39Z,670,1,
133436271_670,30000142,2026-02-16T23:52:39Z,670,1,
133436272_670,30000142,2026-02-16T23:52:39Z,670,1,
133436273_670,30000142,2026-02-16T23:52:39Z,670,1,
133436274_670,30000142,2026-02-16T23:52:39Z,670,1,
133436275_670,30000142,2026-02-16T23:52:39Z,670,1,
133436276_670,30000142,2026-02-16T23:52:39Z,670,1,
133436277_670,30000142,2026-02-16T23:52:39Z,670,1,
133436278_670,30000142,2026-02-16T23:52:39Z,670,1,
133436279_670,30000142,2026-02-16T23:52:39Z,670,1,
133436313_11132,30000142,2026-02-16T23:54:30Z,11132,1,
133436314_672,30000142,2026-02-16T23:54:30Z,672,1,
133436315_11134,30000142,2026-02-16T23:54:30Z,11134,1,
133436316_11129,30000142,2026-02-16T23:54:31Z,11129,1,
133436318_587,30000142,2026-02-16T23:54:39Z,587,1,
133436319_599,30000142,2026-02-16T23:54:39Z,599,1,
133436320_588,30000142,2026-02-16T23:54:39Z,588,1,
133436321_3766,30000142,2026-02-16T23:54:39Z,3766,1,
133436322_601,30000142,2026-02-16T23:54:39Z,601,1,
133436323_606,30000142,2026-02-16T23:54:39Z,606,1,
133436324_596,30000142,2026-02-16T23:54:39Z,596,1,
133436325_32880,30000142,2026-02-16T23:54:39Z,32880,1,
133436326_609,30000142,2026-02-16T23:54:40Z,609,1,
133436327_582,30000142,2026-02-16T23:54:40Z,582,1,
133436328_592,30000142,2026-02-16T23:54:40Z,592,1,
133436329_2161,30000142,2026-02-16T23:54:40Z,2161,1,
133436330_589,30000142,2026-02-16T23:54:40Z,589,1,
133436331_584,30000142,2026-02-16T23:54:40Z,584,1,
133436338_603,30000142,2026-02-16T23:54:49Z,603,1,
133436339_591,30000142,2026-02-16T23:54:49Z,591,1,
133436340_72904,30000142,2026-02-16T23:54:49Z,72904,1,
133436356_670,30000142,2026-02-16T23:55:39Z,670,1,
133436357_670,30000142,2026-02-16T23:55:39Z,670,1,
133436358_670,30000142,2026-02-16T23:55:39Z,670,1,
133436359_670,30000142,2026-02-16T23:55:39Z,670,1,
133436360_670,30000142,2026-02-16T23:55:39Z,670,1,
133436361_670,30000142,2026-02-16T23:55:39Z,670,1,
133436362_670,30000142,2026-02-16T23:55:39Z,670,1,
133436363_670,30000142,2026-02-16T23:55:39Z,670,1,
133436364_670,30000142,2026-02-16T23:55:39Z,670,1,
133436365_670,30000142,2026-02-16T23:55:39Z,670,1,
133436366_670,30000142,2026-02-16T23:55:39Z,670,1,
133436367_670,30000142,2026-02-16T23:55:39Z,670,1,
133436368_670,30000142,2026-02-16T23:55:39Z,670,1,
133436369_670,30000142,2026-02-16T23:55:39Z,670,1,
133436370_670,30000142,2026-02-16T23:55:39Z,670,1,
133436371_670,30000142,2026-02-16T23:55:39Z,670,1,
133436372_670,30000142,2026-02-16T23:55:39Z,670,1,
133436373_670,30000142,2026-02-16T23:55:39Z,670,1,
133436374_670,30000142,2026-02-16T23:55:39Z,670,1,
133436375_670,30000142,2026-02-16T23:55:39Z,670,1,
133436376_670,30000142,2026-02-16T23:55:40Z,670,1,
133436391_17480,30000142,2026-02-16T23:56:45Z,17480,1,
133436406_670,30000142,2026-02-16T23:57:40Z,670,1,
133436411_11129,30000142,2026-02-16T23:57:52Z,11129,1,
133436412_672,30000142,2026-02-16T23:57:52Z,672,1,
133436413_11134,30000142,2026-02-16T23:57:52Z,11134,1,
133436414_2161,30000142,2026-02-16T23:57:53Z,2161,1,
133436415_592,30000142,2026-02-16T23:57:53Z,592,1,
133436416_609,30000142,2026-02-16T23:57:53Z,609,1,
133436417_601,30000142,2026-02-16T23:58:02Z,601,1,
133436418_588,30000142,2026-02-16T23:58:02Z,588,1,
133436419_584,30000142,2026-02-16T23:58:02Z,584,1,
133436420_606,30000142,2026-02-16T23:58:02Z,606,1,
133436421_32880,30000142,2026-02-16T23:58:02Z,32880,1,
133436422_596,30000142,2026-02-16T23:58:02Z,596,1,
133436423_3766,30000142,2026-02-16T23:58:02Z,3766,1,
133436424_589,30000142,2026-02-16T23:58:02Z,589,1,
133436425_599,30000142,2026-02-16T23:58:03Z,599,1,
133436426_582,30000142,2026-02-16T23:58:03Z,582,1,
133436427_72904,30000142,2026-02-16T23:58:03Z,72904,1,
133436428_594,30000142,2026-02-16T23:58:03Z,594,1,
133436429_591,30000142,2026-02-16T23:58:03Z,591,1,
133436432_587,30000142,2026-02-16T23:58:11Z,587,1,
133436433_603,30000142,2026-02-16T23:58:11Z,603,1,
133436441_670,30000142,2026-02-16T23:58:40Z,670,1,
133436442_670,30000142,2026-02-16T23:58:40Z,670,1,
133436443_670,30000142,2026-02-16T23:58:40Z,670,1,
133436444_670,30000142,2026-02-16T23:58:40Z,670,1,
133436445_670,30000142,2026-02-16T23:58:40Z,670,1,
133436446_670,30000142,2026-02-16T23:58:40Z,670,1,
133436447_670,30000142,2026-02-16T23:58:40Z,670,1,
133436448_670,30000142,2026-02-16T23:58:40Z,670,1,
133436449_670,30000142,2026-02-16T23:58:40Z,670,1,
133436450_670,30000142,2026-02-16T23:58:40Z,670,1,
133436451_670,30000142,2026-02-16T23:58:40Z,670,1,
133436452_670,30000142,2026-02-16T23:58:40Z,670,1,
133436470_670,30000142,2026-02-16T23:59:40Z,670,1,
133436471_670,30000142,2026-02-16T23:59:40Z,670,1,
133436472_670,30000142,2026-02-16T23:59:40Z,670,1,
133436473_670,30000142,2026-02-16T23:59:40Z,670,1,
133436474_670,30000142,2026-02-16T23:59:40Z,670,1,
133436475_670,30000142,2026-02-16T23:59:40Z,670,1,
133436476_670,30000142,2026-02-16T23:59:40Z,670,1,
133436477_670,30000142,2026-02-16T23:59:40Z,670,1,
133436478_670,30000142,2026-02-16T23:59:40Z,670,1,
133436498_17476,30000142,2026-02-16T23:59:49Z,17476,1,
