duration,is_buy_order,issued,location_id,min_volume,order_id,price,range,type_id,volume_remain,volume_total
90,False,2026-08-22 16:45:01+00:00,60004462,1,7406095616,325000.0,region,2466,462,500
365,False,2026-07-24 11:09:24+00:00,60005596,1,1256544418,1250000.0,region,25951,1,1
365,False,2026-08-06 11:06:20+00:00,60001537,1,911223601,296960.0,region,11629,41,41
365,False,2026-07-21 11:05:58+00:00,60001540,1,911223602,296960.0,region,11629,41,41
365,False,2026-08-12 07:02:47+00:00,60001543,1,911223603,296960.0,region,11629,41,41
365,False,2026-08-29 11:05:04+00:00,60001546,1,911223604,296960.0,region,11629,41,41
90,False,2026-06-14 16:01:23+00:00,60001543,1,7289527469,3998000.0,region,2466,20,25
365,False,2026-08-13 11:06:30+00:00,60001537,1,911223841,249600.0,region,25562,41,41
365,False,2026-06-12 11:11:05+00:00,60001540,1,911223842,249600.0,region,25562,41,41
365,False,2026-09-02 22:19:48+00:00,60001543,1,911223843,249600.0,region,25562,41,41
365,False,2026-08-29 11:05:04+00:00,60001546,1,911223844,249600.0,region,25562,41,41
365,False,2026-08-24 00:53:10+00:00,60005596,1,1256545460,1250000.0,region,25955,1,1
365,False,2026-09-03 13:43:10+00:00,60005593,1,1256545980,1250000.0,region,25957,1,1
365,False,2026-09-03 05:57:37+00:00,60005608,1,1256545983,1250000.0,region,25957,1,1
90,False,2026-06-14 16:02:52+00:00,60001543,1,7289528107,3998000.0,region,2488,20,25
365,False,2026-09-01 21:13:25+00:00,60005608,1,911312496,282640.0,region,11859,1,1
90,False,2026-09-03 11:38:37+00:00,60004462,1,7414501094,5000000.0,region,30532,1,1
90,False,2026-08-19 15:37:23+00:00,60004462,1,7404015713,9000000.0,region,11446,7,8
90,False,2026-06-14 16:05:00+00:00,60001540,1,7044357096,3998000.0,region,2456,7,20
365,False,2026-09-03 11:16:25+00:00,60004462,1,4959789175,1000000.0,region,45746,595,595
365,False,2026-09-03 11:16:25+00:00,60004462,1,4959789343,5000000.0,region,45748,595,595
90,False,2026-06-14 16:06:08+00:00,60001540,1,7044358446,3998000.0,region,2488,20,20
365,False,2026-09-03 07:21:54+00:00,60004462,1,4959789679,15000000.0,region,45750,595,595
90,False,2026-08-21 07:20:27+00:00,60004462,1,7405070499,38000000.0,region,41405,5,7
365,False,2026-08-20 11:06:59+00:00,60005599,1,1256549031,1250000.0,region,26039,37,37
365,False,2026-09-03 13:42:29+00:00,60005593,1,1256549293,1250000.0,region,26043,37,37
365,False,2026-07-27 11:04:55+00:00,60005599,1,1256549295,1250000.0,region,26043,37,37
365,False,2026-08-26 12:58:33+00:00,60005608,1,1256549296,1250000.0,region,26043,37,37
365,False,2026-09-03 13:42:17+00:00,60005593,1,1256549557,1250000.0,region,26049,37,37
365,False,2026-08-20 11:06:59+00:00,60005599,1,1256549559,1250000.0,region,26049,37,37
365,False,2026-09-03 06:29:08+00:00,60004462,1,1378913628,15000000.0,region,32435,1190,1190
90,False,2026-08-22 10:23:47+00:00,60005608,1,7344264109,1089.0,region,20,60027,60027
365,False,2026-08-28 14:48:17+00:00,60005596,1,1256549954,1250000.0,region,26061,37,37
365,False,2026-08-26 13:16:55+00:00,60005608,1,1256550088,1250000.0,region,26063,37,37
90,False,2026-06-17 21:19:44+00:00,60005599,1,7358948960,2789000.0,region,17368,1,1
90,False,2026-08-18 01:01:42+00:00,60004462,1,7402989422,127900.0,region,17215,1,1
90,False,2026-08-18 01:01:55+00:00,60004462,1,7402989512,119800.0,region,15646,1,1
90,False,2026-08-18 01:02:07+00:00,60004462,1,7402989553,14900.0,region,15589,1,1
90,False,2026-08-18 01:02:35+00:00,60004462,1,7402989720,59900.0,region,5365,1,1
90,False,2026-08-18 01:02:50+00:00,60004462,1,7402989794,10480.0,region,5141,1,1
90,False,2026-08-18 01:03:06+00:00,60004462,1,7402989920,5246.0,region,19660,2,2
90,False,2026-08-18 01:03:20+00:00,60004462,1,7402990051,39800.0,region,16435,1,1
90,False,2026-08-18 01:10:28+00:00,60004462,1,7402992716,598900.0,region,53386,1,1
90,False,2026-08-03 04:56:21+00:00,60004462,1,7392506961,2000000.0,region,12213,3,4
90,False,2026-08-18 01:10:59+00:00,60004462,1,7402992909,850000.0,region,53385,1,1
365,False,2026-09-03 13:48:09+00:00,60005593,1,911313481,322560.0,region,12057,2,2
365,False,2026-09-01 18:51:50+00:00,60004462,1,4463842460,5000000.0,region,37796,595,595
365,False,2026-09-01 18:51:12+00:00,60004462,1,4463842628,5000000.0,region,37797,595,595
365,False,2026-09-01 18:52:03+00:00,60004462,1,4463842796,5000000.0,region,37798,595,595
365,False,2026-09-01 18:51:56+00:00,60004462,1,4463842964,5000000.0,region,37799,595,595
365,False,2026-08-14 06:11:07+00:00,60005593,1,4463843267,15000000.0,region,41221,2,2
365,False,2026-08-01 11:04:53+00:00,60005596,1,4463843268,15000000.0,region,41221,2,2
365,False,2026-07-05 11:03:44+00:00,60005599,1,4463843269,15000000.0,region,41221,2,2
365,False,2026-06-07 11:03:52+00:00,60005599,1,4463843822,1500000.0,region,41230,8079,8079
365,False,2026-08-24 15:59:22+00:00,60005608,1,4463843825,1500000.0,region,41230,8079,8079
365,False,2026-07-19 11:03:50+00:00,60005593,1,4908447288,10000000.0,region,45656,27777,27777
365,False,2026-06-17 10:22:52+00:00,60005596,1,4908447289,10000000.0,region,45656,27777,27777
365,False,2026-08-15 11:05:22+00:00,60005599,1,4908447290,10000000.0,region,45656,27777,27777
365,False,2026-08-30 22:29:38+00:00,60005608,1,4908447293,10000000.0,region,45656,27777,27777
365,False,2026-08-31 11:05:27+00:00,60005593,1,4908447438,10000000.0,region,45657,27777,27777
365,False,2026-08-22 11:05:20+00:00,60005596,1,4908447439,10000000.0,region,45657,27777,27777
365,False,2026-07-26 04:36:41+00:00,60005599,1,4908447440,10000000.0,region,45657,27777,27777
365,False,2026-09-03 16:01:44+00:00,60005608,1,4908447443,10000000.0,region,45657,27777,27777
365,False,2026-08-31 11:05:27+00:00,60005593,1,4908447588,10000000.0,region,45658,27777,27777
365,False,2026-07-16 20:02:40+00:00,60005596,1,4908447589,10000000.0,region,45658,27777,27777
365,False,2026-06-29 09:25:35+00:00,60005599,1,4908447590,10000000.0,region,45658,27777,27777
365,False,2026-08-30 22:29:42+00:00,60005608,1,4908447593,10000000.0,region,45658,27777,27777
365,False,2026-09-03 00:48:51+00:00,60005593,1,4908447738,10000000.0,region,45659,27777,27777
365,False,2026-07-16 20:02:40+00:00,60005596,1,4908447739,10000000.0,region,45659,27777,27777
365,False,2026-07-26 04:36:47+00:00,60005599,1,4908447740,10000000.0,region,45659,27777,27777
365,False,2026-09-03 08:20:21+00:00,60005608,1,4908447743,10000000.0,region,45659,27777,27777
90,False,2026-07-25 07:04:54+00:00,60004462,1,7386234815,99000000.0,region,20527,1,3
90,False,2026-07-25 07:07:47+00:00,60004462,1,7386236072,10000000.0,region,12484,2,4
365,False,2026-09-03 15:41:33+00:00,60004462,1,1035012025,15000000.0,region,3408,595,595
365,False,2026-09-02 21:15:58+00:00,60004462,1,7189105230,100000.0,region,89241,694,694
365,False,2026-09-03 15:09:47+00:00,60004462,1,7189105712,20000000.0,region,90728,694,694
365,False,2026-08-07 21:27:01+00:00,60005596,1,1035013415,10000000.0,region,29993,27777,27777
365,False,2026-08-14 07:56:31+00:00,60005599,1,1035013416,10000000.0,region,29993,27777,27777
365,False,2026-08-30 22:29:03+00:00,60005608,1,1035013419,10000000.0,region,29993,27777,27777
365,False,2026-08-07 21:27:02+00:00,60005596,1,1035013565,10000000.0,region,29995,27777,27777
365,False,2026-08-14 07:56:32+00:00,60005599,1,1035013566,10000000.0,region,29995,27777,27777
365,False,2026-09-02 19:13:15+00:00,60005608,1,1035013569,10000000.0,region,29995,27777,27777
365,False,2026-09-03 00:48:51+00:00,60005593,1,1035013714,10000000.0,region,29997,27777,27777
365,False,2026-08-22 11:05:20+00:00,60005596,1,1035013715,10000000.0,region,29997,27777,27777
365,False,2026-07-26 04:35:35+00:00,60005599,1,1035013716,10000000.0,region,29997,27777,27777
365,False,2026-09-03 15:53:04+00:00,60005608,1,1035013719,10000000.0,region,29997,27777,27777
365,False,2026-08-18 16:20:48+00:00,60005593,1,1035013864,10000000.0,region,30003,27777,27777
365,False,2026-08-07 21:27:01+00:00,60005596,1,1035013865,10000000.0,region,30003,27777,27777
365,False,2026-08-14 07:56:31+00:00,60005599,1,1035013866,10000000.0,region,30003,27777,27777
365,False,2026-09-03 15:53:26+00:00,60005608,1,1035013869,10000000.0,region,30003,27777,27777
365,False,2026-09-03 00:48:51+00:00,60005593,1,1035014014,10000000.0,region,30009,27777,27777
365,False,2026-08-16 11:05:15+00:00,60005596,1,1035014015,10000000.0,region,30009,27777,27777
365,False,2026-08-30 22:29:12+00:00,60005608,1,1035014019,10000000.0,region,30009,27777,27777
365,False,2026-08-18 16:20:48+00:00,60005593,1,1035016839,10000000.0,region,30465,27777,27777
365,False,2026-08-07 21:27:01+00:00,60005596,1,1035016840,10000000.0,region,30465,27777,27777
365,False,2026-08-14 07:56:31+00:00,60005599,1,1035016841,10000000.0,region,30465,27777,27777
365,False,2026-09-03 15:53:37+00:00,60005608,1,1035016844,10000000.0,region,30465,27777,27777
365,False,2026-09-03 00:48:51+00:00,60005593,1,1035016989,10000000.0,region,30467,27777,27777
365,False,2026-08-07 21:27:01+00:00,60005596,1,1035016990,10000000.0,region,30467,27777,27777
365,False,2026-09-03 15:54:07+00:00,60005608,1,1035016994,10000000.0,region,30467,27777,27777
365,False,2026-08-18 16:20:48+00:00,60005593,1,1035017139,10000000.0,region,30471,27777,27777
365,False,2026-08-22 11:05:20+00:00,60005596,1,1035017140,10000000.0,region,30471,27777,27777
365,False,2026-09-03 15:54:24+00:00,60005608,1,1035017144,10000000.0,region,30471,27777,27777
365,False,2026-08-18 16:20:48+00:00,60005593,1,1035017289,10000000.0,region,30475,27777,27777
365,False,2026-07-24 14:45:04+00:00,60005596,1,1035017290,10000000.0,region,30475,27777,27777
365,False,2026-08-14 07:56:31+00:00,60005599,1,1035017291,10000000.0,region,30475,27777,27777
365,False,2026-09-03 15:56:46+00:00,60005608,1,1035017294,10000000.0,region,30475,27777,27777
365,False,2026-08-18 16:20:48+00:00,60005593,1,1035017439,10000000.0,region,30477,27777,27777
365,False,2026-08-07 21:27:01+00:00,60005596,1,1035017440,10000000.0,region,30477,27777,27777
365,False,2026-08-15 11:05:22+00:00,60005599,1,1035017441,10000000.0,region,30477,27777,27777
365,False,2026-09-03 15:59:16+00:00,60005608,1,1035017444,10000000.0,region,30477,27777,27777
365,False,2026-08-31 11:05:27+00:00,60005593,1,1035017589,10000000.0,region,30479,27777,27777
365,False,2026-08-07 21:27:01+00:00,60005596,1,1035017590,10000000.0,region,30479,27777,27777
365,False,2026-08-14 07:56:31+00:00,60005599,1,1035017591,10000000.0,region,30479,27777,27777
365,False,2026-08-30 22:29:08+00:00,60005608,1,1035017594,10000000.0,region,30479,27777,27777
90,False,2026-08-12 06:46:20+00:00,60004462,1,7398829596,15000000.0,region,12215,1,2
90,False,2026-09-01 21:24:35+00:00,60001543,1,7413520686,14120000.0,region,33475,2,2
90,False,2026-06-08 16:59:56+00:00,60001540,1,7351659280,1700000.0,region,12543,3,3
90,False,2026-06-08 17:02:12+00:00,60001540,1,7351660419,370000.0,region,15628,5,5
90,False,2026-06-08 17:03:04+00:00,60001540,1,7351660834,104000.0,region,15627,3,3
90,False,2026-06-08 17:04:19+00:00,60001540,1,7351661590,160000.0,region,15630,1,1
90,False,2026-06-08 17:05:08+00:00,60001540,1,7351662203,189000.0,region,15591,2,2
365,False,2026-09-03 12:52:00+00:00,60005593,1,911308531,309.1,region,43,21822,21822
365,False,2026-09-03 12:52:00+00:00,60005596,1,911308532,309.1,region,43,21822,21822
365,False,2026-09-03 12:52:00+00:00,60005599,1,911308533,309.1,region,43,21822,21822
365,False,2026-09-03 12:52:00+00:00,60005608,1,911308536,309.1,region,43,21822,21822
365,False,2026-09-03 13:46:02+00:00,60005593,1,911308711,60000.0,region,786,1,1
365,False,2026-06-28 11:03:55+00:00,60005596,1,911308712,60000.0,region,786,1,1
365,False,2026-08-31 11:05:27+00:00,60005599,1,911308713,60000.0,region,786,1,1
365,False,2026-09-01 02:04:21+00:00,60005608,1,911308716,60000.0,region,786,1,1
365,False,2026-09-03 10:29:09+00:00,60004462,1,3159455694,5000000.0,region,33399,119,119
365,False,2026-07-29 11:18:59+00:00,60005593,1,911308801,160000.0,region,812,2,2
365,False,2026-07-04 08:43:40+00:00,60005596,1,911308802,160000.0,region,812,2,2
365,False,2026-08-10 01:08:34+00:00,60005608,1,911308806,160000.0,region,812,2,2
365,False,2026-07-25 11:09:14+00:00,60005596,1,911308892,20000.0,region,819,7,7
365,False,2026-07-27 11:04:55+00:00,60005599,1,911308893,20000.0,region,819,7,7
365,False,2026-09-02 23:09:26+00:00,60005608,1,911308896,20000.0,region,819,7,7
365,False,2026-09-03 13:12:57+00:00,60004462,1,3159455862,36000000.0,region,33407,119,119
365,False,2026-09-03 13:46:19+00:00,60005593,1,911308981,60000.0,region,820,7,7
365,False,2026-09-01 11:30:12+00:00,60005596,1,911308982,60000.0,region,820,7,7
365,False,2026-07-27 11:04:55+00:00,60005599,1,911308983,60000.0,region,820,7,7
365,False,2026-09-03 12:54:10+00:00,60005608,1,911308986,60000.0,region,820,7,7
365,False,2026-06-29 17:54:09+00:00,60005599,1,911309073,90000.0,region,821,7,7
365,False,2026-09-03 13:45:55+00:00,60005593,1,911309161,600000.0,region,825,7,7
365,False,2026-08-11 11:10:39+00:00,60005596,1,911309162,600000.0,region,825,7,7
365,False,2026-08-27 11:12:28+00:00,60005599,1,911309163,600000.0,region,825,7,7
365,False,2026-09-03 12:56:16+00:00,60005608,1,911309166,600000.0,region,825,7,7
365,False,2026-07-28 13:06:38+00:00,60005599,1,911309253,20000.0,region,879,3,3
365,False,2026-08-30 01:55:49+00:00,60005593,1,911309341,30000.0,region,880,7,7
365,False,2026-08-06 11:06:20+00:00,60005596,1,911309342,30000.0,region,880,7,7
365,False,2026-08-31 22:47:54+00:00,60005599,1,911309343,30000.0,region,880,7,7
365,False,2026-09-01 19:39:11+00:00,60005608,1,911309346,30000.0,region,880,7,7
365,False,2026-08-13 23:23:57+00:00,60005593,1,911309431,40000.0,region,881,7,7
365,False,2026-08-12 17:42:03+00:00,60005596,1,911309432,40000.0,region,881,7,7
365,False,2026-09-01 19:39:21+00:00,60005608,1,911309436,40000.0,region,881,7,7
365,False,2026-07-05 19:55:23+00:00,60005593,1,911309521,50000.0,region,882,7,7
365,False,2026-06-21 11:03:49+00:00,60005596,1,911309522,50000.0,region,882,7,7
365,False,2026-08-06 20:29:33+00:00,60005599,1,911309523,50000.0,region,882,7,7
365,False,2026-09-03 12:53:50+00:00,60005608,1,911309526,50000.0,region,882,7,7
365,False,2026-08-31 18:28:31+00:00,60005593,1,911309611,60000.0,region,883,7,7
365,False,2026-08-26 11:27:29+00:00,60005596,1,911309612,60000.0,region,883,7,7
365,False,2026-08-13 14:38:15+00:00,60005593,1,911309701,70000.0,region,884,7,7
365,False,2026-09-02 18:19:56+00:00,60005608,1,911309706,70000.0,region,884,7,7
365,False,2026-07-26 15:22:46+00:00,60005593,1,911309791,80000.0,region,885,7,7
365,False,2026-08-26 11:27:29+00:00,60005596,1,911309792,80000.0,region,885,7,7
365,False,2026-08-21 04:25:32+00:00,60005599,1,911309793,80000.0,region,885,7,7
365,False,2026-09-03 15:13:24+00:00,60005608,1,911309796,80000.0,region,885,7,7
365,False,2026-08-04 04:03:53+00:00,60005593,1,911309881,100000.0,region,886,7,7
365,False,2026-07-19 20:31:08+00:00,60005596,1,911309882,100000.0,region,886,7,7
365,False,2026-08-31 21:56:15+00:00,60005599,1,911309883,100000.0,region,886,7,7
365,False,2026-08-03 11:04:45+00:00,60005593,1,911309971,80000.0,region,887,7,7
365,False,2026-06-30 11:03:50+00:00,60005596,1,911309972,80000.0,region,887,7,7
365,False,2026-07-09 17:24:09+00:00,60005599,1,911309973,80000.0,region,887,7,7
365,False,2026-08-29 23:19:47+00:00,60005608,1,911309976,80000.0,region,887,7,7
365,False,2026-06-21 11:03:49+00:00,60005596,1,911310062,165000.0,region,889,11,11
365,False,2026-07-09 17:25:11+00:00,60005599,1,911310063,165000.0,region,889,11,11
365,False,2026-07-05 19:57:31+00:00,60005593,1,911310151,235000.0,region,891,7,7
365,False,2026-06-20 05:48:22+00:00,60005596,1,911310152,235000.0,region,891,7,7
365,False,2026-09-02 14:03:05+00:00,60005608,1,911310156,235000.0,region,891,7,7
365,False,2026-08-07 18:09:13+00:00,60005593,1,911310241,325000.0,region,893,11,11
365,False,2026-09-01 11:30:12+00:00,60005596,1,911310242,325000.0,region,893,11,11
365,False,2026-07-19 16:51:39+00:00,60005599,1,911310243,325000.0,region,893,11,11
365,False,2026-09-03 14:49:22+00:00,60005608,1,911310246,325000.0,region,893,11,11
365,False,2026-08-24 02:34:10+00:00,60005593,1,911310331,2800000.0,region,945,7,7
365,False,2026-08-12 11:06:30+00:00,60005596,1,911310332,2800000.0,region,945,7,7
365,False,2026-09-03 12:10:58+00:00,60005608,1,911310336,2800000.0,region,945,7,7
365,False,2026-09-03 13:47:20+00:00,60005593,1,911310421,316360.0,region,1067,4,4
365,False,2026-08-07 23:52:00+00:00,60005596,1,911310422,316360.0,region,1067,4,4
365,False,2026-09-03 16:18:17+00:00,60005599,1,911310423,316360.0,region,1067,4,4
365,False,2026-09-03 12:58:52+00:00,60005608,1,911310426,316360.0,region,1067,4,4
365,False,2026-09-03 13:48:00+00:00,60005593,1,911310511,64500.0,region,1072,2,2
365,False,2026-08-11 21:04:44+00:00,60005596,1,911310512,64500.0,region,1072,2,2
365,False,2026-09-03 16:18:02+00:00,60005599,1,911310513,64500.0,region,1072,2,2
365,False,2026-09-03 13:44:43+00:00,60005608,1,911310516,64500.0,region,1072,2,2
365,False,2026-09-03 13:49:08+00:00,60005593,1,911310601,395040.0,region,1106,8,8
365,False,2026-07-09 11:04:57+00:00,60005596,1,911310602,395040.0,region,1106,8,8
365,False,2026-07-27 11:04:55+00:00,60005599,1,911310603,395040.0,region,1106,8,8
365,False,2026-09-01 01:23:57+00:00,60005608,1,911310606,395040.0,region,1106,8,8
365,False,2026-07-09 11:04:57+00:00,60005596,1,911310692,199680.0,region,1109,2,2
365,False,2026-06-09 11:08:49+00:00,60005599,1,911310693,199680.0,region,1109,2,2
365,False,2026-08-26 07:18:21+00:00,60005608,1,911310696,199680.0,region,1109,2,2
365,False,2026-09-03 13:50:01+00:00,60005593,1,911310871,29440.0,region,1208,79,79
365,False,2026-07-06 11:03:41+00:00,60005596,1,911310872,29440.0,region,1208,79,79
365,False,2026-09-03 13:05:42+00:00,60005608,1,911310876,29440.0,region,1208,79,79
365,False,2026-09-03 13:47:11+00:00,60005593,1,911310961,249980.0,region,1245,18,18
365,False,2026-07-09 11:04:57+00:00,60005596,1,911310962,249980.0,region,1245,18,18
365,False,2026-07-27 11:04:55+00:00,60005599,1,911310963,249980.0,region,1245,18,18
365,False,2026-08-31 16:03:25+00:00,60005608,1,911310966,249980.0,region,1245,18,18
365,False,2026-09-03 13:48:38+00:00,60005593,1,911311051,16640.0,region,1318,18,18
365,False,2026-08-07 23:50:51+00:00,60005596,1,911311052,16640.0,region,1318,18,18
365,False,2026-08-04 03:18:34+00:00,60005599,1,911311053,16640.0,region,1318,18,18
365,False,2026-09-03 13:48:27+00:00,60005593,1,911311141,125000.0,region,1334,18,18
365,False,2026-06-27 01:23:50+00:00,60005596,1,911311142,125000.0,region,1334,18,18
365,False,2026-08-25 09:05:06+00:00,60005599,1,911311143,125000.0,region,1334,18,18
365,False,2026-09-01 09:33:07+00:00,60005608,1,911311146,125000.0,region,1334,18,18
365,False,2026-09-03 13:47:05+00:00,60005593,1,911311231,54380.0,region,1404,18,18
365,False,2026-07-31 10:07:34+00:00,60005596,1,911311232,54380.0,region,1404,18,18
365,False,2026-09-02 17:24:08+00:00,60005608,1,911311236,54380.0,region,1404,18,18
365,False,2026-09-03 13:48:45+00:00,60005593,1,911311321,50000.0,region,2047,27,27
365,False,2026-07-31 11:28:54+00:00,60005596,1,911311322,50000.0,region,2047,27,27
365,False,2026-09-03 16:14:29+00:00,60005608,1,911311326,50000.0,region,2047,27,27
365,False,2026-08-12 01:30:29+00:00,60005593,1,911311411,300000.0,region,2465,5,5
365,False,2026-09-03 07:08:48+00:00,60005608,1,911311416,300000.0,region,2465,5,5
365,False,2026-09-03 13:48:34+00:00,60005593,1,911311501,16640.0,region,2604,18,18
365,False,2026-08-12 17:50:23+00:00,60005596,1,911311502,16640.0,region,2604,18,18
365,False,2026-08-11 20:33:59+00:00,60005599,1,911311503,16640.0,region,2604,18,18
365,False,2026-06-20 00:01:31+00:00,60005593,1,911311861,19986000.0,region,10247,1,1
365,False,2026-08-10 11:05:15+00:00,60005599,1,911311863,19986000.0,region,10247,1,1
365,False,2026-08-28 04:58:28+00:00,60005608,1,911311866,19986000.0,region,10247,1,1
365,False,2026-09-02 11:08:41+00:00,60005593,1,911311951,50000.0,region,11133,58,58
365,False,2026-06-11 14:37:09+00:00,60005596,1,911311952,50000.0,region,11133,58,58
365,False,2026-07-31 12:59:51+00:00,60005599,1,911311953,50000.0,region,11133,58,58
365,False,2026-08-30 17:28:58+00:00,60005608,1,911311956,50000.0,region,11133,58,58
365,False,2026-09-03 13:49:56+00:00,60005593,1,911312041,149960.0,region,11619,27,27
365,False,2026-07-25 11:09:14+00:00,60005596,1,911312042,149960.0,region,11619,27,27
365,False,2026-07-27 11:04:55+00:00,60005599,1,911312043,149960.0,region,11619,27,27
365,False,2026-09-03 13:44:32+00:00,60005608,1,911312046,149960.0,region,11619,27,27
365,False,2026-09-03 13:45:41+00:00,60005593,1,911312131,99000.0,region,11621,111,111
365,False,2026-09-02 22:22:15+00:00,60005596,1,911312132,99000.0,region,11621,111,111
365,False,2026-08-30 00:07:30+00:00,60005599,1,911312133,99000.0,region,11621,111,111
365,False,2026-09-03 12:52:52+00:00,60005608,1,911312136,99000.0,region,11621,111,111
365,False,2026-09-03 13:50:21+00:00,60005593,1,911312311,296960.0,region,11629,18,18
365,False,2026-07-27 11:04:55+00:00,60005599,1,911312313,296960.0,region,11629,18,18
365,False,2026-08-31 16:06:50+00:00,60005608,1,911312316,296960.0,region,11629,18,18
365,False,2026-09-03 13:50:31+00:00,60005593,1,911312401,200000.0,region,11632,111,111
365,False,2026-06-17 11:13:07+00:00,60005596,1,911312402,200000.0,region,11632,111,111
365,False,2026-07-27 11:04:55+00:00,60005599,1,911312403,200000.0,region,11632,111,111
365,False,2026-08-31 16:06:56+00:00,60005608,1,911312406,200000.0,region,11632,111,111
365,False,2026-09-03 13:51:15+00:00,60005593,1,911312491,282640.0,region,11859,1,1
365,False,2026-09-01 00:23:34+00:00,60005596,1,911312492,282640.0,region,11859,1,1
365,False,2026-06-30 11:03:50+00:00,60005599,1,911312493,282640.0,region,11859,1,1
365,False,2026-09-03 13:51:08+00:00,60005593,1,911312581,282640.0,region,11870,1,1
365,False,2026-06-08 08:31:54+00:00,60005596,1,911312582,282640.0,region,11870,1,1
365,False,2026-06-15 11:04:18+00:00,60005599,1,911312583,282640.0,region,11870,1,1
365,False,2026-09-01 21:13:20+00:00,60005608,1,911312586,282640.0,region,11870,1,1
365,False,2026-09-03 13:51:00+00:00,60005593,1,911312671,364560.0,region,11872,1,1
365,False,2026-09-01 00:23:15+00:00,60005596,1,911312672,364560.0,region,11872,1,1
365,False,2026-06-19 11:05:10+00:00,60005599,1,911312673,364560.0,region,11872,1,1
365,False,2026-09-02 19:32:43+00:00,60005608,1,911312676,364560.0,region,11872,1,1
365,False,2026-09-03 13:51:04+00:00,60005593,1,911312761,364560.0,region,11873,1,1
365,False,2026-07-15 11:05:18+00:00,60005599,1,911312763,364560.0,region,11873,1,1
365,False,2026-09-03 13:50:46+00:00,60005593,1,911312851,586240.0,region,11877,111,111
365,False,2026-08-17 11:34:29+00:00,60005596,1,911312852,586240.0,region,11877,111,111
365,False,2026-08-16 11:05:15+00:00,60005599,1,911312853,586240.0,region,11877,111,111
365,False,2026-09-01 21:13:58+00:00,60005608,1,911312856,586240.0,region,11877,111,111
365,False,2026-09-03 13:51:21+00:00,60005593,1,911312941,282640.0,region,11887,1,1
365,False,2026-09-01 00:23:42+00:00,60005596,1,911312942,282640.0,region,11887,1,1
365,False,2026-08-05 11:06:25+00:00,60005599,1,911312943,282640.0,region,11887,1,1
365,False,2026-09-01 21:13:30+00:00,60005608,1,911312946,282640.0,region,11887,1,1
365,False,2026-09-01 00:23:50+00:00,60005596,1,911313032,282640.0,region,11889,1,1
365,False,2026-09-02 11:08:41+00:00,60005599,1,911313033,282640.0,region,11889,1,1
365,False,2026-09-01 21:13:35+00:00,60005608,1,911313036,282640.0,region,11889,1,1
365,False,2026-09-03 13:51:30+00:00,60005593,1,911313121,282640.0,region,11890,1,1
365,False,2026-09-01 00:20:36+00:00,60005596,1,911313122,282640.0,region,11890,1,1
365,False,2026-07-26 15:27:07+00:00,60005599,1,911313123,282640.0,region,11890,1,1
365,False,2026-09-03 16:02:14+00:00,60005608,1,911313126,282640.0,region,11890,1,1
365,False,2026-09-03 13:51:34+00:00,60005593,1,911313211,282640.0,region,11891,1,1
365,False,2026-09-01 00:23:56+00:00,60005596,1,911313212,282640.0,region,11891,1,1
365,False,2026-09-01 21:13:07+00:00,60005608,1,911313216,282640.0,region,11891,1,1
365,False,2026-09-03 13:47:25+00:00,60005593,1,911313301,1581880.0,region,12053,4,4
365,False,2026-07-23 18:29:33+00:00,60005596,1,911313302,1581880.0,region,12053,4,4
365,False,2026-08-15 21:16:38+00:00,60005599,1,911313303,1581880.0,region,12053,4,4
365,False,2026-09-03 13:43:22+00:00,60005608,1,911313306,1581880.0,region,12053,4,4
365,False,2026-09-03 13:47:33+00:00,60005593,1,911313391,7909400.0,region,12055,4,4
365,False,2026-07-23 18:29:29+00:00,60005596,1,911313392,7909400.0,region,12055,4,4
365,False,2026-08-15 21:16:58+00:00,60005599,1,911313393,7909400.0,region,12055,4,4
365,False,2026-09-03 13:40:43+00:00,60005608,1,911313396,7909400.0,region,12055,4,4
365,False,2026-06-27 01:23:04+00:00,60005599,1,911313483,322560.0,region,12057,2,2
365,False,2026-09-03 12:53:23+00:00,60005608,1,911313486,322560.0,region,12057,2,2
365,False,2026-09-03 13:48:13+00:00,60005593,1,911313571,1612800.0,region,12067,2,2
365,False,2026-07-23 18:29:25+00:00,60005596,1,911313572,1612800.0,region,12067,2,2
365,False,2026-08-15 21:15:35+00:00,60005599,1,911313573,1612800.0,region,12067,2,2
365,False,2026-09-03 12:53:11+00:00,60005608,1,911313576,1612800.0,region,12067,2,2
365,False,2026-09-03 13:49:17+00:00,60005593,1,911313841,1975200.0,region,12258,37,37
365,False,2026-07-09 11:04:57+00:00,60005596,1,911313842,1975200.0,region,12258,37,37
365,False,2026-07-27 11:04:55+00:00,60005599,1,911313843,1975200.0,region,12258,37,37
365,False,2026-09-03 08:17:57+00:00,60005608,1,911313846,1975200.0,region,12258,37,37
365,False,2026-07-05 19:31:27+00:00,60005593,1,911313931,9876000.0,region,12262,37,37
365,False,2026-07-09 11:04:57+00:00,60005596,1,911313932,9876000.0,region,12262,37,37
365,False,2026-07-24 11:09:24+00:00,60005599,1,911313933,9876000.0,region,12262,37,37
365,False,2026-08-31 16:07:32+00:00,60005608,1,911313936,9876000.0,region,12262,37,37
365,False,2026-07-24 11:09:24+00:00,60005596,1,911314022,998400.0,region,12266,18,18
365,False,2026-07-27 11:04:55+00:00,60005599,1,911314023,998400.0,region,12266,18,18
365,False,2026-08-26 07:18:28+00:00,60005608,1,911314026,998400.0,region,12266,18,18
365,False,2026-06-08 11:04:00+00:00,60005593,1,911314111,4996740.0,region,12270,18,18
365,False,2026-07-09 11:04:57+00:00,60005596,1,911314112,4996740.0,region,12270,18,18
365,False,2026-08-23 11:05:21+00:00,60005599,1,911314113,4996740.0,region,12270,18,18
365,False,2026-09-03 08:16:16+00:00,60005608,1,911314116,4996740.0,region,12270,18,18
365,False,2026-07-18 21:56:09+00:00,60005593,1,911314201,5000000.0,region,17322,3703700,3703700
365,False,2026-08-16 11:05:15+00:00,60005596,1,911314202,5000000.0,region,17322,3703700,3703700
365,False,2026-08-19 14:27:25+00:00,60005599,1,911314203,5000000.0,region,17322,3703700,3703700
365,False,2026-09-03 15:20:15+00:00,60005608,1,911314206,5000000.0,region,17322,3703700,3703700
365,False,2026-07-26 12:41:46+00:00,60005593,1,911314291,5000000.0,region,17324,3703700,3703700
365,False,2026-07-12 19:59:59+00:00,60005596,1,911314292,5000000.0,region,17324,3703700,3703700
365,False,2026-08-19 14:28:47+00:00,60005599,1,911314293,5000000.0,region,17324,3703700,3703700
365,False,2026-07-26 12:40:04+00:00,60005593,1,911314381,5000000.0,region,17325,3703700,3703700
365,False,2026-08-27 09:13:04+00:00,60005596,1,911314382,5000000.0,region,17325,3703700,3703700
365,False,2026-09-03 10:01:05+00:00,60005608,1,911314386,5000000.0,region,17325,3703700,3703700
365,False,2026-07-18 21:55:53+00:00,60005593,1,911314471,5000000.0,region,17326,3703700,3703700
365,False,2026-07-12 23:59:24+00:00,60005596,1,911314472,5000000.0,region,17326,3703700,3703700
365,False,2026-08-19 14:27:47+00:00,60005599,1,911314473,5000000.0,region,17326,3703700,3703700
365,False,2026-09-02 21:08:52+00:00,60005608,1,911314476,5000000.0,region,17326,3703700,3703700
365,False,2026-08-08 08:49:24+00:00,60005593,1,911314561,5000000.0,region,17333,3703700,3703700
365,False,2026-07-12 19:59:59+00:00,60005596,1,911314562,5000000.0,region,17333,3703700,3703700
365,False,2026-08-19 14:28:29+00:00,60005599,1,911314563,5000000.0,region,17333,3703700,3703700
365,False,2026-09-02 21:08:41+00:00,60005608,1,911314566,5000000.0,region,17333,3703700,3703700
365,False,2026-07-12 19:59:59+00:00,60005596,1,911314652,5000000.0,region,17342,3703700,3703700
365,False,2026-08-19 14:28:20+00:00,60005599,1,911314653,5000000.0,region,17342,3703700,3703700
365,False,2026-09-02 21:08:58+00:00,60005608,1,911314656,5000000.0,region,17342,3703700,3703700
365,False,2026-07-28 20:48:08+00:00,60005593,1,911314741,5000000.0,region,17346,3703700,3703700
365,False,2026-07-12 19:59:59+00:00,60005596,1,911314742,5000000.0,region,17346,3703700,3703700
365,False,2026-08-19 14:27:32+00:00,60005599,1,911314743,5000000.0,region,17346,3703700,3703700
365,False,2026-09-02 21:08:19+00:00,60005608,1,911314746,5000000.0,region,17346,3703700,3703700
365,False,2026-07-30 16:50:51+00:00,60005593,1,911314831,5000000.0,region,17347,3703700,3703700
365,False,2026-07-12 19:59:59+00:00,60005596,1,911314832,5000000.0,region,17347,3703700,3703700
365,False,2026-08-19 14:28:40+00:00,60005599,1,911314833,5000000.0,region,17347,3703700,3703700
365,False,2026-09-02 21:08:25+00:00,60005608,1,911314836,5000000.0,region,17347,3703700,3703700
365,False,2026-07-18 21:55:19+00:00,60005593,1,911314921,5000000.0,region,17355,3703700,3703700
365,False,2026-07-12 19:59:59+00:00,60005596,1,911314922,5000000.0,region,17355,3703700,3703700
365,False,2026-08-19 14:27:10+00:00,60005599,1,911314923,5000000.0,region,17355,3703700,3703700
365,False,2026-09-02 21:08:31+00:00,60005608,1,911314926,5000000.0,region,17355,3703700,3703700
90,False,2026-09-01 21:50:17+00:00,60004462,1,7413534726,19000000.0,region,20327,6,6
90,False,2026-09-01 21:51:21+00:00,60004462,1,7413535394,48000000.0,region,57317,3,3
90,False,2026-09-01 21:52:18+00:00,60004462,1,7413536013,180000000.0,region,20532,1,1
90,False,2026-07-18 21:03:14+00:00,60004462,1,7320212815,26200000.0,region,55033,4,8
90,False,2026-09-01 21:52:52+00:00,60004462,1,7413536380,88000000.0,region,20528,3,4
90,False,2026-06-14 15:59:53+00:00,60001543,1,7150344733,5998000.0,region,2185,8,15
90,False,2026-07-01 16:13:22+00:00,60004462,1,7369498085,1000000.0,region,94142,3,3
365,False,2026-06-23 11:05:04+00:00,60005596,1,911318612,2344200.0,region,22779,18,18
365,False,2026-08-11 11:10:39+00:00,60005599,1,911318613,2344200.0,region,22779,18,18
365,False,2026-08-21 04:52:27+00:00,60005608,1,911318616,2344200.0,region,22779,18,18
365,False,2026-09-03 13:50:35+00:00,60005593,1,911318791,249600.0,region,25562,18,18
365,False,2026-07-31 11:28:54+00:00,60005596,1,911318792,249600.0,region,25562,18,18
365,False,2026-07-27 11:04:55+00:00,60005599,1,911318793,249600.0,region,25562,18,18
365,False,2026-08-31 16:07:05+00:00,60005608,1,911318796,249600.0,region,25562,18,18
365,False,2026-09-03 13:53:32+00:00,60005593,1,911323831,1500000.0,region,29000,8079,8079
365,False,2026-07-22 11:06:09+00:00,60005596,1,911323832,1500000.0,region,29000,8079,8079
365,False,2026-08-24 11:05:21+00:00,60005599,1,911323833,1500000.0,region,29000,8079,8079
365,False,2026-09-03 13:54:28+00:00,60005593,1,911323921,1500000.0,region,29002,8079,8079
365,False,2026-09-02 11:08:41+00:00,60005596,1,911323922,1500000.0,region,29002,8079,8079
365,False,2026-08-24 11:05:21+00:00,60005599,1,911323923,1500000.0,region,29002,8079,8079
365,False,2026-09-01 21:53:13+00:00,60005608,1,911323926,1500000.0,region,29002,8079,8079
365,False,2026-07-27 11:04:55+00:00,60005593,1,911324011,50000000.0,region,29004,8079,8079
365,False,2026-06-17 11:03:51+00:00,60005596,1,911324012,50000000.0,region,29004,8079,8079
365,False,2026-06-23 11:05:04+00:00,60005599,1,911324013,50000000.0,region,29004,8079,8079
365,False,2026-08-24 15:59:33+00:00,60005608,1,911324016,50000000.0,region,29004,8079,8079
365,False,2026-09-03 13:53:25+00:00,60005593,1,911324101,1500000.0,region,29006,8079,8079
365,False,2026-08-29 11:05:04+00:00,60005596,1,911324102,1500000.0,region,29006,8079,8079
365,False,2026-06-30 11:03:50+00:00,60005599,1,911324103,1500000.0,region,29006,8079,8079
365,False,2026-08-24 16:00:22+00:00,60005608,1,911324106,1500000.0,region,29006,8079,8079
365,False,2026-09-03 13:54:24+00:00,60005593,1,911324191,1500000.0,region,29008,8079,8079
365,False,2026-07-12 11:03:47+00:00,60005596,1,911324192,1500000.0,region,29008,8079,8079
365,False,2026-07-14 11:05:16+00:00,60005599,1,911324193,1500000.0,region,29008,8079,8079
365,False,2026-09-01 21:53:16+00:00,60005608,1,911324196,1500000.0,region,29008,8079,8079
365,False,2026-09-03 13:54:20+00:00,60005593,1,911324281,1500000.0,region,29010,8079,8079
365,False,2026-08-23 11:05:21+00:00,60005596,1,911324282,1500000.0,region,29010,8079,8079
365,False,2026-08-29 11:05:04+00:00,60005599,1,911324283,1500000.0,region,29010,8079,8079
365,False,2026-09-01 21:53:22+00:00,60005608,1,911324286,1500000.0,region,29010,8079,8079
365,False,2026-09-03 13:53:40+00:00,60005593,1,911324371,1500000.0,region,29012,8079,8079
365,False,2026-07-14 11:05:16+00:00,60005596,1,911324372,1500000.0,region,29012,8079,8079
365,False,2026-09-02 11:08:41+00:00,60005599,1,911324373,1500000.0,region,29012,8079,8079
365,False,2026-06-26 11:04:05+00:00,60005608,1,911324376,1500000.0,region,29012,8079,8079
365,False,2026-09-03 13:53:36+00:00,60005593,1,911324461,1500000.0,region,29014,8079,8079
365,False,2026-07-27 11:04:55+00:00,60005596,1,911324462,1500000.0,region,29014,8079,8079
365,False,2026-06-30 11:03:50+00:00,60005599,1,911324463,1500000.0,region,29014,8079,8079
365,False,2026-08-03 17:54:50+00:00,60005608,1,911324466,1500000.0,region,29014,8079,8079
365,False,2026-09-03 13:54:11+00:00,60005593,1,911324551,1500000.0,region,29016,8079,8079
365,False,2026-07-14 11:05:16+00:00,60005596,1,911324552,1500000.0,region,29016,8079,8079
365,False,2026-06-30 11:03:50+00:00,60005599,1,911324553,1500000.0,region,29016,8079,8079
365,False,2026-09-01 21:53:30+00:00,60005608,1,911324556,1500000.0,region,29016,8079,8079
365,False,2026-09-03 16:48:23+00:00,60004462,1,6938548348,80000000.0,region,20526,2777,2777
90,False,2026-07-20 16:19:33+00:00,60004462,1,7383166225,47900000.0,region,55032,2,4
90,False,2026-08-10 19:10:27+00:00,60001540,1,7397846393,382000.0,region,17366,7,7
90,False,2026-08-10 19:10:34+00:00,60005608,1,7397846466,382000.0,region,17366,25,25
90,False,2026-08-10 19:10:43+00:00,60001537,1,7397846594,382000.0,region,17366,30,30
90,False,2026-08-10 19:10:51+00:00,60001546,1,7397846650,382000.0,region,17366,21,21
90,False,2026-08-10 19:11:06+00:00,60003067,1,7397846763,382000.0,region,17366,27,28
90,False,2026-08-10 19:11:14+00:00,60005593,1,7397846833,382000.0,region,17366,34,34
90,False,2026-08-10 19:11:23+00:00,60005599,1,7397846897,382000.0,region,17366,27,27
90,False,2026-08-10 19:11:30+00:00,60001486,1,7397846948,382000.0,region,17366,13,13
90,False,2026-06-07 14:35:07+00:00,60001543,1,7350796946,11930.0,region,23707,15,20
365,False,2026-09-02 02:21:10+00:00,60004462,1,5381737833,15000000.0,region,30327,595,595
365,False,2026-08-25 03:54:24+00:00,60005593,1,3819067262,125000.0,region,34267,37,37
365,False,2026-06-30 11:03:50+00:00,60005596,1,3819067263,125000.0,region,34267,37,37
365,False,2026-06-07 00:50:08+00:00,60005599,1,3819067264,125000.0,region,34267,37,37
365,False,2026-09-01 08:26:28+00:00,60005608,1,3819067267,125000.0,region,34267,37,37
365,False,2026-07-20 01:46:57+00:00,60005593,1,3819067394,750000.0,region,34269,37,37
365,False,2026-06-25 10:22:30+00:00,60005596,1,3819067395,750000.0,region,34269,37,37
365,False,2026-07-13 09:11:53+00:00,60005599,1,3819067396,750000.0,region,34269,37,37
365,False,2026-08-30 23:24:28+00:00,60005608,1,3819067399,750000.0,region,34269,37,37
365,False,2026-09-03 13:44:32+00:00,60005593,1,3819067526,1250000.0,region,34307,37,37
365,False,2026-08-28 14:48:36+00:00,60005596,1,3819067527,1250000.0,region,34307,37,37
365,False,2026-07-13 09:13:08+00:00,60005599,1,3819067528,1250000.0,region,34307,37,37
365,False,2026-09-02 20:06:49+00:00,60005608,1,3819067531,1250000.0,region,34307,37,37
365,False,2026-07-12 11:03:47+00:00,60005593,1,3819067658,50000000.0,region,34309,37,37
365,False,2026-08-24 11:05:21+00:00,60005596,1,3819067659,50000000.0,region,34309,37,37
365,False,2026-08-15 11:05:22+00:00,60005599,1,3819067660,50000000.0,region,34309,37,37
365,False,2026-07-05 11:03:44+00:00,60005608,1,3819067663,50000000.0,region,34309,37,37
90,False,2026-07-20 16:38:07+00:00,60004462,1,7383178621,7000000.0,region,11445,8,8
365,False,2026-09-03 06:56:31+00:00,60004462,1,6370256943,250000000.0,region,73912,208,208
365,False,2026-09-03 16:58:49+00:00,60004462,1,6370256964,500000000.0,region,73910,138,138
365,False,2026-09-03 14:16:41+00:00,60004462,1,6215070041,20000000.0,region,58956,833,833
365,False,2026-07-24 11:09:24+00:00,60005596,1,1249480243,750000.0,region,31707,37,37
90,False,2026-06-30 04:19:26+00:00,60004462,1,7368509610,45000000.0,region,19719,1,3
90,False,2026-08-06 21:42:13+00:00,60004462,1,7394935220,9994000.0,region,12485,5,5
90,False,2026-08-06 21:43:21+00:00,60004462,1,7394935719,1999000.0,region,12201,18,19
365,False,2026-09-03 07:11:26+00:00,60004462,1,4355957789,20000000.0,region,37615,595,595
365,False,2026-09-03 13:53:07+00:00,60005593,1,4355958760,1500000.0,region,40336,8079,8079
365,False,2026-08-13 11:06:30+00:00,60005596,1,4355958761,1500000.0,region,40336,8079,8079
365,False,2026-08-24 11:05:21+00:00,60005599,1,4355958762,1500000.0,region,40336,8079,8079
365,False,2026-08-24 16:00:03+00:00,60005608,1,4355958765,1500000.0,region,40336,8079,8079
365,False,2026-09-03 13:52:58+00:00,60005593,1,4355959467,1500000.0,region,40337,8079,8079
365,False,2026-08-13 11:06:30+00:00,60005596,1,4355959468,1500000.0,region,40337,8079,8079
365,False,2026-07-04 11:03:44+00:00,60005599,1,4355959469,1500000.0,region,40337,8079,8079
365,False,2026-08-24 15:59:49+00:00,60005608,1,4355959472,1500000.0,region,40337,8079,8079
365,False,2026-09-03 17:16:48+00:00,60004462,1,2578638199,500000.0,region,32797,595,595
90,False,2026-09-03 06:16:14+00:00,60004462,1,7366439086,129900000.0,region,54794,1,1
90,False,2026-09-02 01:53:51+00:00,60001486,1,7413634973,35.0,region,210,36200,36200
90,False,2026-07-07 15:37:19+00:00,60004462,1,7373801947,99000000.0,region,81044,1,2
365,False,2026-09-02 11:08:41+00:00,60005593,1,3390261819,150000000.0,region,33590,9,9
365,False,2026-08-24 11:05:21+00:00,60005596,1,3390261820,150000000.0,region,33590,9,9
365,False,2026-06-30 11:03:50+00:00,60005599,1,3390261821,150000000.0,region,33590,9,9
90,False,2026-06-19 11:46:20+00:00,60004462,1,7180864782,50010000.0,region,41408,2,2
90,False,2026-08-30 22:16:19+00:00,60004462,1,7242735317,75000000.0,region,20327,1,2
90,False,2026-06-18 04:24:52+00:00,60004462,1,7359129759,5000000.0,region,12214,1,3
365,False,2026-07-27 11:04:55+00:00,60005593,1,4811099105,50000000.0,region,45011,8079,8079
365,False,2026-06-17 11:03:51+00:00,60005596,1,4811099106,50000000.0,region,45011,8079,8079
365,False,2026-07-27 11:04:55+00:00,60005599,1,4811099107,50000000.0,region,45011,8079,8079
365,False,2026-08-24 15:59:39+00:00,60005608,1,4811099110,50000000.0,region,45011,8079,8079
90,False,2026-08-19 21:44:35+00:00,60001537,1,7404230942,25830.0,region,6159,2,2
365,False,2026-06-07 11:03:52+00:00,60005596,1,4177217050,1500000.0,region,35796,8079,8079
365,False,2026-06-07 11:03:52+00:00,60005596,1,4177217757,1500000.0,region,35797,8079,8079
365,False,2026-06-17 11:03:51+00:00,60005599,1,4177217758,1500000.0,region,35797,8079,8079
365,False,2026-06-27 15:22:44+00:00,60005608,1,3390261824,150000000.0,region,33590,9,9
90,False,2026-06-10 11:56:05+00:00,60004462,1,7352927558,400000.0,region,33093,1,1
365,False,2026-09-03 16:43:52+00:00,60004462,1,5381741436,110000000.0,region,40573,59,59
365,False,2026-09-02 19:29:19+00:00,60004462,1,6964002608,180000.0,region,813,1,1
365,False,2026-07-10 17:37:36+00:00,60004462,1,6964002632,80000.0,region,3318,694,694
365,False,2026-08-31 11:05:27+00:00,60004462,1,6964002745,15000000.0,region,11447,694,694
365,False,2026-09-03 12:50:03+00:00,60004462,1,6964002758,4000000.0,region,11574,694,694
365,False,2026-09-02 20:10:20+00:00,60004462,1,6964002790,400000.0,region,19767,694,694
365,False,2026-08-22 05:48:31+00:00,60004462,1,6964002794,1000000.0,region,20210,1388,1388
365,False,2026-08-25 11:07:12+00:00,60005596,1,4518719216,29000000.0,region,40684,3,3
365,False,2026-09-03 00:26:26+00:00,60004462,1,6964002879,5000000.0,region,28880,6944,6944
90,False,2026-07-25 07:15:04+00:00,60004462,1,7067682023,75020000.0,region,52998,2,2
365,False,2026-09-03 14:06:31+00:00,60004462,1,2831478166,1000000.0,region,33078,595,595
365,False,2026-09-02 02:15:51+00:00,60004462,1,5381696054,2500000.0,region,3184,595,595
365,False,2026-07-27 18:14:20+00:00,60005608,1,4518718831,18000000.0,region,40672,1,1
90,False,2026-08-17 13:08:08+00:00,60004462,1,7223973241,15000000.0,region,11446,2,5
90,False,2026-07-20 06:48:42+00:00,60004462,1,7223973384,15000000.0,region,11433,2,4
365,False,2026-07-27 16:51:32+00:00,60005608,1,4518719220,29000000.0,region,40684,3,3
365,False,2026-09-03 13:52:32+00:00,60005593,1,4463843820,1500000.0,region,41230,8079,8079
90,False,2026-07-06 23:48:31+00:00,60004462,1,7223975917,9670000.0,region,11445,5,6
90,False,2026-06-13 20:42:35+00:00,60004462,1,7223975975,15000000.0,region,11451,5,5
90,False,2026-06-13 20:43:02+00:00,60004462,1,7223976164,995500.0,region,23123,2,4
90,False,2026-06-13 20:43:51+00:00,60004462,1,7223976708,15000000.0,region,52308,1,1
90,False,2026-08-31 07:31:48+00:00,60004462,1,7399090012,18690.0,region,33092,1,29
90,False,2026-08-12 16:08:52+00:00,60004462,1,7399090473,29990.0,region,3355,4,8
90,False,2026-08-12 16:09:25+00:00,60004462,1,7399090937,59990.0,region,3356,2,5
90,False,2026-08-12 16:09:55+00:00,60004462,1,7399091235,199900.0,region,3359,2,6
90,False,2026-08-12 16:10:21+00:00,60004462,1,7399091483,999900.0,region,25863,9,10
90,False,2026-08-18 10:06:11+00:00,60004462,1,7201965050,9679000.0,region,11455,4,5
365,False,2026-06-14 11:03:55+00:00,60001483,1,6964000389,50000.0,region,967,2,2
365,False,2026-08-28 11:06:40+00:00,60001483,1,6964000390,87360.0,region,1026,1,1
365,False,2026-07-12 11:03:47+00:00,60001537,1,6964000396,100000.0,region,1178,7,7
365,False,2026-09-03 11:42:00+00:00,60001540,1,6964000403,272.66,region,3647,18570,18570
90,False,2026-08-20 02:27:49+00:00,60004462,1,7404342341,10000000.0,region,20212,2,2
365,False,2026-06-07 11:03:52+00:00,60005593,1,1256541291,1250000.0,region,25929,1,1
365,False,2026-06-23 11:05:04+00:00,60005596,1,1256541292,1250000.0,region,25929,1,1
365,False,2026-08-11 11:10:39+00:00,60005599,1,1256541293,1250000.0,region,25929,1,1
365,False,2026-08-08 04:37:48+00:00,60005608,1,1256541294,1250000.0,region,25929,1,1
90,False,2026-08-20 02:28:45+00:00,60004462,1,7404342636,3000000.0,region,20211,4,4
90,False,2026-08-20 02:29:04+00:00,60004462,1,7404342737,15000000.0,region,12203,2,2
365,False,2026-09-03 13:41:45+00:00,60005593,1,1256541812,1250000.0,region,25931,1,1
365,False,2026-08-13 11:06:30+00:00,60005596,1,1256541813,1250000.0,region,25931,1,1
365,False,2026-08-08 04:38:05+00:00,60005608,1,1256541815,1250000.0,region,25931,1,1
365,False,2026-09-03 13:41:34+00:00,60005593,1,1256542333,1250000.0,region,25933,1,1
365,False,2026-06-17 11:03:51+00:00,60005596,1,1256542334,1250000.0,region,25933,1,1
365,False,2026-08-24 11:05:21+00:00,60005599,1,1256542335,1250000.0,region,25933,1,1
365,False,2026-08-14 16:59:57+00:00,60005608,1,1256542336,1250000.0,region,25933,1,1
90,False,2026-08-20 02:32:27+00:00,60004462,1,7404343852,1998000.0,region,11082,6,6
365,False,2026-09-03 13:43:38+00:00,60005593,1,1256542854,1250000.0,region,25935,1,1
365,False,2026-07-24 11:09:24+00:00,60005596,1,1256542855,1250000.0,region,25935,1,1
365,False,2026-07-19 11:03:50+00:00,60005599,1,1256542856,1250000.0,region,25935,1,1
365,False,2026-08-31 00:35:43+00:00,60005608,1,1256542857,1250000.0,region,25935,1,1
90,False,2026-08-18 14:35:09+00:00,60004462,1,7326749657,9677000.0,region,11455,1,3
365,False,2026-09-03 13:41:38+00:00,60005593,1,1256543375,1250000.0,region,25937,1,1
365,False,2026-07-14 11:05:16+00:00,60005596,1,1256543376,1250000.0,region,25937,1,1
365,False,2026-08-20 11:06:59+00:00,60005599,1,1256543377,1250000.0,region,25937,1,1
365,False,2026-08-14 16:59:54+00:00,60005608,1,1256543378,1250000.0,region,25937,1,1
365,False,2026-09-03 13:43:15+00:00,60005593,1,1256543896,1250000.0,region,25949,1,1
365,False,2026-08-24 00:52:00+00:00,60005596,1,1256543897,1250000.0,region,25949,1,1
365,False,2026-08-11 11:10:39+00:00,60005599,1,1256543898,1250000.0,region,25949,1,1
365,False,2026-09-03 05:57:53+00:00,60005608,1,1256543899,1250000.0,region,25949,1,1
365,False,2026-09-03 13:43:30+00:00,60005593,1,1256544417,1250000.0,region,25951,1,1
365,False,2026-07-19 11:03:50+00:00,60005599,1,1256544419,1250000.0,region,25951,1,1
365,False,2026-09-03 13:43:44+00:00,60005593,1,1256544938,1250000.0,region,25953,1,1
365,False,2026-07-24 11:09:24+00:00,60005596,1,1256544939,1250000.0,region,25953,1,1
365,False,2026-07-19 11:03:50+00:00,60005599,1,1256544940,1250000.0,region,25953,1,1
365,False,2026-08-23 17:50:24+00:00,60005608,1,1256544941,1250000.0,region,25953,1,1
365,False,2026-09-03 13:43:52+00:00,60005593,1,1256545459,1250000.0,region,25955,1,1
365,False,2026-08-20 11:06:59+00:00,60005599,1,1256545461,1250000.0,region,25955,1,1
365,False,2026-06-14 11:03:55+00:00,60003067,1,6964001315,50000.0,region,967,2,2
365,False,2026-09-03 15:26:00+00:00,60003067,1,6964001316,332.5,region,9826,1121,1121
365,False,2026-08-24 00:51:48+00:00,60005596,1,1256545981,1250000.0,region,25957,1,1
365,False,2026-08-12 17:13:51+00:00,60005599,1,1256545982,1250000.0,region,25957,1,1
365,False,2026-07-12 11:03:47+00:00,60005596,1,1256549030,1250000.0,region,26039,37,37
365,False,2026-08-16 23:36:39+00:00,60005608,1,1256549032,1250000.0,region,26039,37,37
365,False,2026-09-03 13:42:24+00:00,60005593,1,1256549161,1250000.0,region,26041,37,37
365,False,2026-07-24 11:09:24+00:00,60005596,1,1256549162,1250000.0,region,26041,37,37
365,False,2026-08-20 11:06:59+00:00,60005599,1,1256549163,1250000.0,region,26041,37,37
365,False,2026-08-26 12:58:38+00:00,60005608,1,1256549164,1250000.0,region,26041,37,37
365,False,2026-07-24 11:09:24+00:00,60005596,1,1256549294,1250000.0,region,26043,37,37
365,False,2026-09-03 13:42:07+00:00,60005593,1,1256549425,1250000.0,region,26047,37,37
365,False,2026-07-24 11:09:24+00:00,60005596,1,1256549426,1250000.0,region,26047,37,37
365,False,2026-08-20 11:06:59+00:00,60005599,1,1256549427,1250000.0,region,26047,37,37
365,False,2026-08-26 12:58:50+00:00,60005608,1,1256549428,1250000.0,region,26047,37,37
365,False,2026-07-24 11:09:24+00:00,60005596,1,1256549558,1250000.0,region,26049,37,37
365,False,2026-08-26 12:58:44+00:00,60005608,1,1256549560,1250000.0,region,26049,37,37
365,False,2026-07-12 11:03:47+00:00,60005596,1,1256549690,1250000.0,region,26057,37,37
365,False,2026-06-07 00:49:54+00:00,60005599,1,1256549691,1250000.0,region,26057,37,37
365,False,2026-08-26 13:17:02+00:00,60005608,1,1256549692,1250000.0,region,26057,37,37
365,False,2026-09-03 13:45:01+00:00,60005593,1,1256549821,1250000.0,region,26059,37,37
365,False,2026-06-09 11:08:49+00:00,60005596,1,1256549822,1250000.0,region,26059,37,37
365,False,2026-06-12 06:40:04+00:00,60005599,1,1256549823,1250000.0,region,26059,37,37
365,False,2026-08-26 13:16:40+00:00,60005608,1,1256549824,1250000.0,region,26059,37,37
365,False,2026-09-03 13:44:05+00:00,60005593,1,1256549953,1250000.0,region,26061,37,37
365,False,2026-06-07 00:49:54+00:00,60005599,1,1256549955,1250000.0,region,26061,37,37
365,False,2026-08-26 13:17:15+00:00,60005608,1,1256549956,1250000.0,region,26061,37,37
365,False,2026-06-18 11:04:54+00:00,60005593,1,1256550085,1250000.0,region,26063,37,37
365,False,2026-07-12 11:03:47+00:00,60005596,1,1256550086,1250000.0,region,26063,37,37
365,False,2026-06-07 00:49:54+00:00,60005599,1,1256550087,1250000.0,region,26063,37,37
365,False,2026-09-03 13:45:08+00:00,60005593,1,1256550217,1250000.0,region,26067,37,37
365,False,2026-07-12 11:03:47+00:00,60005596,1,1256550218,1250000.0,region,26067,37,37
365,False,2026-06-07 00:49:54+00:00,60005599,1,1256550219,1250000.0,region,26067,37,37
365,False,2026-08-26 13:16:30+00:00,60005608,1,1256550220,1250000.0,region,26067,37,37
365,False,2026-09-03 13:44:36+00:00,60005593,1,1256550349,1250000.0,region,26069,37,37
365,False,2026-08-28 14:48:40+00:00,60005596,1,1256550350,1250000.0,region,26069,37,37
365,False,2026-06-07 00:49:54+00:00,60005599,1,1256550351,1250000.0,region,26069,37,37
365,False,2026-08-26 13:16:45+00:00,60005608,1,1256550352,1250000.0,region,26069,37,37
365,False,2026-08-17 19:05:18+00:00,60005593,1,1256550481,1250000.0,region,26071,37,37
365,False,2026-07-12 11:03:47+00:00,60005596,1,1256550482,1250000.0,region,26071,37,37
365,False,2026-06-12 06:39:27+00:00,60005599,1,1256550483,1250000.0,region,26071,37,37
365,False,2026-09-02 23:12:52+00:00,60005608,1,1256550484,1250000.0,region,26071,37,37
365,False,2026-08-28 14:48:21+00:00,60005596,1,1256550614,1250000.0,region,26073,37,37
365,False,2026-08-15 21:24:25+00:00,60005599,1,1256550615,1250000.0,region,26073,37,37
365,False,2026-08-26 13:17:06+00:00,60005608,1,1256550616,1250000.0,region,26073,37,37
90,False,2026-08-18 14:24:39+00:00,60004462,1,7403303656,38000000.0,region,46156,3,4
365,False,2026-08-28 19:04:31+00:00,60004462,1,6964002616,30000.0,region,3300,117,117
365,False,2026-08-28 19:04:31+00:00,60004462,1,6964002626,60000.0,region,3310,694,694
365,False,2026-08-28 19:04:31+00:00,60004462,1,6964002628,90000.0,region,3312,694,694
365,False,2026-09-03 17:19:59+00:00,60004462,1,6964002631,250000.0,region,3317,694,694
365,False,2026-09-03 09:49:35+00:00,60004462,1,6964002639,500000.0,region,3325,694,694
365,False,2026-09-03 12:50:03+00:00,60004462,1,6964002661,2500000.0,region,3354,69,69
365,False,2026-09-01 18:54:11+00:00,60004462,1,6964002664,200000.0,region,3357,68,68
365,False,2026-08-23 16:42:09+00:00,60004462,1,6964002674,200000.0,region,3387,694,694
365,False,2026-09-03 15:08:58+00:00,60004462,1,6964002688,500000.0,region,3409,694,694
365,False,2026-09-01 05:19:19+00:00,60004462,1,6964002705,100000.0,region,3428,694,694
365,False,2026-08-06 17:53:15+00:00,60004462,1,6964002706,150000.0,region,3429,694,694
365,False,2026-09-01 05:19:51+00:00,60004462,1,6964002708,100000.0,region,3431,694,694
365,False,2026-09-03 14:16:30+00:00,60004462,1,6964002709,100000.0,region,3432,694,694
365,False,2026-09-03 12:39:03+00:00,60004462,1,6964002729,45000.0,region,3455,117,117
365,False,2026-09-01 18:38:13+00:00,60004462,1,6964002733,10000000.0,region,3732,694,694
365,False,2026-09-02 08:51:47+00:00,60004462,1,6964002754,15000000.0,region,11529,694,694
365,False,2026-09-03 02:23:27+00:00,60004462,1,6964002771,150000.0,region,12367,694,694
365,False,2026-09-03 11:43:08+00:00,60004462,1,6964002775,250000.0,region,13278,694,694
365,False,2026-08-31 17:10:44+00:00,60004462,1,6964002791,100000.0,region,19921,694,694
365,False,2026-08-07 11:04:30+00:00,60004462,1,6964002796,10000000.0,region,20212,1388,1388
365,False,2026-09-03 16:19:12+00:00,60004462,1,6964002800,2000000.0,region,20315,1388,1388
365,False,2026-09-03 06:13:56+00:00,60004462,1,6964002815,20000000.0,region,21803,6,6
365,False,2026-09-03 17:13:44+00:00,60004462,1,6964002832,1000000.0,region,24242,138,138
365,False,2026-09-03 04:07:57+00:00,60004462,1,6964002835,550000000.0,region,24311,694,694
365,False,2026-09-03 16:00:12+00:00,60004462,1,6964002836,550000000.0,region,24312,694,694
365,False,2026-09-03 16:47:36+00:00,60004462,1,6964002845,20000000.0,region,24613,694,694
365,False,2026-09-03 08:13:27+00:00,60004462,1,6964002855,1000000.0,region,25811,694,694
365,False,2026-09-02 23:27:05+00:00,60004462,1,6964002856,332640.0,region,25862,694,694
365,False,2026-06-17 08:18:59+00:00,60004462,1,6964002857,1000000.0,region,25863,694,694
365,False,2026-09-03 09:47:40+00:00,60004462,1,6964002868,125000.0,region,27902,69,69
365,False,2026-09-03 13:30:50+00:00,60004462,1,6964002873,4500000.0,region,28164,694,694
90,False,2026-09-02 09:12:53+00:00,60004462,1,7413793536,38000000.0,region,41407,4,4
90,False,2026-09-02 09:13:36+00:00,60004462,1,7413793846,13000000.0,region,46152,4,4
365,False,2026-09-02 08:37:55+00:00,60005608,1,2620801668,2100000.0,region,689,7,7
90,False,2026-08-06 21:41:47+00:00,60004462,1,7394935081,9999000.0,region,12487,1,1
90,False,2026-08-06 21:43:50+00:00,60004462,1,7394935948,2999000.0,region,25718,5,8
90,False,2026-08-06 21:44:28+00:00,60004462,1,7394936305,1999000.0,region,11084,17,19
90,False,2026-08-12 17:40:15+00:00,60004462,1,7399140623,45000000.0,region,16591,3,4
90,False,2026-08-31 15:58:15+00:00,60004462,1,7412623595,5000000.0,region,12204,3,3
90,False,2026-07-12 07:27:54+00:00,60004462,1,7377124544,50000000.0,region,41405,1,1
365,False,2026-06-17 11:03:51+00:00,60005596,1,4518728989,5000000.0,region,41593,807,807
365,False,2026-09-02 05:00:26+00:00,60004462,1,3875288156,35000000.0,region,34327,595,595
90,False,2026-08-10 05:32:05+00:00,60004462,1,7188384687,37850000.0,region,21667,1,2
90,False,2026-07-25 07:18:49+00:00,60004462,1,7188384874,50010000.0,region,41404,2,2
90,False,2026-07-06 10:53:36+00:00,60004462,1,7372944953,250000000.0,region,20525,1,1
365,False,2026-09-03 13:53:51+00:00,60005593,1,4518729695,5000000.0,region,41594,807,807
365,False,2026-07-12 11:03:47+00:00,60005599,1,4518729697,5000000.0,region,41594,807,807
90,False,2026-07-22 15:42:56+00:00,60004462,1,7384469846,189900000.0,region,20532,1,1
90,False,2026-07-20 16:33:14+00:00,60004462,1,7383175529,7000000.0,region,11454,6,7
90,False,2026-08-06 23:14:20+00:00,60004462,1,7394974596,9997000.0,region,12487,4,5
365,False,2026-07-12 11:03:47+00:00,60005593,1,4518718826,18000000.0,region,40672,1,1
365,False,2026-07-14 11:05:16+00:00,60005596,1,4518718827,18000000.0,region,40672,1,1
365,False,2026-08-31 11:05:27+00:00,60005599,1,4518718828,18000000.0,region,40672,1,1
365,False,2026-07-19 11:03:50+00:00,60005593,1,4518719215,29000000.0,region,40684,3,3
365,False,2026-08-23 11:05:21+00:00,60005599,1,4518719217,29000000.0,region,40684,3,3
365,False,2026-09-03 13:48:49+00:00,60005593,1,4518719515,36000000.0,region,40719,2,2
365,False,2026-08-01 11:04:53+00:00,60005596,1,4518719516,36000000.0,region,40719,2,2
365,False,2026-06-23 11:05:04+00:00,60005599,1,4518719517,36000000.0,region,40719,2,2
365,False,2026-08-04 11:05:04+00:00,60005608,1,4518719520,36000000.0,region,40719,2,2
365,False,2026-07-12 11:03:47+00:00,60005599,1,4518731111,5000000.0,region,41596,807,807
365,False,2026-06-06 11:03:52+00:00,60001486,1,6964000392,50000.0,region,967,2,2
365,False,2026-07-19 11:03:50+00:00,60001486,1,6964000393,87360.0,region,1026,1,1
365,False,2026-06-14 11:03:55+00:00,60001537,1,6964000395,50000.0,region,967,7,7
365,False,2026-07-03 11:05:19+00:00,60001537,1,6964000397,250000.0,region,1179,7,7
365,False,2026-09-03 11:42:00+00:00,60001537,1,6964000398,272.66,region,3647,18570,18570
365,False,2026-07-27 16:23:52+00:00,60001537,1,6964000399,200000.0,region,11630,86,86
365,False,2026-07-04 11:03:44+00:00,60001540,1,6964000400,50000.0,region,967,7,7
365,False,2026-06-18 11:04:54+00:00,60001540,1,6964000401,100000.0,region,1178,7,7
365,False,2026-06-18 11:04:54+00:00,60001540,1,6964000402,250000.0,region,1179,7,7
365,False,2026-09-03 04:51:11+00:00,60001540,1,6964000404,200000.0,region,11630,86,86
365,False,2026-08-23 22:14:45+00:00,60001543,1,6964000405,50000.0,region,967,7,7
365,False,2026-08-31 09:27:16+00:00,60001543,1,6964000406,100000.0,region,1178,7,7
365,False,2026-08-31 09:27:22+00:00,60001543,1,6964000407,250000.0,region,1179,7,7
365,False,2026-09-03 11:42:00+00:00,60001543,1,6964000408,272.66,region,3647,18570,18570
365,False,2026-08-12 07:02:13+00:00,60001543,1,6964000409,200000.0,region,11630,86,86
365,False,2026-08-10 20:03:43+00:00,60001546,1,6964000410,50000.0,region,967,7,7
365,False,2026-09-02 11:08:41+00:00,60001546,1,6964000411,100000.0,region,1178,7,7
365,False,2026-08-29 11:05:04+00:00,60001546,1,6964000412,250000.0,region,1179,7,7
365,False,2026-09-03 11:42:00+00:00,60001546,1,6964000413,272.66,region,3647,18570,18570
365,False,2026-07-31 11:28:54+00:00,60001546,1,6964000414,200000.0,region,11630,86,86
365,False,2026-08-11 11:10:39+00:00,60005593,1,4518721974,16000000.0,region,41242,2,2
365,False,2026-09-01 20:19:40+00:00,60005596,1,4518721975,16000000.0,region,41242,2,2
365,False,2026-08-27 11:12:28+00:00,60005599,1,4518721976,16000000.0,region,41242,2,2
365,False,2026-09-03 12:52:56+00:00,60005608,1,4518721979,16000000.0,region,41242,2,2
365,False,2026-06-12 11:11:05+00:00,60005593,1,4518722393,32000000.0,region,41244,11,11
365,False,2026-06-17 11:03:51+00:00,60005596,1,4518722394,32000000.0,region,41244,11,11
365,False,2026-07-04 11:03:44+00:00,60005599,1,4518722395,32000000.0,region,41244,11,11
365,False,2026-08-15 03:10:30+00:00,60005608,1,4518722398,32000000.0,region,41244,11,11
365,False,2026-07-22 11:06:09+00:00,60005593,1,4518722483,79000000.0,region,41256,4,4
365,False,2026-08-17 11:34:29+00:00,60005596,1,4518722484,79000000.0,region,41256,4,4
365,False,2026-07-03 03:31:08+00:00,60005599,1,4518722485,79000000.0,region,41256,4,4
365,False,2026-08-25 15:50:19+00:00,60005608,1,4518722488,79000000.0,region,41256,4,4
90,False,2026-08-31 20:01:55+00:00,60001537,1,7412792575,100000.0,region,55308,1,1
365,False,2026-06-12 11:11:05+00:00,60005593,1,4518722931,158000000.0,region,41313,4,4
365,False,2026-07-14 11:05:16+00:00,60005596,1,4518722932,158000000.0,region,41313,4,4
365,False,2026-08-11 11:10:39+00:00,60005599,1,4518722933,158000000.0,region,41313,4,4
365,False,2026-07-08 03:12:12+00:00,60005608,1,4518722936,158000000.0,region,41313,4,4
365,False,2026-09-02 19:29:56+00:00,60004462,1,6964002606,150000.0,region,811,1,1
365,False,2026-08-10 11:05:15+00:00,60004462,1,6964002607,160000.0,region,812,1,1
365,False,2026-09-02 19:29:39+00:00,60004462,1,6964002609,140000.0,region,814,1,1
365,False,2026-06-08 17:32:16+00:00,60004462,1,6964002610,50000.0,region,967,1,1
365,False,2026-08-14 18:14:31+00:00,60004462,1,6964002611,20000.0,region,1130,1,1
365,False,2026-08-29 14:24:28+00:00,60004462,1,6964002612,40000.0,region,1132,1,1
365,False,2026-07-15 06:04:47+00:00,60004462,1,6964002613,70000.0,region,1135,1,1
365,False,2026-06-11 11:05:15+00:00,60004462,1,6964002614,80000.0,region,1136,1,1
365,False,2026-09-01 21:47:48+00:00,60004462,1,6964002615,100000.0,region,1137,1,1
365,False,2026-08-30 10:14:12+00:00,60004462,1,6964002617,30000.0,region,3301,117,117
365,False,2026-08-31 19:53:20+00:00,60004462,1,6964002618,30000.0,region,3302,694,694
365,False,2026-08-31 19:53:14+00:00,60004462,1,6964002619,30000.0,region,3303,694,694
365,False,2026-09-03 17:18:19+00:00,60004462,1,6964002620,125000.0,region,3304,694,694
365,False,2026-09-03 17:18:26+00:00,60004462,1,6964002621,125000.0,region,3305,694,694
365,False,2026-09-03 17:18:12+00:00,60004462,1,6964002622,125000.0,region,3306,694,694
365,False,2026-09-03 13:12:39+00:00,60004462,1,6964002623,3000000.0,region,3307,694,694
365,False,2026-09-03 14:29:15+00:00,60004462,1,6964002624,3000000.0,region,3308,694,694
365,False,2026-09-03 11:43:30+00:00,60004462,1,6964002625,3000000.0,region,3309,694,694
365,False,2026-08-28 19:04:31+00:00,60004462,1,6964002627,100000.0,region,3311,117,117
365,False,2026-09-03 17:19:55+00:00,60004462,1,6964002629,1500000.0,region,3315,694,694
365,False,2026-09-03 17:17:42+00:00,60004462,1,6964002630,100000.0,region,3316,694,694
365,False,2026-09-03 09:49:21+00:00,60004462,1,6964002633,30000.0,region,3319,694,694
365,False,2026-09-03 16:18:56+00:00,60004462,1,6964002634,30000.0,region,3320,694,694
365,False,2026-09-03 10:11:37+00:00,60004462,1,6964002635,30000.0,region,3321,694,694
365,False,2026-09-02 16:25:04+00:00,60004462,1,6964002636,37500.0,region,3322,694,694
365,False,2026-09-01 17:50:03+00:00,60004462,1,6964002637,45000.0,region,3323,694,694
365,False,2026-09-03 17:15:00+00:00,60004462,1,6964002638,125000.0,region,3324,694,694
365,False,2026-09-03 08:41:29+00:00,60004462,1,6964002640,750000.0,region,3326,694,694
365,False,2026-08-23 10:28:03+00:00,60004462,1,6964002641,30000.0,region,3327,694,694
365,False,2026-08-31 15:35:19+00:00,60004462,1,6964002642,50000.0,region,3328,117,117
365,False,2026-08-29 21:51:32+00:00,60004462,1,6964002643,50000.0,region,3329,694,694
365,False,2026-08-31 15:35:57+00:00,60004462,1,6964002644,50000.0,region,3330,694,694
365,False,2026-08-30 11:52:52+00:00,60004462,1,6964002645,50000.0,region,3331,694,694
365,False,2026-09-03 14:29:54+00:00,60004462,1,6964002646,1000000.0,region,3332,694,694
365,False,2026-09-03 12:24:10+00:00,60004462,1,6964002647,1000000.0,region,3334,694,694
365,False,2026-09-01 17:08:28+00:00,60004462,1,6964002648,1000000.0,region,3335,694,694
365,False,2026-09-02 19:01:27+00:00,60004462,1,6964002649,7500000.0,region,3337,694,694
365,False,2026-09-03 12:24:37+00:00,60004462,1,6964002650,7500000.0,region,3338,694,694
365,False,2026-09-01 21:19:38+00:00,60004462,1,6964002651,7500000.0,region,3339,694,694
365,False,2026-08-31 20:56:18+00:00,60004462,1,6964002652,500000.0,region,3342,694,694
365,False,2026-09-01 16:24:46+00:00,60004462,1,6964002653,500000.0,region,3343,694,694
365,False,2026-09-03 07:15:23+00:00,60004462,1,6964002654,6000000000.0,region,3344,694,694
365,False,2026-09-01 18:17:21+00:00,60004462,1,6964002655,6000000000.0,region,3345,694,694
365,False,2026-08-31 10:38:53+00:00,60004462,1,6964002656,6000000000.0,region,3346,694,694
365,False,2026-09-03 11:46:35+00:00,60004462,1,6964002657,6000000000.0,region,3347,694,694
365,False,2026-09-03 09:49:26+00:00,60004462,1,6964002658,30000.0,region,3348,694,694
365,False,2026-09-03 12:50:03+00:00,60004462,1,6964002659,500000.0,region,3351,69,69
365,False,2026-09-02 17:06:19+00:00,60004462,1,6964002660,500000.0,region,3352,69,69
365,False,2026-07-21 19:42:54+00:00,60004462,1,6964002662,30000.0,region,3355,694,694
365,False,2026-07-10 21:43:29+00:00,60004462,1,6964002663,60000.0,region,3356,7,7
365,False,2026-09-01 18:54:24+00:00,60004462,1,6964002665,100000.0,region,3358,7,7
365,False,2026-08-02 22:50:10+00:00,60004462,1,6964002666,200000.0,region,3359,7,7
365,False,2026-08-18 19:17:24+00:00,60004462,1,6964002667,200000.0,region,3361,69,69
365,False,2026-09-03 13:37:53+00:00,60004462,1,6964002668,30000.0,region,3363,694,694
365,False,2026-09-01 18:38:03+00:00,60004462,1,6964002669,50000.0,region,3368,694,694
365,False,2026-09-03 00:09:36+00:00,60004462,1,6964002670,1000000.0,region,3373,694,694
365,False,2026-09-01 05:29:38+00:00,60004462,1,6964002671,30000.0,region,3380,694,694
365,False,2026-08-30 21:53:37+00:00,60004462,1,6964002672,75000.0,region,3385,694,694
365,False,2026-08-31 11:05:27+00:00,60004462,1,6964002673,30000.0,region,3386,641,641
365,False,2026-09-01 19:47:31+00:00,60004462,1,6964002675,300000.0,region,3388,694,694
365,False,2026-09-03 15:08:58+00:00,60004462,1,6964002676,300000.0,region,3389,694,694
365,False,2026-08-13 11:06:30+00:00,60004462,1,6964002677,30000.0,region,3392,694,694
365,False,2026-09-01 18:44:23+00:00,60004462,1,6964002678,45000.0,region,3393,694,694
365,False,2026-09-01 05:16:38+00:00,60004462,1,6964002679,85000.0,region,3394,694,694
365,False,2026-09-03 12:49:32+00:00,60004462,1,6964002680,2000000.0,region,3396,138,138
365,False,2026-09-03 14:28:25+00:00,60004462,1,6964002681,1000000.0,region,3397,6,6
365,False,2026-09-03 12:49:57+00:00,60004462,1,6964002682,30000000.0,region,3398,694,694
365,False,2026-09-03 07:21:15+00:00,60004462,1,6964002683,100000000.0,region,3400,694,694
365,False,2026-08-02 11:04:45+00:00,60004462,1,6964002684,30000.0,region,3402,694,694
365,False,2026-09-03 13:33:59+00:00,60004462,1,6964002685,500000.0,region,3403,694,694
365,False,2026-09-02 15:17:52+00:00,60004462,1,6964002686,37500.0,region,3405,694,694
365,False,2026-09-03 17:11:40+00:00,60004462,1,6964002687,500000.0,region,3406,694,694
365,False,2026-09-03 09:38:02+00:00,60004462,1,6964002689,500000.0,region,3410,694,694
365,False,2026-09-03 16:21:00+00:00,60004462,1,6964002690,100000.0,region,3411,694,694
365,False,2026-09-01 23:31:13+00:00,60004462,1,6964002691,500000.0,region,3412,694,694
365,False,2026-08-31 11:05:27+00:00,60004462,1,6964002692,30000.0,region,3413,117,117
365,False,2026-09-03 16:20:00+00:00,60004462,1,6964002693,55000.0,region,3416,117,117
365,False,2026-09-01 13:59:09+00:00,60004462,1,6964002694,60000.0,region,3417,694,694
365,False,2026-09-01 14:01:15+00:00,60004462,1,6964002695,200000.0,region,3418,694,694
365,False,2026-09-01 14:06:20+00:00,60004462,1,6964002696,170000.0,region,3419,694,694
365,False,2026-09-03 14:15:48+00:00,60004462,1,6964002697,210000.0,region,3420,694,694
365,False,2026-09-02 15:06:28+00:00,60004462,1,6964002698,130000.0,region,3421,694,694
365,False,2026-08-30 21:54:18+00:00,60004462,1,6964002699,100000.0,region,3422,694,694
365,False,2026-09-02 17:40:56+00:00,60004462,1,6964002700,75000.0,region,3423,694,694
365,False,2026-08-20 19:59:58+00:00,60004462,1,6964002701,79000.0,region,3424,694,694
365,False,2026-09-01 14:05:41+00:00,60004462,1,6964002702,100000.0,region,3425,694,694
365,False,2026-08-19 09:03:50+00:00,60004462,1,6964002703,30000.0,region,3426,117,117
365,False,2026-08-28 20:48:27+00:00,60004462,1,6964002704,125000.0,region,3427,694,694
365,False,2026-09-03 01:59:19+00:00,60004462,1,6964002707,500000.0,region,3430,6,6
365,False,2026-09-02 20:09:42+00:00,60004462,1,6964002710,125000.0,region,3433,694,694
365,False,2026-09-02 17:41:09+00:00,60004462,1,6964002711,100000.0,region,3434,694,694
365,False,2026-07-13 11:03:53+00:00,60004462,1,6964002712,175000.0,region,3435,694,694
365,False,2026-09-03 03:02:15+00:00,60004462,1,6964002713,30000.0,region,3436,117,117
365,False,2026-08-19 12:56:52+00:00,60004462,1,6964002714,60000.0,region,3437,694,694
365,False,2026-09-03 01:49:38+00:00,60004462,1,6964002715,50000.0,region,3438,694,694
365,False,2026-09-02 15:03:38+00:00,60004462,1,6964002716,200000.0,region,3439,694,694
365,False,2026-09-03 14:29:33+00:00,60004462,1,6964002717,500000.0,region,3441,694,694
365,False,2026-09-03 15:18:21+00:00,60004462,1,6964002718,750000.0,region,3442,694,694
365,False,2026-09-01 03:29:50+00:00,60004462,1,6964002719,30000.0,region,3443,208,208
365,False,2026-09-01 18:32:06+00:00,60004462,1,6964002720,125000.0,region,3444,138,138
365,False,2026-08-24 12:07:09+00:00,60004462,1,6964002721,125000.0,region,3446,138,138
365,False,2026-09-02 18:41:23+00:00,60004462,1,6964002722,7500000.0,region,3447,138,138
365,False,2026-09-01 05:22:28+00:00,60004462,1,6964002723,30000.0,region,3449,117,117
365,False,2026-08-23 19:46:46+00:00,60004462,1,6964002724,35000.0,region,3450,694,694
365,False,2026-09-03 05:31:44+00:00,60004462,1,6964002725,37500.0,region,3451,694,694
365,False,2026-09-03 16:20:11+00:00,60004462,1,6964002726,50000.0,region,3452,694,694
365,False,2026-09-01 05:24:08+00:00,60004462,1,6964002727,35000.0,region,3453,694,694
365,False,2026-08-30 09:22:21+00:00,60004462,1,6964002728,500000.0,region,3454,694,694
365,False,2026-09-03 16:41:23+00:00,60004462,1,6964002730,10000000.0,region,3456,694,694
365,False,2026-06-16 03:34:28+00:00,60004462,1,6964002731,55000.0,region,3551,694,694
365,False,2026-09-01 18:38:22+00:00,60004462,1,6964002732,400000.0,region,3731,694,694
365,False,2026-09-03 15:54:00+00:00,60004462,1,6964002734,433.93,region,9850,2964,2964
365,False,2026-08-15 02:54:19+00:00,60004462,1,6964002735,3360.0,region,10040,6,6
365,False,2026-07-18 11:32:54+00:00,60004462,1,6964002736,2000000.0,region,11082,27,27
365,False,2026-09-03 14:29:21+00:00,60004462,1,6964002737,1000000.0,region,11207,69,69
365,False,2026-06-26 11:04:05+00:00,60004462,1,6964002738,15000000.0,region,11433,694,694
365,False,2026-08-12 23:20:52+00:00,60004462,1,6964002739,15000000.0,region,11441,694,694
365,False,2026-08-29 07:33:11+00:00,60004462,1,6964002740,15000000.0,region,11442,694,694
365,False,2026-08-31 11:05:27+00:00,60004462,1,6964002741,15000000.0,region,11443,694,694
365,False,2026-09-02 11:08:41+00:00,60004462,1,6964002742,15000000.0,region,11444,694,694
365,False,2026-09-02 11:08:41+00:00,60004462,1,6964002743,15000000.0,region,11445,694,694
365,False,2026-06-25 11:19:51+00:00,60004462,1,6964002744,15000000.0,region,11446,694,694
365,False,2026-08-30 10:02:46+00:00,60004462,1,6964002746,15000000.0,region,11448,694,694
365,False,2026-08-15 22:55:26+00:00,60004462,1,6964002747,15000000.0,region,11449,694,694
365,False,2026-09-02 11:08:41+00:00,60004462,1,6964002748,15000000.0,region,11450,694,694
365,False,2026-08-31 11:05:27+00:00,60004462,1,6964002749,15000000.0,region,11451,694,694
365,False,2026-08-30 06:49:22+00:00,60004462,1,6964002750,15000000.0,region,11452,694,694
365,False,2026-08-31 10:05:18+00:00,60004462,1,6964002751,15000000.0,region,11453,694,694
365,False,2026-06-22 11:05:21+00:00,60004462,1,6964002752,15000000.0,region,11454,694,694
365,False,2026-08-31 11:05:27+00:00,60004462,1,6964002753,15000000.0,region,11455,694,694
365,False,2026-09-03 02:23:39+00:00,60004462,1,6964002755,150000.0,region,11566,694,694
365,False,2026-08-31 15:18:21+00:00,60004462,1,6964002756,500000.0,region,11569,69,69
365,False,2026-09-02 02:41:43+00:00,60004462,1,6964002757,500000.0,region,11572,69,69
365,False,2026-09-03 08:14:07+00:00,60004462,1,6964002759,5000000.0,region,11579,64,64
365,False,2026-09-03 00:27:08+00:00,60004462,1,6964002760,75000.0,region,11584,694,694
365,False,2026-09-03 17:18:37+00:00,60004462,1,6964002761,5000000.0,region,12093,66,66
365,False,2026-09-02 19:22:33+00:00,60004462,1,6964002762,25000000.0,region,12098,694,694
365,False,2026-09-03 14:27:16+00:00,60004462,1,6964002763,40000000.0,region,12179,69,69
365,False,2026-09-01 18:55:34+00:00,60004462,1,6964002764,500000.0,region,12196,592,592
365,False,2026-07-22 11:06:09+00:00,60004462,1,6964002765,5000000.0,region,12206,27,27
365,False,2026-07-24 11:09:24+00:00,60004462,1,6964002766,10000000.0,region,12207,27,27
365,False,2026-07-04 06:02:21+00:00,60004462,1,6964002767,500000000.0,region,12241,69,69
365,False,2026-09-03 15:18:30+00:00,60004462,1,6964002768,100000.0,region,12305,694,694
365,False,2026-09-03 02:23:22+00:00,60004462,1,6964002769,150000.0,region,12365,694,694
365,False,2026-09-03 02:23:33+00:00,60004462,1,6964002770,150000.0,region,12366,694,694
365,False,2026-09-03 16:19:20+00:00,60004462,1,6964002772,100000.0,region,12441,1388,1388
365,False,2026-09-03 16:19:27+00:00,60004462,1,6964002773,250000.0,region,12442,1388,1388
365,False,2026-07-12 11:03:47+00:00,60004462,1,6964002774,10000000.0,region,12487,2777,2777
365,False,2026-09-01 18:43:42+00:00,60004462,1,6964002776,100000.0,region,16069,6,6
365,False,2026-09-03 02:28:05+00:00,60004462,1,6964002777,400000.0,region,16281,234,234
365,False,2026-09-03 17:07:52+00:00,60004462,1,6964002778,1500000.0,region,16594,138,138
365,False,2026-09-03 11:26:08+00:00,60004462,1,6964002779,15000000.0,region,16595,138,138
365,False,2026-09-02 18:40:36+00:00,60004462,1,6964002780,35000000.0,region,16596,138,138
365,False,2026-09-03 17:08:10+00:00,60004462,1,6964002781,20000000.0,region,16597,138,138
365,False,2026-09-03 16:53:40+00:00,60004462,1,6964002782,3500000.0,region,16598,138,138
365,False,2026-09-03 12:39:33+00:00,60004462,1,6964002783,5000000.0,region,16622,138,138
365,False,2026-09-01 08:55:41+00:00,60004462,1,6964002784,125000000.0,region,18580,138,138
365,False,2026-09-02 20:09:35+00:00,60004462,1,6964002786,500000.0,region,19759,694,694
365,False,2026-09-02 20:09:31+00:00,60004462,1,6964002787,200000.0,region,19760,694,694
365,False,2026-09-02 20:09:46+00:00,60004462,1,6964002788,1000000.0,region,19761,694,694
365,False,2026-09-02 20:09:54+00:00,60004462,1,6964002789,800000.0,region,19766,694,694
365,False,2026-09-02 20:10:03+00:00,60004462,1,6964002792,600000.0,region,19922,694,694
365,False,2026-08-04 15:42:12+00:00,60004462,1,6964002793,1000000.0,region,20209,1388,1388
365,False,2026-08-16 01:39:23+00:00,60004462,1,6964002795,3000000.0,region,20211,1388,1388
365,False,2026-08-31 18:56:22+00:00,60004462,1,6964002797,10000000.0,region,20213,1388,1388
365,False,2026-09-03 16:19:39+00:00,60004462,1,6964002798,1000000.0,region,20312,1388,1388
365,False,2026-09-03 16:19:33+00:00,60004462,1,6964002799,90000.0,region,20314,1388,1388
365,False,2026-09-03 16:47:51+00:00,60004462,1,6964002801,50000000.0,region,20342,694,694
365,False,2026-08-31 15:18:05+00:00,60004462,1,6964002802,125000.0,region,20494,694,694
365,False,2026-09-02 17:06:11+00:00,60004462,1,6964002803,125000.0,region,20495,694,694
365,False,2026-09-03 14:33:26+00:00,60004462,1,6964002804,150000000.0,region,20530,2777,2777
365,False,2026-09-03 16:48:01+00:00,60004462,1,6964002805,450000000.0,region,20533,694,694
365,False,2026-09-02 06:46:41+00:00,60004462,1,6964002806,150000.0,region,21059,694,694
365,False,2026-09-03 16:19:05+00:00,60004462,1,6964002807,60000.0,region,21071,1388,1388
365,False,2026-09-03 05:31:44+00:00,60004462,1,6964002808,10000000.0,region,21603,6,6
365,False,2026-09-03 16:41:36+00:00,60004462,1,6964002809,20000000.0,region,21610,694,694
365,False,2026-09-03 16:41:15+00:00,60004462,1,6964002810,30000000.0,region,21611,694,694
365,False,2026-09-03 07:00:41+00:00,60004462,1,6964002811,15000000.0,region,21666,27,27
365,False,2026-09-03 10:22:36+00:00,60004462,1,6964002812,15000000.0,region,21668,1388,1388
365,False,2026-08-18 17:41:09+00:00,60004462,1,6964002813,250000.0,region,21718,694,694
365,False,2026-09-03 09:46:10+00:00,60004462,1,6964002814,25000000.0,region,21802,13,13
365,False,2026-09-03 14:33:21+00:00,60004462,1,6964002816,25000000.0,region,22043,6,6
365,False,2026-09-02 20:06:36+00:00,60004462,1,6964002817,332640.0,region,22176,694,694
365,False,2026-09-02 20:06:20+00:00,60004462,1,6964002818,332640.0,region,22178,694,694
365,False,2026-09-03 02:31:27+00:00,60004462,1,6964002819,100000.0,region,22578,641,641
365,False,2026-09-03 07:21:43+00:00,60004462,1,6964002820,35000000.0,region,22761,694,694
365,False,2026-09-03 02:22:30+00:00,60004462,1,6964002821,150000.0,region,22806,694,694
365,False,2026-09-03 02:22:20+00:00,60004462,1,6964002822,150000.0,region,22807,694,694
365,False,2026-09-03 02:22:36+00:00,60004462,1,6964002823,150000.0,region,22808,694,694
365,False,2026-09-03 16:47:44+00:00,60004462,1,6964002825,75000000.0,region,23069,694,694
365,False,2026-09-03 12:49:11+00:00,60004462,1,6964002826,600000.0,region,23566,694,694
365,False,2026-09-03 14:29:46+00:00,60004462,1,6964002827,650000.0,region,23594,694,694
365,False,2026-09-03 05:29:07+00:00,60004462,1,6964002828,150000.0,region,23606,694,694
365,False,2026-09-03 05:29:31+00:00,60004462,1,6964002829,100000.0,region,23618,694,694
365,False,2026-09-03 12:50:03+00:00,60004462,1,6964002830,65000000.0,region,23950,694,694
365,False,2026-09-03 12:50:03+00:00,60004462,1,6964002831,75000.0,region,24241,694,694
365,False,2026-09-01 17:37:04+00:00,60004462,1,6964002833,7500000.0,region,24268,138,138
365,False,2026-09-03 16:48:10+00:00,60004462,1,6964002837,550000000.0,region,24313,694,694
365,False,2026-09-03 07:20:05+00:00,60004462,1,6964002838,550000000.0,region,24314,694,694
365,False,2026-09-03 11:45:41+00:00,60004462,1,6964002840,250000000.0,region,24563,694,694
365,False,2026-09-02 08:55:34+00:00,60004462,1,6964002841,10000000.0,region,24568,69,69
365,False,2026-09-02 22:06:30+00:00,60004462,1,6964002842,15000000.0,region,24571,694,694
365,False,2026-09-03 10:03:10+00:00,60004462,1,6964002843,10000000.0,region,24572,694,694
365,False,2026-09-01 21:24:55+00:00,60004462,1,6964002844,125000000.0,region,24606,69,69
365,False,2026-09-03 11:16:25+00:00,60004462,1,6964002846,20000000.0,region,24624,69,69
365,False,2026-09-03 11:16:25+00:00,60004462,1,6964002847,20000000.0,region,24625,69,69
365,False,2026-09-01 13:56:37+00:00,60004462,1,6964002848,35000000.0,region,24764,694,694
365,False,2026-09-01 18:37:06+00:00,60004462,1,6964002849,150000.0,region,25233,208,208
365,False,2026-09-01 18:27:15+00:00,60004462,1,6964002850,175000.0,region,25235,208,208
365,False,2026-07-30 12:07:23+00:00,60004462,1,6964002851,3000000.0,region,25718,1388,1388
365,False,2026-09-02 23:28:49+00:00,60004462,1,6964002852,125000.0,region,25719,1388,1388
365,False,2026-08-29 19:06:04+00:00,60004462,1,6964002853,500000.0,region,25739,694,694
365,False,2026-09-03 15:50:25+00:00,60004462,1,6964002854,1000000.0,region,25810,694,694
365,False,2026-09-02 02:17:06+00:00,60004462,1,6964002858,75000.0,region,26252,694,694
365,False,2026-08-21 09:29:47+00:00,60004462,1,6964002859,250000.0,region,26253,694,694
365,False,2026-08-30 21:53:46+00:00,60004462,1,6964002860,125000.0,region,26254,694,694
365,False,2026-07-11 13:57:48+00:00,60004462,1,6964002861,250000.0,region,26255,694,694
365,False,2026-07-15 12:09:53+00:00,60004462,1,6964002862,250000.0,region,26256,694,694
365,False,2026-07-18 01:34:52+00:00,60004462,1,6964002863,250000.0,region,26257,694,694
365,False,2026-08-12 23:22:13+00:00,60004462,1,6964002864,250000.0,region,26258,694,694
365,False,2026-08-30 06:44:32+00:00,60004462,1,6964002865,250000.0,region,26259,694,694
365,False,2026-08-30 13:59:28+00:00,60004462,1,6964002866,250000.0,region,26260,694,694
365,False,2026-09-02 13:24:17+00:00,60004462,1,6964002867,250000.0,region,26261,694,694
365,False,2026-09-03 09:48:21+00:00,60004462,1,6964002869,25000000.0,region,27906,69,69
365,False,2026-09-01 14:33:03+00:00,60004462,1,6964002870,20000000.0,region,27911,694,694
365,False,2026-09-02 08:55:43+00:00,60004462,1,6964002871,10000000.0,region,27936,69,69
365,False,2026-09-02 20:03:59+00:00,60004462,1,6964002872,10000000.0,region,28073,1388,1388
365,False,2026-09-02 19:22:54+00:00,60004462,1,6964002874,35000000.0,region,28609,66,66
365,False,2026-09-02 19:23:03+00:00,60004462,1,6964002875,5000000.0,region,28615,66,66
365,False,2026-09-03 15:05:29+00:00,60004462,1,6964002876,65000000.0,region,28656,66,66
365,False,2026-09-03 07:19:40+00:00,60004462,1,6964002877,65000000.0,region,28667,66,66
365,False,2026-09-03 00:29:00+00:00,60004462,1,6964002878,1000000.0,region,28879,6944,6944
365,False,2026-09-03 16:48:30+00:00,60004462,1,6964002880,100000000.0,region,29029,66,66
365,False,2026-07-19 23:35:45+00:00,60005593,1,2620801675,2100000.0,region,689,7,7
365,False,2026-06-11 07:19:02+00:00,60005596,1,2620801676,2100000.0,region,689,7,7
365,False,2026-06-29 17:56:48+00:00,60005599,1,2620801677,2100000.0,region,689,7,7
365,False,2026-09-03 15:09:47+00:00,60004462,1,7189105700,100000.0,region,90727,694,694
365,False,2026-09-02 02:41:43+00:00,60004462,1,5381704190,100000.0,region,3349,59,59
365,False,2026-09-02 16:46:33+00:00,60004462,1,4518726197,250000000.0,region,41537,59,59
365,False,2026-09-03 12:50:03+00:00,60004462,1,5381704358,125000.0,region,3350,59,59
365,False,2026-09-03 13:52:13+00:00,60005593,1,4518726867,5000000.0,region,41590,807,807
365,False,2026-07-12 11:03:47+00:00,60005599,1,4518726869,5000000.0,region,41590,807,807
365,False,2026-08-31 11:05:27+00:00,60005593,1,1035013414,10000000.0,region,29993,27777,27777
365,False,2026-09-03 13:52:28+00:00,60005593,1,4518727574,5000000.0,region,41591,807,807
365,False,2026-07-14 11:05:16+00:00,60005596,1,4518727575,5000000.0,region,41591,807,807
365,False,2026-07-12 11:03:47+00:00,60005599,1,4518727576,5000000.0,region,41591,807,807
365,False,2026-09-03 13:05:04+00:00,60005608,1,4518727579,5000000.0,region,41591,807,807
365,False,2026-09-03 13:52:24+00:00,60005593,1,4518728281,5000000.0,region,41592,807,807
365,False,2026-06-17 11:03:51+00:00,60005596,1,4518728282,5000000.0,region,41592,807,807
365,False,2026-07-12 11:03:47+00:00,60005599,1,4518728283,5000000.0,region,41592,807,807
365,False,2026-09-03 13:04:29+00:00,60005608,1,4518728286,5000000.0,region,41592,807,807
365,False,2026-08-31 11:05:27+00:00,60005593,1,1035013564,10000000.0,region,29995,27777,27777
365,False,2026-09-03 13:52:19+00:00,60005593,1,4518728988,5000000.0,region,41593,807,807
365,False,2026-07-12 11:03:47+00:00,60005599,1,4518728990,5000000.0,region,41593,807,807
365,False,2026-09-03 13:04:16+00:00,60005608,1,4518728993,5000000.0,region,41593,807,807
365,False,2026-09-02 07:12:03+00:00,60004462,1,5381707106,100000.0,region,3395,595,595
365,False,2026-07-14 11:05:16+00:00,60005596,1,4518729696,5000000.0,region,41594,807,807
365,False,2026-07-14 11:05:16+00:00,60005608,1,4518729700,5000000.0,region,41594,807,807
365,False,2026-07-20 01:46:33+00:00,60005593,1,1249460263,750000.0,region,31132,37,37
365,False,2026-09-03 13:54:07+00:00,60005593,1,4518730402,5000000.0,region,41595,807,807
365,False,2026-07-14 11:05:16+00:00,60005596,1,4518730403,5000000.0,region,41595,807,807
365,False,2026-08-02 11:04:45+00:00,60005608,1,4518730407,5000000.0,region,41595,807,807
365,False,2026-08-11 13:38:32+00:00,60005599,1,1035014016,10000000.0,region,30009,27777,27777
365,False,2026-09-03 13:53:59+00:00,60005593,1,4518731109,5000000.0,region,41596,807,807
365,False,2026-07-14 11:05:16+00:00,60005596,1,4518731110,5000000.0,region,41596,807,807
365,False,2026-08-02 11:04:45+00:00,60005608,1,4518731114,5000000.0,region,41596,807,807
365,False,2026-09-03 13:53:54+00:00,60005593,1,4518731816,5000000.0,region,41597,807,807
365,False,2026-07-14 11:05:16+00:00,60005596,1,4518731817,5000000.0,region,41597,807,807
365,False,2026-07-12 11:03:47+00:00,60005599,1,4518731818,5000000.0,region,41597,807,807
365,False,2026-06-18 11:04:54+00:00,60005608,1,4518731821,5000000.0,region,41597,807,807
365,False,2026-07-26 11:05:00+00:00,60001537,1,4518732578,18400000.0,region,41601,25,25
365,False,2026-09-01 21:03:54+00:00,60001540,1,4518732579,18400000.0,region,41601,25,25
365,False,2026-08-05 15:30:57+00:00,60001543,1,4518732580,18400000.0,region,41601,25,25
365,False,2026-08-29 11:05:04+00:00,60001546,1,4518732581,18400000.0,region,41601,25,25
365,False,2026-08-29 13:45:04+00:00,60004462,1,6530951971,500000000.0,region,77739,41,41
365,False,2026-09-03 14:10:45+00:00,60004462,1,6530952040,500000000.0,region,77725,416,416
365,False,2026-09-02 13:53:46+00:00,60004462,1,5381711882,500000.0,region,3440,595,595
90,False,2026-08-31 20:23:20+00:00,60004462,1,7412807483,645800.0,region,2539,3,3
90,False,2026-07-25 07:18:17+00:00,60004462,1,7190510366,250000000.0,region,20532,2,2
90,False,2026-06-19 11:45:34+00:00,60004462,1,6982189015,100000000.0,region,41403,1,2
365,False,2026-09-01 18:13:25+00:00,60004462,1,6530952013,2500000000.0,region,77738,41,41
365,False,2026-08-18 11:27:41+00:00,60005593,1,5381719159,2500000.0,region,12092,138,138
365,False,2026-08-29 20:14:03+00:00,60005599,1,5381719161,2500000.0,region,12092,138,138
365,False,2026-09-02 19:52:03+00:00,60005608,1,5381719164,2500000.0,region,12092,138,138
365,False,2026-07-09 23:23:25+00:00,60005593,1,5381719887,30000000.0,region,12096,2,2
365,False,2026-08-13 12:46:55+00:00,60005599,1,5381719889,30000000.0,region,12096,2,2
365,False,2026-09-03 07:19:26+00:00,60005608,1,5381719892,30000000.0,region,12096,2,2
90,False,2026-07-28 16:00:29+00:00,60004462,1,7388696730,150000000.0,region,52307,1,1
365,False,2026-09-02 17:31:21+00:00,60004462,1,5381725125,300000.0,region,13279,595,595
365,False,2026-08-23 00:26:32+00:00,60005596,1,5381726782,35000000.0,region,19719,27,27
365,False,2026-09-02 09:38:39+00:00,60005599,1,5381726783,35000000.0,region,19719,27,27
365,False,2026-09-03 10:22:23+00:00,60005608,1,5381726786,35000000.0,region,19719,27,27
365,False,2026-09-03 14:29:40+00:00,60004462,1,5381714522,5000000.0,region,4385,595,595
90,False,2026-06-23 17:22:10+00:00,60004462,1,7363539701,250000000.0,region,20531,1,1
365,False,2026-09-02 06:07:07+00:00,60004462,1,5381737329,55000000.0,region,29637,595,595
365,False,2026-09-02 02:20:31+00:00,60004462,1,5381737497,15000000.0,region,30324,595,595
365,False,2026-09-02 17:32:45+00:00,60004462,1,5381738169,2000000.0,region,30651,595,595
365,False,2026-09-02 02:20:58+00:00,60004462,1,5381738673,15000000.0,region,30788,595,595
365,False,2026-09-03 16:43:45+00:00,60004462,1,5381738957,110000000.0,region,32339,59,59
365,False,2026-06-30 20:06:12+00:00,60004462,1,5381739009,50000.0,region,32918,595,595
365,False,2026-09-03 02:07:22+00:00,60004462,1,5381739177,250000.0,region,32999,595,595
365,False,2026-09-03 08:42:11+00:00,60004462,1,5381739345,250000.0,region,33000,595,595
365,False,2026-09-03 02:07:16+00:00,60004462,1,5381739513,250000.0,region,33001,595,595
365,False,2026-09-03 02:07:27+00:00,60004462,1,5381739681,250000.0,region,33002,595,595
90,False,2026-08-26 05:19:39+00:00,60004462,1,7210456370,150100000.0,region,20527,1,1
365,False,2026-09-01 21:19:24+00:00,60004462,1,5381739849,2500000.0,region,33095,595,595
365,False,2026-09-03 14:30:00+00:00,60004462,1,5381740185,2500000.0,region,33097,595,595
365,False,2026-09-03 12:14:10+00:00,60004462,1,5381740353,2500000.0,region,33098,595,595
365,False,2026-09-03 14:29:28+00:00,60004462,1,5381740521,125000.0,region,33699,595,595
365,False,2026-09-03 15:26:28+00:00,60004462,1,5381740689,5000000.0,region,33856,56,56
365,False,2026-09-03 16:42:06+00:00,60004462,1,5381741268,110000000.0,region,40572,59,59
365,False,2026-09-02 08:55:27+00:00,60004462,1,5381741616,30000000.0,region,41406,23,23
365,False,2026-09-03 10:22:44+00:00,60004462,1,5381741785,30000000.0,region,41409,119,119
365,False,2026-09-03 00:41:56+00:00,60004462,1,5381741867,30000000.0,region,41410,119,119
365,False,2026-09-03 02:11:07+00:00,60004462,1,5381741949,100000.0,region,43702,595,595
365,False,2026-09-03 11:16:26+00:00,60004462,1,5381742117,30000000.0,region,45749,595,595
365,False,2026-09-01 08:31:33+00:00,60004462,1,5381742475,65000000.0,region,47445,595,595
90,False,2026-06-28 19:55:56+00:00,60004462,1,7367545083,650000.0,region,1319,1,20
90,False,2026-08-02 10:14:41+00:00,60004462,1,7391877672,600000.0,region,585,1,1
365,False,2026-08-27 10:17:57+00:00,60005596,1,5381719160,2500000.0,region,12092,138,138
90,False,2026-07-20 16:36:44+00:00,60004462,1,7383177748,13000000.0,region,11433,2,4
365,False,2026-09-03 12:50:13+00:00,60004462,1,6582380335,75000000.0,region,22242,694,694
365,False,2026-08-30 11:05:02+00:00,60005596,1,5381719888,30000000.0,region,12096,2,2
365,False,2026-09-03 11:37:19+00:00,60004462,1,1035803778,5000000.0,region,30532,595,595
90,False,2026-08-07 02:12:58+00:00,60004462,1,7395039842,1999000.0,region,11082,1,2
365,False,2026-09-02 16:46:28+00:00,60004462,1,7063691855,250000000.0,region,88377,694,694
90,False,2026-07-20 16:37:38+00:00,60004462,1,7383178437,13000000.0,region,11447,5,6
365,False,2026-06-07 00:49:54+00:00,60005599,1,1249460265,750000.0,region,31132,37,37
90,False,2026-06-14 16:05:49+00:00,60001540,1,6648618862,5998000.0,region,21640,20,20
365,False,2026-08-06 17:29:43+00:00,60005599,1,1249460661,125000.0,region,31154,37,37
365,False,2026-09-02 22:04:56+00:00,60005608,1,1249460796,750000.0,region,31156,37,37
365,False,2026-08-31 00:35:49+00:00,60005608,1,1256544420,1250000.0,region,25951,1,1
365,False,2026-07-07 11:11:53+00:00,60005596,1,1249461911,125000.0,region,31202,1,1
90,False,2026-08-20 02:30:29+00:00,60004462,1,7395059737,4999000.0,region,12211,3,4
365,False,2026-07-29 15:01:34+00:00,60005596,1,911309252,20000.0,region,879,3,3
365,False,2026-07-14 11:05:16+00:00,60005596,1,4518726868,5000000.0,region,41590,807,807
365,False,2026-09-03 13:03:42+00:00,60005608,1,4518726872,5000000.0,region,41590,807,807
365,False,2026-07-20 10:09:54+00:00,60005593,1,4678305974,125000.0,region,43902,1,1
90,False,2026-06-15 18:23:23+00:00,60001537,1,7357317805,3200.0,region,242,4,8
365,False,2026-09-02 19:26:41+00:00,60004462,1,1605879907,1000000.0,region,2406,595,595
365,False,2026-09-03 13:47:41+00:00,60005593,1,4880584372,12655040.0,region,37621,4,4
365,False,2026-07-16 00:44:26+00:00,60005596,1,4880584373,12655040.0,region,37621,4,4
365,False,2026-09-01 11:30:12+00:00,60005599,1,4880584374,12655040.0,region,37621,4,4
365,False,2026-08-12 22:29:21+00:00,60005608,1,4880584377,12655040.0,region,37621,4,4
365,False,2026-07-06 13:37:13+00:00,60005593,1,4992783159,15000000.0,region,46157,13,13
365,False,2026-08-11 11:10:39+00:00,60005596,1,4992783160,15000000.0,region,46157,13,13
365,False,2026-08-11 11:10:39+00:00,60005596,1,4992783310,15000000.0,region,46158,13,13
365,False,2026-08-26 20:21:53+00:00,60005599,1,4992783311,15000000.0,region,46158,13,13
365,False,2026-08-16 15:51:54+00:00,60005593,1,4992783459,15000000.0,region,46159,13,13
365,False,2026-08-11 11:10:39+00:00,60005596,1,4992783460,15000000.0,region,46159,13,13
365,False,2026-08-26 20:21:53+00:00,60005599,1,4992783461,15000000.0,region,46159,13,13
365,False,2026-09-03 16:04:12+00:00,60005608,1,4992783464,15000000.0,region,46159,13,13
365,False,2026-07-17 11:04:05+00:00,60005596,1,4992783610,15000000.0,region,46160,13,13
365,False,2026-08-26 23:43:56+00:00,60005599,1,4992783611,15000000.0,region,46160,13,13
365,False,2026-07-25 21:00:25+00:00,60005593,1,4992783759,15000000.0,region,46161,13,13
365,False,2026-08-31 11:05:27+00:00,60005596,1,4992783760,15000000.0,region,46161,13,13
365,False,2026-08-26 20:21:53+00:00,60005599,1,4992783761,15000000.0,region,46161,13,13
365,False,2026-09-03 16:04:23+00:00,60005608,1,4992783764,15000000.0,region,46161,13,13
365,False,2026-07-25 21:03:59+00:00,60005593,1,4992783909,15000000.0,region,46162,13,13
365,False,2026-09-03 10:36:58+00:00,60005599,1,4992783911,15000000.0,region,46162,13,13
365,False,2026-09-02 20:40:09+00:00,60005608,1,4992783914,15000000.0,region,46162,13,13
365,False,2026-07-06 13:38:11+00:00,60005593,1,4992784059,15000000.0,region,46163,13,13
365,False,2026-08-26 20:21:53+00:00,60005599,1,4992784061,15000000.0,region,46163,13,13
365,False,2026-09-02 20:39:50+00:00,60005608,1,4992784064,15000000.0,region,46163,13,13
90,False,2026-07-25 07:19:30+00:00,60004462,1,7323768641,100000000.0,region,54826,1,1
365,False,2026-08-05 03:15:32+00:00,60005593,1,4992784209,15000000.0,region,46164,13,13
365,False,2026-08-31 11:05:27+00:00,60005596,1,4992784210,15000000.0,region,46164,13,13
365,False,2026-08-26 20:21:53+00:00,60005599,1,4992784211,15000000.0,region,46164,13,13
365,False,2026-09-02 20:38:59+00:00,60005608,1,4992784214,15000000.0,region,46164,13,13
365,False,2026-07-06 13:38:32+00:00,60005593,1,4992784359,15000000.0,region,46165,13,13
365,False,2026-08-31 11:05:27+00:00,60005596,1,4992784360,15000000.0,region,46165,13,13
365,False,2026-08-26 20:21:53+00:00,60005599,1,4992784361,15000000.0,region,46165,13,13
365,False,2026-09-03 16:32:15+00:00,60005608,1,4992784364,15000000.0,region,46165,13,13
365,False,2026-09-03 16:46:01+00:00,60004462,1,7288117979,110000000.0,region,92400,694,694
365,False,2026-09-02 11:08:41+00:00,60005596,1,1249464516,750000.0,region,31229,1,1
365,False,2026-08-31 11:05:27+00:00,60005596,1,4992784060,15000000.0,region,46163,13,13
365,False,2026-09-02 19:01:19+00:00,60004462,1,6375867765,7500000.0,region,3336,694,694
365,False,2026-09-03 01:49:46+00:00,60004462,1,5381729315,10000000.0,region,22541,595,595
90,False,2026-07-27 04:42:09+00:00,60004462,1,7387744618,190000000.0,region,20531,2,3
365,False,2026-08-31 18:07:30+00:00,60004462,1,4134025240,1000000.0,region,35680,595,595
365,False,2026-06-21 12:53:19+00:00,60005599,1,1249469058,125000.0,region,31359,1,1
90,False,2026-08-06 13:08:08+00:00,60004462,1,7394648856,38000000.0,region,41404,1,4
365,False,2026-09-03 05:57:03+00:00,60005608,1,1249469582,750000.0,region,31361,1,1
365,False,2026-08-02 14:04:22+00:00,60005599,1,1249470100,125000.0,region,31371,1,1
365,False,2026-09-03 05:56:25+00:00,60005608,1,1249470103,125000.0,region,31371,1,1
365,False,2026-08-21 04:52:23+00:00,60005608,1,5832730783,2344200.0,region,56749,18,18
365,False,2026-09-03 13:54:51+00:00,60005593,1,5832730788,2344200.0,region,56749,18,18
365,False,2026-08-23 11:05:21+00:00,60005596,1,5832730789,2344200.0,region,56749,18,18
365,False,2026-08-06 11:06:20+00:00,60005599,1,5832730790,2344200.0,region,56749,18,18
365,False,2026-06-08 20:08:25+00:00,60005599,1,1249472184,125000.0,region,31395,1,1
365,False,2026-08-11 23:16:29+00:00,60005599,1,911309703,70000.0,region,884,7,7
365,False,2026-09-03 13:48:31+00:00,60004462,1,3986209744,1000000.0,region,34533,595,595
365,False,2026-07-27 03:08:35+00:00,60005593,1,1249473745,750000.0,region,31409,1,1
365,False,2026-09-02 08:57:22+00:00,60004462,1,5381737665,15000000.0,region,30325,595,595
365,False,2026-07-10 11:05:01+00:00,60005593,1,2724777561,29986000.0,region,32982,11,11
365,False,2026-07-28 11:06:37+00:00,60005596,1,2724777562,29986000.0,region,32982,11,11
365,False,2026-06-30 11:03:50+00:00,60005599,1,2724777563,29986000.0,region,32982,11,11
365,False,2026-08-30 05:13:39+00:00,60005608,1,2724777566,29986000.0,region,32982,11,11
365,False,2026-07-15 12:35:47+00:00,60005599,1,911308803,160000.0,region,812,2,2
365,False,2026-09-01 13:29:27+00:00,60004462,1,5381738001,2000000.0,region,30650,595,595
365,False,2026-09-03 13:46:24+00:00,60005593,1,911309071,90000.0,region,821,7,7
365,False,2026-09-01 11:30:12+00:00,60005596,1,911309072,90000.0,region,821,7,7
365,False,2026-09-03 06:10:16+00:00,60005608,1,911309076,90000.0,region,821,7,7
365,False,2026-09-03 12:34:31+00:00,60005608,1,911309256,20000.0,region,879,3,3
365,False,2026-08-31 15:58:54+00:00,60004462,1,5381738337,2000000.0,region,30652,595,595
365,False,2026-08-12 17:41:59+00:00,60005599,1,911309433,40000.0,region,881,7,7
365,False,2026-09-02 14:22:44+00:00,60004462,1,5381738505,2000000.0,region,30653,595,595
365,False,2026-08-18 04:36:43+00:00,60005599,1,911309613,60000.0,region,883,7,7
365,False,2026-09-01 19:39:27+00:00,60005608,1,911309616,60000.0,region,883,7,7
365,False,2026-07-26 11:05:00+00:00,60005596,1,911309702,70000.0,region,884,7,7
90,False,2026-06-24 03:07:37+00:00,60004462,1,7258826127,39190000.0,region,55035,1,3
365,False,2026-09-03 13:27:46+00:00,60005608,1,911309886,100000.0,region,886,7,7
365,False,2026-07-05 19:57:26+00:00,60005593,1,911310061,165000.0,region,889,11,11
365,False,2026-08-01 21:13:51+00:00,60005599,1,911310153,235000.0,region,891,7,7
365,False,2026-08-04 09:47:05+00:00,60005599,1,911310333,2800000.0,region,945,7,7
365,False,2026-09-03 13:49:25+00:00,60005593,1,911310691,199680.0,region,1109,2,2
365,False,2026-07-27 11:04:55+00:00,60005599,1,911310873,29440.0,region,1208,79,79
365,False,2026-09-03 12:24:22+00:00,60004462,1,5381740017,2500000.0,region,33096,595,595
365,False,2026-09-02 00:30:34+00:00,60005608,1,911311056,16640.0,region,1318,18,18
365,False,2026-08-04 11:05:04+00:00,60005599,1,911311323,50000.0,region,2047,27,27
365,False,2026-09-01 11:30:12+00:00,60005596,1,911311412,300000.0,region,2465,5,5
365,False,2026-07-31 08:29:48+00:00,60005599,1,911311413,300000.0,region,2465,5,5
365,False,2026-09-02 20:09:11+00:00,60005608,1,911311506,16640.0,region,2604,18,18
365,False,2026-09-03 16:52:05+00:00,60004462,1,7352161918,2500000000.0,region,93983,38,38
365,False,2026-08-11 11:10:39+00:00,60005596,1,911311862,19986000.0,region,10247,1,1
90,False,2026-06-14 08:05:08+00:00,60001483,1,7356034745,1400000.0,region,16236,3,10
365,False,2026-06-17 11:13:20+00:00,60005596,1,911312312,296960.0,region,11629,18,18
3,False,2026-09-01 02:57:13+00:00,60004462,1,7412983782,153200.0,region,3324,1,1
365,False,2026-09-01 00:23:22+00:00,60005596,1,911312762,364560.0,region,11873,1,1
365,False,2026-09-01 21:13:16+00:00,60005608,1,911312766,364560.0,region,11873,1,1
365,False,2026-08-11 11:10:39+00:00,60005608,1,2994499947,50000000.0,region,31122,37,37
365,False,2026-09-03 13:51:24+00:00,60005593,1,911313031,282640.0,region,11889,1,1
365,False,2026-08-19 14:30:38+00:00,60005599,1,911313213,282640.0,region,11891,1,1
365,False,2026-08-01 11:04:53+00:00,60005599,1,1249479056,125000.0,region,31657,37,37
365,False,2026-08-26 12:57:51+00:00,60005608,1,1249479059,125000.0,region,31657,37,37
365,False,2026-08-25 03:53:33+00:00,60005593,1,1249459603,125000.0,region,31106,37,37
365,False,2026-08-22 05:35:47+00:00,60005596,1,1249459604,125000.0,region,31106,37,37
365,False,2026-08-27 00:27:47+00:00,60005599,1,1249459605,125000.0,region,31106,37,37
365,False,2026-09-02 23:49:00+00:00,60005608,1,1249459608,125000.0,region,31106,37,37
365,False,2026-07-06 10:31:33+00:00,60005596,1,911313482,322560.0,region,12057,2,2
365,False,2026-08-22 05:36:05+00:00,60005596,1,1249459736,750000.0,region,31108,37,37
365,False,2026-07-13 09:12:21+00:00,60005599,1,1249459737,750000.0,region,31108,37,37
365,False,2026-08-26 13:16:22+00:00,60005608,1,1249459740,750000.0,region,31108,37,37
365,False,2026-08-25 03:53:40+00:00,60005593,1,1249459867,125000.0,region,31118,37,37
365,False,2026-08-22 05:35:28+00:00,60005596,1,1249459868,125000.0,region,31118,37,37
365,False,2026-07-07 04:48:24+00:00,60005599,1,1249459869,125000.0,region,31118,37,37
365,False,2026-08-31 16:10:07+00:00,60005608,1,1249459872,125000.0,region,31118,37,37
365,False,2026-07-27 03:04:55+00:00,60005593,1,1249459999,750000.0,region,31120,37,37
365,False,2026-09-03 11:46:40+00:00,60005596,1,1249460000,750000.0,region,31120,37,37
365,False,2026-08-27 00:37:06+00:00,60005599,1,1249460001,750000.0,region,31120,37,37
365,False,2026-09-02 11:47:55+00:00,60005608,1,1249460004,750000.0,region,31120,37,37
365,False,2026-08-25 03:53:45+00:00,60005593,1,1249460131,125000.0,region,31130,37,37
365,False,2026-06-09 11:08:49+00:00,60005596,1,1249460132,125000.0,region,31130,37,37
365,False,2026-08-28 16:44:34+00:00,60005599,1,1249460133,125000.0,region,31130,37,37
365,False,2026-09-01 13:10:25+00:00,60005608,1,1249460136,125000.0,region,31130,37,37
365,False,2026-08-29 11:05:04+00:00,60005596,1,1249460264,750000.0,region,31132,37,37
365,False,2026-08-26 13:16:12+00:00,60005608,1,1249460268,750000.0,region,31132,37,37
365,False,2026-08-25 03:53:53+00:00,60005593,1,1249460395,125000.0,region,31142,37,37
365,False,2026-06-09 11:08:49+00:00,60005596,1,1249460396,125000.0,region,31142,37,37
365,False,2026-06-07 00:50:08+00:00,60005599,1,1249460397,125000.0,region,31142,37,37
365,False,2026-08-17 20:43:33+00:00,60005608,1,1249460400,125000.0,region,31142,37,37
365,False,2026-06-18 11:04:54+00:00,60005593,1,1249460527,750000.0,region,31144,37,37
365,False,2026-08-24 11:05:21+00:00,60005596,1,1249460528,750000.0,region,31144,37,37
365,False,2026-06-07 00:49:54+00:00,60005599,1,1249460529,750000.0,region,31144,37,37
365,False,2026-08-26 13:16:08+00:00,60005608,1,1249460532,750000.0,region,31144,37,37
365,False,2026-09-01 20:29:20+00:00,60005593,1,1249460659,125000.0,region,31154,37,37
365,False,2026-08-28 14:50:10+00:00,60005596,1,1249460660,125000.0,region,31154,37,37
365,False,2026-08-31 16:09:25+00:00,60005608,1,1249460664,125000.0,region,31154,37,37
365,False,2026-08-25 03:55:20+00:00,60005593,1,1249460791,750000.0,region,31156,37,37
365,False,2026-08-22 05:36:12+00:00,60005596,1,1249460792,750000.0,region,31156,37,37
365,False,2026-08-06 17:25:12+00:00,60005599,1,1249460793,750000.0,region,31156,37,37
365,False,2026-07-21 11:05:58+00:00,60005593,1,1249479450,750000.0,region,31671,37,37
365,False,2026-07-27 03:05:46+00:00,60005593,1,1249460923,125000.0,region,31160,37,37
365,False,2026-08-28 14:50:02+00:00,60005596,1,1249460924,125000.0,region,31160,37,37
365,False,2026-06-07 00:50:08+00:00,60005599,1,1249460925,125000.0,region,31160,37,37
365,False,2026-09-02 17:23:25+00:00,60005608,1,1249460928,125000.0,region,31160,37,37
365,False,2026-08-25 03:53:19+00:00,60005593,1,1249461055,750000.0,region,31162,37,37
365,False,2026-08-28 14:49:21+00:00,60005596,1,1249461056,750000.0,region,31162,37,37
365,False,2026-07-06 10:32:09+00:00,60005599,1,1249461057,750000.0,region,31162,37,37
365,False,2026-09-01 13:10:25+00:00,60005608,1,1249461060,750000.0,region,31162,37,37
365,False,2026-08-07 21:27:02+00:00,60005596,1,3875288545,10000000.0,region,34397,27777,27777
365,False,2026-08-30 01:57:23+00:00,60005593,1,1249461187,125000.0,region,31178,37,37
365,False,2026-08-22 15:35:15+00:00,60005596,1,1249461188,125000.0,region,31178,37,37
365,False,2026-07-05 22:26:31+00:00,60005599,1,1249461189,125000.0,region,31178,37,37
365,False,2026-09-02 16:48:30+00:00,60005608,1,1249461192,125000.0,region,31178,37,37
365,False,2026-08-25 03:55:14+00:00,60005593,1,1249461319,750000.0,region,31180,37,37
365,False,2026-08-28 14:49:31+00:00,60005596,1,1249461320,750000.0,region,31180,37,37
365,False,2026-08-28 16:42:18+00:00,60005599,1,1249461321,750000.0,region,31180,37,37
365,False,2026-08-30 23:24:47+00:00,60005608,1,1249461324,750000.0,region,31180,37,37
365,False,2026-08-25 03:54:56+00:00,60005593,1,1249461451,125000.0,region,31190,37,37
365,False,2026-06-09 11:08:49+00:00,60005596,1,1249461452,125000.0,region,31190,37,37
365,False,2026-06-07 00:50:08+00:00,60005599,1,1249461453,125000.0,region,31190,37,37
365,False,2026-09-01 21:53:05+00:00,60005608,1,1249461456,125000.0,region,31190,37,37
365,False,2026-08-25 03:55:08+00:00,60005593,1,1249461583,750000.0,region,31192,37,37
365,False,2026-08-24 11:05:21+00:00,60005596,1,1249461584,750000.0,region,31192,37,37
365,False,2026-06-07 00:49:54+00:00,60005599,1,1249461585,750000.0,region,31192,37,37
365,False,2026-08-17 20:45:12+00:00,60005608,1,1249461588,750000.0,region,31192,37,37
365,False,2026-06-29 11:03:45+00:00,60005593,1,1249461910,125000.0,region,31202,1,1
365,False,2026-08-20 11:06:59+00:00,60005599,1,1249461912,125000.0,region,31202,1,1
365,False,2026-09-02 13:48:50+00:00,60005608,1,1249461915,125000.0,region,31202,1,1
365,False,2026-08-23 11:05:21+00:00,60005593,1,1249462431,750000.0,region,31204,1,1
365,False,2026-06-07 11:03:52+00:00,60005596,1,1249462432,750000.0,region,31204,1,1
365,False,2026-07-22 11:06:09+00:00,60005599,1,1249462433,750000.0,region,31204,1,1
365,False,2026-08-19 18:17:18+00:00,60005596,1,4678305975,125000.0,region,43902,1,1
365,False,2026-06-17 16:50:40+00:00,60005599,1,4678305976,125000.0,region,43902,1,1
365,False,2026-09-01 01:14:47+00:00,60005608,1,4678305979,125000.0,region,43902,1,1
365,False,2026-07-09 14:30:37+00:00,60005593,1,1249479714,750000.0,region,31683,37,37
365,False,2026-09-03 13:49:36+00:00,60005593,1,911314021,998400.0,region,12266,18,18
365,False,2026-08-17 19:07:22+00:00,60005593,1,1249462952,125000.0,region,31214,1,1
365,False,2026-08-14 17:08:28+00:00,60005596,1,1249462953,125000.0,region,31214,1,1
365,False,2026-09-03 11:06:51+00:00,60005599,1,1249462954,125000.0,region,31214,1,1
365,False,2026-09-02 20:11:10+00:00,60005608,1,1249462957,125000.0,region,31214,1,1
365,False,2026-07-27 03:08:35+00:00,60005593,1,4678306495,750000.0,region,43904,1,1
365,False,2026-08-06 21:33:55+00:00,60005596,1,4678306496,750000.0,region,43904,1,1
365,False,2026-08-12 17:10:47+00:00,60005599,1,4678306497,750000.0,region,43904,1,1
365,False,2026-08-18 00:03:12+00:00,60005608,1,4678306500,750000.0,region,43904,1,1
365,False,2026-08-17 19:07:43+00:00,60005593,1,1249463473,750000.0,region,31216,1,1
365,False,2026-06-07 11:03:52+00:00,60005596,1,1249463474,750000.0,region,31216,1,1
365,False,2026-08-20 11:06:59+00:00,60005599,1,1249463475,750000.0,region,31216,1,1
365,False,2026-08-31 02:53:49+00:00,60005608,1,1249463478,750000.0,region,31216,1,1
365,False,2026-09-03 13:43:25+00:00,60005593,1,4678307016,1250000.0,region,43906,1,1
365,False,2026-06-25 10:24:54+00:00,60005596,1,4678307017,1250000.0,region,43906,1,1
365,False,2026-08-02 11:04:45+00:00,60005599,1,4678307018,1250000.0,region,43906,1,1
365,False,2026-08-20 18:01:08+00:00,60005608,1,4678307021,1250000.0,region,43906,1,1
365,False,2026-08-01 11:04:53+00:00,60005593,1,1249463994,125000.0,region,31227,1,1
365,False,2026-09-02 11:08:41+00:00,60005596,1,1249463995,125000.0,region,31227,1,1
365,False,2026-06-08 20:08:17+00:00,60005599,1,1249463996,125000.0,region,31227,1,1
365,False,2026-09-01 01:14:58+00:00,60005608,1,1249463999,125000.0,region,31227,1,1
365,False,2026-07-22 11:06:09+00:00,60005593,1,4678307537,50000000.0,region,43908,1,1
365,False,2026-07-22 11:06:09+00:00,60005596,1,4678307538,50000000.0,region,43908,1,1
365,False,2026-07-27 11:04:55+00:00,60005599,1,4678307539,50000000.0,region,43908,1,1
365,False,2026-07-23 02:08:22+00:00,60005608,1,4678307542,50000000.0,region,43908,1,1
365,False,2026-07-24 11:09:24+00:00,60005596,1,1249479979,750000.0,region,31695,37,37
365,False,2026-06-18 11:04:54+00:00,60005593,1,1249464515,750000.0,region,31229,1,1
365,False,2026-07-19 11:03:50+00:00,60005599,1,1249464517,750000.0,region,31229,1,1
365,False,2026-08-31 00:34:43+00:00,60005608,1,1249464520,750000.0,region,31229,1,1
365,False,2026-09-02 21:09:06+00:00,60005608,1,911314296,5000000.0,region,17324,3703700,3703700
365,False,2026-08-01 11:04:53+00:00,60005593,1,1249465036,125000.0,region,31239,1,1
365,False,2026-07-10 11:05:01+00:00,60005599,1,1249465038,125000.0,region,31239,1,1
365,False,2026-08-31 02:53:22+00:00,60005608,1,1249465041,125000.0,region,31239,1,1
365,False,2026-08-19 14:27:40+00:00,60005599,1,911314383,5000000.0,region,17325,3703700,3703700
365,False,2026-07-09 11:04:57+00:00,60005593,1,1249465557,750000.0,region,31241,1,1
365,False,2026-06-07 11:03:52+00:00,60005596,1,1249465558,750000.0,region,31241,1,1
365,False,2026-08-25 11:07:12+00:00,60005599,1,1249465559,750000.0,region,31241,1,1
365,False,2026-07-27 00:58:22+00:00,60005608,1,1249465562,750000.0,region,31241,1,1
365,False,2026-08-13 11:06:30+00:00,60005593,1,1249466078,125000.0,region,31251,1,1
365,False,2026-06-28 11:03:55+00:00,60005596,1,1249466079,125000.0,region,31251,1,1
365,False,2026-06-22 11:05:21+00:00,60005599,1,1249466080,125000.0,region,31251,1,1
365,False,2026-07-27 15:09:12+00:00,60005608,1,1249466083,125000.0,region,31251,1,1
365,False,2026-06-23 11:05:04+00:00,60005593,1,1249466599,750000.0,region,31253,1,1
365,False,2026-06-28 11:03:55+00:00,60005596,1,1249466600,750000.0,region,31253,1,1
365,False,2026-08-17 11:34:29+00:00,60005599,1,1249466601,750000.0,region,31253,1,1
365,False,2026-08-22 20:00:21+00:00,60005608,1,1249466604,750000.0,region,31253,1,1
365,False,2026-07-26 12:40:39+00:00,60005593,1,911314651,5000000.0,region,17342,3703700,3703700
365,False,2026-07-27 03:08:35+00:00,60005593,1,1249469056,125000.0,region,31359,1,1
365,False,2026-08-19 18:17:08+00:00,60005596,1,1249469057,125000.0,region,31359,1,1
365,False,2026-09-03 05:56:10+00:00,60005608,1,1249469061,125000.0,region,31359,1,1
365,False,2026-07-04 19:09:48+00:00,60005593,1,1249469577,750000.0,region,31361,1,1
365,False,2026-08-22 05:38:02+00:00,60005596,1,1249469578,750000.0,region,31361,1,1
365,False,2026-08-24 00:45:27+00:00,60005599,1,1249469579,750000.0,region,31361,1,1
365,False,2026-07-12 23:11:53+00:00,60005593,1,1249470098,125000.0,region,31371,1,1
365,False,2026-08-19 18:17:11+00:00,60005596,1,1249470099,125000.0,region,31371,1,1
365,False,2026-07-13 01:07:12+00:00,60005593,1,1249470619,750000.0,region,31373,1,1
365,False,2026-08-24 00:45:45+00:00,60005596,1,1249470620,750000.0,region,31373,1,1
365,False,2026-08-02 14:04:28+00:00,60005599,1,1249470621,750000.0,region,31373,1,1
365,False,2026-09-03 05:57:17+00:00,60005608,1,1249470624,750000.0,region,31373,1,1
365,False,2026-08-01 11:04:53+00:00,60005593,1,1249471140,125000.0,region,31383,1,1
365,False,2026-07-30 11:05:55+00:00,60005596,1,1249471141,125000.0,region,31383,1,1
365,False,2026-06-08 20:08:08+00:00,60005599,1,1249471142,125000.0,region,31383,1,1
365,False,2026-09-01 13:10:25+00:00,60005608,1,1249471145,125000.0,region,31383,1,1
365,False,2026-06-18 11:04:54+00:00,60005593,1,1249471661,750000.0,region,31385,1,1
365,False,2026-09-02 11:08:41+00:00,60005596,1,1249471662,750000.0,region,31385,1,1
365,False,2026-07-19 11:03:50+00:00,60005599,1,1249471663,750000.0,region,31385,1,1
365,False,2026-08-05 21:30:52+00:00,60005608,1,1249471666,750000.0,region,31385,1,1
365,False,2026-09-03 14:11:35+00:00,60004462,1,7138274524,15000000.0,region,89689,69,69
365,False,2026-08-29 11:05:04+00:00,60005593,1,1249472182,125000.0,region,31395,1,1
365,False,2026-09-02 11:08:41+00:00,60005596,1,1249472183,125000.0,region,31395,1,1
365,False,2026-09-01 13:10:25+00:00,60005608,1,1249472187,125000.0,region,31395,1,1
365,False,2026-06-05 16:20:39+00:00,60005593,1,1249472703,750000.0,region,31397,1,1
365,False,2026-07-24 11:09:24+00:00,60005596,1,1249472704,750000.0,region,31397,1,1
365,False,2026-07-19 11:03:50+00:00,60005599,1,1249472705,750000.0,region,31397,1,1
365,False,2026-08-31 00:34:38+00:00,60005608,1,1249472708,750000.0,region,31397,1,1
365,False,2026-07-27 03:08:35+00:00,60005593,1,1249473224,125000.0,region,31407,1,1
365,False,2026-08-19 18:17:41+00:00,60005596,1,1249473225,125000.0,region,31407,1,1
365,False,2026-07-20 10:11:13+00:00,60005599,1,1249473226,125000.0,region,31407,1,1
365,False,2026-06-25 10:23:46+00:00,60005596,1,1249473746,750000.0,region,31409,1,1
365,False,2026-06-08 20:07:27+00:00,60005599,1,1249473747,750000.0,region,31409,1,1
365,False,2026-08-31 06:29:14+00:00,60005608,1,1249473750,750000.0,region,31409,1,1
365,False,2026-06-11 11:05:15+00:00,60005593,1,1249479054,125000.0,region,31657,37,37
365,False,2026-07-04 11:03:44+00:00,60005596,1,1249479055,125000.0,region,31657,37,37
365,False,2026-07-06 11:03:41+00:00,60005593,1,1249479186,750000.0,region,31659,37,37
365,False,2026-07-12 11:03:47+00:00,60005596,1,1249479187,750000.0,region,31659,37,37
365,False,2026-07-27 11:04:55+00:00,60005599,1,1249479188,750000.0,region,31659,37,37
365,False,2026-08-24 01:34:07+00:00,60005608,1,1249479191,750000.0,region,31659,37,37
365,False,2026-08-29 11:05:04+00:00,60005593,1,1249479318,125000.0,region,31669,37,37
365,False,2026-08-02 16:31:23+00:00,60005596,1,1249479319,125000.0,region,31669,37,37
365,False,2026-08-01 11:04:53+00:00,60005599,1,1249479320,125000.0,region,31669,37,37
365,False,2026-09-01 01:15:50+00:00,60005608,1,1249479323,125000.0,region,31669,37,37
365,False,2026-07-24 11:09:24+00:00,60005596,1,1249479451,750000.0,region,31671,37,37
365,False,2026-06-22 11:05:21+00:00,60005599,1,1249479452,750000.0,region,31671,37,37
365,False,2026-08-31 02:48:56+00:00,60005608,1,1249479455,750000.0,region,31671,37,37
365,False,2026-07-15 11:05:18+00:00,60005593,1,1249479582,125000.0,region,31681,37,37
365,False,2026-06-08 02:33:20+00:00,60005596,1,1249479583,125000.0,region,31681,37,37
365,False,2026-07-17 11:04:05+00:00,60005599,1,1249479584,125000.0,region,31681,37,37
365,False,2026-09-01 13:10:25+00:00,60005608,1,1249479587,125000.0,region,31681,37,37
365,False,2026-08-29 11:05:04+00:00,60005596,1,1249479715,750000.0,region,31683,37,37
365,False,2026-08-20 11:06:59+00:00,60005599,1,1249479716,750000.0,region,31683,37,37
365,False,2026-09-02 22:04:56+00:00,60005608,1,1249479719,750000.0,region,31683,37,37
365,False,2026-08-29 11:05:04+00:00,60005593,1,1249479846,125000.0,region,31693,37,37
365,False,2026-07-24 11:09:24+00:00,60005596,1,1249479847,125000.0,region,31693,37,37
365,False,2026-08-20 11:06:59+00:00,60005599,1,1249479848,125000.0,region,31693,37,37
365,False,2026-08-18 21:28:43+00:00,60005608,1,1249479851,125000.0,region,31693,37,37
365,False,2026-09-03 11:06:51+00:00,60005593,1,1249479978,750000.0,region,31695,37,37
365,False,2026-07-27 11:04:55+00:00,60005599,1,1249479980,750000.0,region,31695,37,37
365,False,2026-08-22 19:59:16+00:00,60005608,1,1249479983,750000.0,region,31695,37,37
365,False,2026-08-29 11:05:04+00:00,60005593,1,1249480110,125000.0,region,31705,37,37
365,False,2026-07-22 11:06:09+00:00,60005596,1,1249480111,125000.0,region,31705,37,37
365,False,2026-08-25 11:07:12+00:00,60005599,1,1249480112,125000.0,region,31705,37,37
365,False,2026-08-16 14:47:49+00:00,60005608,1,1249480115,125000.0,region,31705,37,37
365,False,2026-07-06 11:03:41+00:00,60005593,1,1249480242,750000.0,region,31707,37,37
365,False,2026-07-27 11:04:55+00:00,60005599,1,1249480244,750000.0,region,31707,37,37
365,False,2026-08-22 19:59:27+00:00,60005608,1,1249480247,750000.0,region,31707,37,37
90,False,2026-07-21 10:43:30+00:00,60004462,1,7383655790,9000000.0,region,12202,1,3
365,False,2026-09-03 13:41:59+00:00,60005593,1,1256549029,1250000.0,region,26039,37,37
365,False,2026-06-14 22:04:54+00:00,60005599,1,2994501063,50000000.0,region,31206,1,1
90,False,2026-08-11 13:48:29+00:00,60004462,1,7398339818,39000000.0,region,54841,3,3
365,False,2026-09-03 13:54:46+00:00,60005593,1,911318611,2344200.0,region,22779,18,18
90,False,2026-08-11 13:54:20+00:00,60004462,1,7398342565,38000000.0,region,41408,4,5
90,False,2026-06-09 21:49:22+00:00,60004462,1,7221134185,14990000.0,region,11447,1,3
365,False,2026-07-12 11:03:47+00:00,60005599,1,4518730404,5000000.0,region,41595,807,807
365,False,2026-08-31 16:07:11+00:00,60005608,1,4463843272,15000000.0,region,41221,2,2
90,False,2026-06-28 19:05:29+00:00,60005599,1,7363744635,253000.0,region,31153,426,450
90,False,2026-06-14 15:59:43+00:00,60001543,1,6648616268,7998000.0,region,2478,10,10
90,False,2026-06-14 16:01:29+00:00,60001543,1,6648616584,5998000.0,region,2175,16,20
90,False,2026-06-14 16:02:04+00:00,60001543,1,6648616837,5998000.0,region,21640,10,20
90,False,2026-06-14 16:04:30+00:00,60001540,1,6648618237,3998000.0,region,2205,20,20
90,False,2026-06-14 16:04:44+00:00,60001540,1,6648618278,7998000.0,region,2478,10,10
90,False,2026-06-14 16:04:50+00:00,60001540,1,6648618363,5998000.0,region,2185,16,20
90,False,2026-06-14 16:05:11+00:00,60001540,1,6648618557,5998000.0,region,2175,16,20
90,False,2026-06-14 16:05:18+00:00,60001540,1,6648618625,7998000.0,region,2446,10,10
90,False,2026-06-14 16:05:28+00:00,60001540,1,6648618788,7998000.0,region,2195,10,10
90,False,2026-06-14 16:06:01+00:00,60001540,1,6648619028,5998000.0,region,21638,20,20
90,False,2026-06-14 16:06:17+00:00,60001540,1,6648619214,7998000.0,region,2436,10,10
365,False,2026-08-19 20:51:04+00:00,60004462,1,6381234407,20000.0,region,21853,8333,8333
90,False,2026-08-22 10:23:51+00:00,60001546,1,7342780554,1089.0,region,20,11000,24000
90,False,2026-08-22 10:24:24+00:00,60001546,1,7342780595,689.9,region,1227,56166,56166
365,False,2026-09-03 13:44:23+00:00,60005593,1,1256549689,1250000.0,region,26057,37,37
90,False,2026-06-22 15:09:07+00:00,60004462,1,7362708932,134900000.0,region,54794,1,1
365,False,2026-09-01 11:30:12+00:00,60005596,1,4463843821,1500000.0,region,41230,8079,8079
30,False,2026-09-02 18:44:47+00:00,60005599,1,7414094404,6500.0,region,2464,100,100
365,False,2026-08-18 06:22:52+00:00,60004462,1,4677311483,20000.0,region,27015,11904,11904
90,False,2026-06-10 20:47:14+00:00,60001540,1,7353277944,207000.0,region,10692,2,2
90,False,2026-07-15 15:48:43+00:00,60004462,1,7379493423,6000000.0,region,11443,1,6
365,False,2026-09-03 02:11:13+00:00,60004462,1,4677316426,18000000.0,region,43703,595,595
365,False,2026-09-01 17:52:57+00:00,60004462,1,4677316594,200000000.0,region,43728,595,595
365,False,2026-09-02 16:52:10+00:00,60005608,1,911323836,1500000.0,region,29000,8079,8079
365,False,2026-06-20 14:37:42+00:00,60005593,1,4677317080,30000000.0,region,43911,1,1
365,False,2026-06-17 11:03:51+00:00,60005596,1,4677317081,30000000.0,region,43911,1,1
365,False,2026-06-30 11:03:50+00:00,60005599,1,4677317082,30000000.0,region,43911,1,1
365,False,2026-08-16 14:50:03+00:00,60005608,1,4677317085,30000000.0,region,43911,1,1
90,False,2026-06-14 16:49:35+00:00,60004462,1,7356433985,5151000.0,region,12093,1,1
365,False,2026-08-08 04:39:47+00:00,60005608,1,1249462436,750000.0,region,31204,1,1
90,False,2026-08-22 05:54:22+00:00,60004462,1,7405723987,2998000.0,region,25718,1,3
365,False,2026-09-03 07:16:16+00:00,60004462,1,4677329740,250000000.0,region,44067,595,595
365,False,2026-09-03 13:44:13+00:00,60005593,1,1256550613,1250000.0,region,26073,37,37
14,False,2026-08-22 06:28:12+00:00,60005599,1,7405737375,32350.0,region,28668,171,500
365,False,2026-09-02 11:08:41+00:00,60005593,1,2994500206,50000000.0,region,31146,37,37
365,False,2026-06-23 14:05:04+00:00,60005608,1,2994500211,50000000.0,region,31146,37,37
365,False,2026-06-21 11:03:49+00:00,60005596,1,2994500339,50000000.0,region,31158,37,37
365,False,2026-07-27 11:04:55+00:00,60005593,1,2994500470,50000000.0,region,31164,37,37
365,False,2026-06-14 22:04:54+00:00,60005599,1,2994500472,50000000.0,region,31164,37,37
365,False,2026-07-12 11:03:47+00:00,60005593,1,2994500602,50000000.0,region,31182,37,37
365,False,2026-08-24 11:05:21+00:00,60005596,1,2994500735,50000000.0,region,31194,37,37
365,False,2026-06-23 11:05:04+00:00,60005593,1,2994501061,50000000.0,region,31206,1,1
365,False,2026-06-23 11:05:04+00:00,60005599,1,2994501584,50000000.0,region,31218,1,1
365,False,2026-07-22 11:06:09+00:00,60005596,1,2994502104,50000000.0,region,31231,1,1
365,False,2026-07-23 02:07:29+00:00,60005608,1,2994502108,50000000.0,region,31231,1,1
365,False,2026-08-23 17:50:37+00:00,60005608,1,1256545462,1250000.0,region,25955,1,1
90,False,2026-06-14 16:01:37+00:00,60001543,1,6648616679,7998000.0,region,2446,9,10
365,False,2026-09-02 20:10:07+00:00,60004462,1,2545625091,600000.0,region,4411,595,595
365,False,2026-06-17 14:20:44+00:00,60001483,1,2545625552,120000.0,region,32783,2,2
365,False,2026-08-17 13:27:37+00:00,60001486,1,2545625553,120000.0,region,32783,2,2
90,False,2026-06-14 16:05:05+00:00,60001540,1,6912970764,3998000.0,region,2466,14,20
90,False,2026-07-07 14:55:35+00:00,60004462,1,7320846097,130000000.0,region,54794,1,4
365,False,2026-09-03 13:53:21+00:00,60005593,1,4177217049,1500000.0,region,35796,8079,8079
365,False,2026-06-07 11:03:52+00:00,60005599,1,4177217051,1500000.0,region,35796,8079,8079
365,False,2026-08-09 13:21:40+00:00,60005608,1,4177217054,1500000.0,region,35796,8079,8079
365,False,2026-09-03 13:53:03+00:00,60005593,1,4177217756,1500000.0,region,35797,8079,8079
365,False,2026-08-09 13:21:59+00:00,60005608,1,4177217761,1500000.0,region,35797,8079,8079
365,False,2026-09-02 13:34:11+00:00,60004462,1,4177218238,1000000.0,region,35685,592,592
90,False,2026-08-17 14:32:44+00:00,60004462,1,7402639721,19000000.0,region,21667,2,8
90,False,2026-06-14 15:59:37+00:00,60001543,1,6912958845,3998000.0,region,2205,4,20
365,False,2026-07-22 11:06:09+00:00,60005599,1,2994508002,50000000.0,region,31673,37,37
365,False,2026-07-14 11:05:16+00:00,60005599,1,2994508134,50000000.0,region,31685,37,37
365,False,2026-08-29 11:05:04+00:00,60005599,1,2994508266,50000000.0,region,31697,37,37
365,False,2026-06-23 14:05:04+00:00,60005608,1,2994508401,50000000.0,region,31709,37,37
365,False,2026-09-01 15:40:06+00:00,60004462,1,6353025047,10000000.0,region,57164,694,694
365,False,2026-06-25 11:19:51+00:00,60005596,1,1249465037,125000.0,region,31239,1,1
365,False,2026-09-02 08:51:23+00:00,60004462,1,5381695886,10000000.0,region,2403,595,595
365,False,2026-09-03 13:48:58+00:00,60005593,1,5087641926,250000.0,region,47259,27,27
90,False,2026-06-14 16:02:59+00:00,60001543,1,6912972760,7998000.0,region,2436,8,10
90,False,2026-08-22 10:24:41+00:00,60001546,1,7342780700,88.99,region,1228,17666,20666
90,False,2026-07-27 14:39:30+00:00,60004462,1,7387990712,9000000.0,region,12208,3,3
90,False,2026-06-12 18:20:52+00:00,60005608,1,7354666802,356700.0,region,1067,1,1
90,False,2026-08-20 18:59:05+00:00,60004462,1,7404773765,190000000.0,region,62451,2,2
90,False,2026-08-20 19:00:12+00:00,60004462,1,7404774358,190000000.0,region,62450,3,3
90,False,2026-07-29 04:23:33+00:00,60004462,1,7389052819,190000000.0,region,20525,1,3
365,False,2026-09-03 14:32:24+00:00,60004462,1,7203455411,1000000.0,region,91017,83,83
365,False,2026-06-23 14:05:04+00:00,60005608,1,2994514832,50000000.0,region,33304,5,5
90,False,2026-06-28 12:14:13+00:00,60004462,1,7277916634,38840000.0,region,55511,2,2
365,False,2026-08-31 21:00:21+00:00,60004462,1,3875288328,1000000.0,region,34390,595,595
365,False,2026-08-31 11:05:27+00:00,60005593,1,3875288544,10000000.0,region,34397,27777,27777
365,False,2026-08-15 11:05:22+00:00,60005599,1,3875288546,10000000.0,region,34397,27777,27777
365,False,2026-08-30 22:29:19+00:00,60005608,1,3875288549,10000000.0,region,34397,27777,27777
90,False,2026-07-18 19:02:04+00:00,60004462,1,7381732180,51000000.0,region,54841,1,1
90,False,2026-07-06 23:22:02+00:00,60004462,1,7277916800,26230000.0,region,55034,1,1
90,False,2026-08-28 08:25:27+00:00,60001483,1,7410047643,1400000.0,region,16236,10,10
365,False,2026-07-27 11:04:55+00:00,60005593,1,2994499810,50000000.0,region,31110,37,37
365,False,2026-06-17 11:03:51+00:00,60005596,1,2994499811,50000000.0,region,31110,37,37
365,False,2026-08-06 11:06:20+00:00,60005599,1,2994499812,50000000.0,region,31110,37,37
365,False,2026-07-12 11:30:44+00:00,60005608,1,2994499815,50000000.0,region,31110,37,37
365,False,2026-07-14 11:05:16+00:00,60005593,1,2994499942,50000000.0,region,31122,37,37
365,False,2026-08-05 23:52:29+00:00,60005596,1,2994499943,50000000.0,region,31122,37,37
365,False,2026-07-14 11:05:16+00:00,60005599,1,2994499944,50000000.0,region,31122,37,37
365,False,2026-09-02 11:08:41+00:00,60005593,1,2994500074,50000000.0,region,31134,37,37
365,False,2026-08-15 11:05:22+00:00,60005596,1,2994500075,50000000.0,region,31134,37,37
365,False,2026-08-06 11:06:20+00:00,60005599,1,2994500076,50000000.0,region,31134,37,37
365,False,2026-08-11 11:10:39+00:00,60005608,1,2994500079,50000000.0,region,31134,37,37
365,False,2026-06-17 11:03:51+00:00,60005596,1,2994500207,50000000.0,region,31146,37,37
365,False,2026-08-15 11:05:22+00:00,60005599,1,2994500208,50000000.0,region,31146,37,37
365,False,2026-09-02 11:08:41+00:00,60005593,1,2994500338,50000000.0,region,31158,37,37
365,False,2026-08-06 11:06:20+00:00,60005599,1,2994500340,50000000.0,region,31158,37,37
365,False,2026-06-07 09:13:58+00:00,60005608,1,2994500343,50000000.0,region,31158,37,37
365,False,2026-06-17 11:03:51+00:00,60005596,1,2994500471,50000000.0,region,31164,37,37
365,False,2026-08-22 14:22:32+00:00,60005608,1,2994500475,50000000.0,region,31164,37,37
365,False,2026-08-02 11:04:45+00:00,60005596,1,2994500603,50000000.0,region,31182,37,37
365,False,2026-06-14 22:04:54+00:00,60005599,1,2994500604,50000000.0,region,31182,37,37
365,False,2026-07-05 11:03:44+00:00,60005608,1,2994500607,50000000.0,region,31182,37,37
365,False,2026-09-02 11:08:41+00:00,60005593,1,2994500734,50000000.0,region,31194,37,37
365,False,2026-08-06 11:06:20+00:00,60005599,1,2994500736,50000000.0,region,31194,37,37
365,False,2026-07-05 11:03:44+00:00,60005608,1,2994500739,50000000.0,region,31194,37,37
365,False,2026-07-27 11:04:55+00:00,60005596,1,2994501062,50000000.0,region,31206,1,1
365,False,2026-07-05 11:03:44+00:00,60005608,1,2994501066,50000000.0,region,31206,1,1
365,False,2026-06-11 11:05:15+00:00,60005593,1,2994501582,50000000.0,region,31218,1,1
365,False,2026-06-07 11:03:52+00:00,60005596,1,2994501583,50000000.0,region,31218,1,1
365,False,2026-06-22 05:17:46+00:00,60005608,1,2994501587,50000000.0,region,31218,1,1
365,False,2026-06-17 11:03:51+00:00,60005593,1,2994502103,50000000.0,region,31231,1,1
365,False,2026-07-27 11:04:55+00:00,60005599,1,2994502105,50000000.0,region,31231,1,1
365,False,2026-08-17 11:34:29+00:00,60005593,1,2994502624,50000000.0,region,31243,1,1
365,False,2026-07-27 11:04:55+00:00,60005596,1,2994502625,50000000.0,region,31243,1,1
365,False,2026-07-22 11:06:09+00:00,60005599,1,2994502626,50000000.0,region,31243,1,1
365,False,2026-09-02 11:08:41+00:00,60005608,1,2994502629,50000000.0,region,31243,1,1
365,False,2026-08-17 11:34:29+00:00,60005593,1,2994503145,50000000.0,region,31255,1,1
365,False,2026-06-17 11:03:51+00:00,60005596,1,2994503146,50000000.0,region,31255,1,1
365,False,2026-06-23 11:05:04+00:00,60005599,1,2994503147,50000000.0,region,31255,1,1
365,False,2026-08-19 11:06:56+00:00,60005608,1,2994503150,50000000.0,region,31255,1,1
365,False,2026-09-03 02:54:30+00:00,60004462,1,6914083004,1000000.0,region,3333,694,694
365,False,2026-07-27 11:04:55+00:00,60005593,1,2994507868,50000000.0,region,31661,37,37
365,False,2026-06-17 11:03:51+00:00,60005599,1,2994507870,50000000.0,region,31661,37,37
365,False,2026-07-05 11:03:44+00:00,60005608,1,2994507873,50000000.0,region,31661,37,37
365,False,2026-07-27 11:04:55+00:00,60005593,1,2994508000,50000000.0,region,31673,37,37
365,False,2026-08-13 11:06:30+00:00,60005596,1,2994508001,50000000.0,region,31673,37,37
365,False,2026-07-05 11:03:44+00:00,60005608,1,2994508005,50000000.0,region,31673,37,37
365,False,2026-07-27 11:04:55+00:00,60005593,1,2994508132,50000000.0,region,31685,37,37
365,False,2026-08-18 15:53:14+00:00,60005596,1,2994508133,50000000.0,region,31685,37,37
365,False,2026-06-07 09:42:04+00:00,60005608,1,2994508137,50000000.0,region,31685,37,37
365,False,2026-07-12 11:03:47+00:00,60005593,1,2994508264,50000000.0,region,31697,37,37
365,False,2026-07-12 11:03:47+00:00,60005596,1,2994508265,50000000.0,region,31697,37,37
365,False,2026-08-19 11:06:56+00:00,60005608,1,2994508269,50000000.0,region,31697,37,37
365,False,2026-07-12 11:03:47+00:00,60005593,1,2994508396,50000000.0,region,31709,37,37
365,False,2026-06-21 11:03:49+00:00,60005596,1,2994508397,50000000.0,region,31709,37,37
365,False,2026-08-29 11:05:04+00:00,60005599,1,2994508398,50000000.0,region,31709,37,37
365,False,2026-09-02 17:09:00+00:00,60004462,1,2994510238,100000.0,region,33091,595,595
365,False,2026-08-10 08:58:11+00:00,60004462,1,2994510406,100000.0,region,33092,595,595
365,False,2026-08-29 03:46:49+00:00,60004462,1,2994510742,100000.0,region,33094,595,595
365,False,2026-09-03 13:46:36+00:00,60005593,1,2994512800,600000.0,region,33177,9,9
365,False,2026-08-01 11:04:53+00:00,60005596,1,2994512801,600000.0,region,33177,9,9
365,False,2026-08-28 15:40:14+00:00,60005599,1,2994512802,600000.0,region,33177,9,9
365,False,2026-08-19 13:05:29+00:00,60005608,1,2994512805,600000.0,region,33177,9,9
365,False,2026-09-03 13:46:41+00:00,60005593,1,2994513322,600000.0,region,33179,9,9
365,False,2026-08-01 11:04:53+00:00,60005596,1,2994513323,600000.0,region,33179,9,9
365,False,2026-08-28 15:40:25+00:00,60005599,1,2994513324,600000.0,region,33179,9,9
365,False,2026-08-19 13:05:43+00:00,60005608,1,2994513327,600000.0,region,33179,9,9
365,False,2026-09-03 13:46:52+00:00,60005593,1,2994513843,600000.0,region,33181,9,9
365,False,2026-08-11 11:10:39+00:00,60005596,1,2994513844,600000.0,region,33181,9,9
365,False,2026-08-28 15:40:35+00:00,60005599,1,2994513845,600000.0,region,33181,9,9
365,False,2026-09-01 21:47:47+00:00,60005608,1,2994513848,600000.0,region,33181,9,9
365,False,2026-07-12 11:03:47+00:00,60005593,1,2994514827,50000000.0,region,33304,5,5
365,False,2026-08-06 11:06:20+00:00,60005596,1,2994514828,50000000.0,region,33304,5,5
365,False,2026-07-12 11:03:47+00:00,60005599,1,2994514829,50000000.0,region,33304,5,5
365,False,2026-09-03 02:22:45+00:00,60004462,1,6964002824,150000.0,region,22809,694,694
365,False,2026-09-02 15:41:19+00:00,60004462,1,6964002834,10000000.0,region,24270,138,138
365,False,2026-08-17 19:09:23+00:00,60005593,1,2544858917,750000.0,region,4396,5,5
365,False,2026-08-24 11:05:21+00:00,60005596,1,2994507869,50000000.0,region,31661,37,37
365,False,2026-07-14 11:05:16+00:00,60005599,1,2544859189,1250000.0,region,4398,5,5
365,False,2026-08-25 22:38:03+00:00,60005596,1,2544859458,125000.0,region,26930,5,5
365,False,2026-08-05 21:08:57+00:00,60005599,1,2544859459,125000.0,region,26930,5,5
90,False,2026-07-06 23:41:12+00:00,60004462,1,7373384022,55000000.0,region,41407,1,1
90,False,2026-07-26 15:47:03+00:00,60004462,1,7373384405,50500000.0,region,55031,1,1
90,False,2026-07-06 23:42:38+00:00,60004462,1,7373384673,50000000.0,region,25544,2,2
90,False,2026-07-06 23:44:30+00:00,60004462,1,7373385436,15000000.0,region,12205,1,2
90,False,2026-07-06 23:47:10+00:00,60004462,1,7373386280,5000000.0,region,12206,5,7
90,False,2026-08-20 02:31:20+00:00,60004462,1,7373387163,1998000.0,region,12201,4,8
90,False,2026-07-06 23:50:12+00:00,60004462,1,7373387335,2000000.0,region,11083,1,4
90,False,2026-07-06 23:50:26+00:00,60004462,1,7373387398,2000000.0,region,12210,5,6
365,False,2026-09-02 19:19:18+00:00,60004462,1,6316431192,1000000.0,region,11395,72,72
365,False,2026-09-03 14:17:03+00:00,60004462,1,6316431204,30000000.0,region,28585,69,69
365,False,2026-09-02 09:27:31+00:00,60004462,1,6316431216,500000.0,region,3340,694,694
365,False,2026-09-03 07:00:18+00:00,60004462,1,6316431228,500000.0,region,3341,694,694
365,False,2026-09-03 02:22:55+00:00,60004462,1,6316431240,750000.0,region,17940,694,694
365,False,2026-09-01 18:23:34+00:00,60004462,1,6316431252,1000000000.0,region,28374,694,694
365,False,2026-09-03 15:05:42+00:00,60004462,1,6316431264,30000000.0,region,22551,694,694
90,False,2026-08-10 19:10:59+00:00,60001483,1,7397846717,382000.0,region,17366,35,35
365,False,2026-09-03 17:00:42+00:00,60004462,1,6806117453,250000000.0,region,83094,69,69
365,False,2026-09-03 17:00:37+00:00,60004462,1,6806117557,250000000.0,region,83464,694,694
365,False,2026-09-03 07:20:44+00:00,60004462,1,6806118133,15000000.0,region,81896,694,694
365,False,2026-08-31 15:36:29+00:00,60004462,1,1035804618,5000000.0,region,30540,595,595
365,False,2026-09-03 11:37:36+00:00,60004462,1,1035805290,5000000.0,region,30544,595,595
365,False,2026-09-03 13:19:18+00:00,60004462,1,1035805458,5000000.0,region,30545,595,595
365,False,2026-08-31 15:36:10+00:00,60004462,1,1035805626,5000000.0,region,30546,595,595
365,False,2026-09-03 13:11:41+00:00,60004462,1,1035805794,5000000.0,region,30547,595,595
365,False,2026-09-03 11:36:43+00:00,60004462,1,1035805962,5000000.0,region,30548,595,595
365,False,2026-09-03 13:21:02+00:00,60004462,1,1035806130,5000000.0,region,30549,595,595
365,False,2026-09-01 17:39:33+00:00,60004462,1,1035806298,5000000.0,region,30550,595,595
365,False,2026-09-03 13:12:40+00:00,60004462,1,1035806466,5000000.0,region,30551,595,595
365,False,2026-09-03 11:37:55+00:00,60004462,1,1035806634,5000000.0,region,30552,595,595
365,False,2026-08-31 15:37:14+00:00,60004462,1,1035806802,5000000.0,region,30553,595,595
365,False,2026-09-03 13:12:23+00:00,60004462,1,1035806970,5000000.0,region,30554,595,595
365,False,2026-08-31 07:10:21+00:00,60005593,1,5381726781,35000000.0,region,19719,27,27
90,False,2026-06-14 16:01:18+00:00,60001543,1,7289527291,3998000.0,region,2456,24,25
90,False,2026-06-14 16:01:51+00:00,60001543,1,7289527735,7998000.0,region,2195,13,15
90,False,2026-06-14 16:02:37+00:00,60001543,1,7289527975,5998000.0,region,21638,7,15
90,False,2026-07-02 19:09:58+00:00,60004462,1,7370268392,11000.0,region,19400,827,3802
365,False,2026-09-01 19:28:34+00:00,60004462,1,3274534110,3000000.0,region,33467,595,595
365,False,2026-08-29 21:00:52+00:00,60004462,1,3274534511,1000000.0,region,33517,595,595
365,False,2026-07-09 14:50:20+00:00,60005593,1,3274535336,30000000.0,region,33519,1,1
365,False,2026-07-15 11:05:18+00:00,60005596,1,3274535337,30000000.0,region,33519,1,1
365,False,2026-07-09 14:40:21+00:00,60005599,1,3274535338,30000000.0,region,33519,1,1
365,False,2026-09-01 04:37:51+00:00,60005608,1,3274535341,30000000.0,region,33519,1,1
90,False,2026-07-06 23:44:14+00:00,60004462,1,7373385340,15000000.0,region,12209,2,2
90,False,2026-07-06 23:44:55+00:00,60004462,1,7373385550,250000000.0,region,47875,1,1
90,False,2026-09-03 03:34:49+00:00,60001486,1,7414329294,1110000.0,region,32876,2,2
90,False,2026-09-03 03:36:11+00:00,60001486,1,7414329871,25000.0,region,483,106,106
90,False,2026-08-15 00:46:35+00:00,60004462,1,7400698407,38000000.0,region,41403,1,3
90,False,2026-08-20 02:31:29+00:00,60004462,1,7373387225,1996000.0,region,11084,3,5
90,False,2026-08-07 03:04:23+00:00,60004462,1,7395058306,15000000.0,region,11441,2,2
90,False,2026-07-24 20:58:47+00:00,60004462,1,7250760330,12880000.0,region,11444,1,3
90,False,2026-08-29 17:18:45+00:00,60004462,1,7382887563,12870000.0,region,11444,2,2
90,False,2026-07-20 06:49:44+00:00,60004462,1,7382888287,584900.0,region,23121,3,3
90,False,2026-08-29 20:14:57+00:00,60004462,1,7382888514,15000000.0,region,23087,2,2
90,False,2026-06-13 20:38:48+00:00,60004462,1,7222459250,150000000.0,region,20524,1,2
90,False,2026-06-13 20:44:50+00:00,60004462,1,7222459579,9688000.0,region,11443,2,3
90,False,2026-08-29 08:28:15+00:00,60005608,1,7317883333,88.99,region,1228,62698,89698
90,False,2026-08-29 08:26:54+00:00,60005608,1,7317883410,689.9,region,1227,33330,43330
365,False,2026-09-03 03:02:15+00:00,60004462,1,2994510574,100000.0,region,33093,595,595
90,False,2026-08-29 20:14:01+00:00,60004462,1,7411227070,15000000.0,region,21790,2,2
90,False,2026-07-06 23:38:59+00:00,60004462,1,7223972236,8978000.0,region,11454,1,2
90,False,2026-06-13 20:36:37+00:00,60001540,1,7355659575,48000.0,region,8531,1,1
90,False,2026-07-02 21:16:12+00:00,60005608,1,7370340819,170000.0,region,31160,2,2
90,False,2026-07-06 23:42:20+00:00,60004462,1,7223973111,14000000.0,region,11450,1,2
365,False,2026-09-03 13:46:13+00:00,60005593,1,911308891,20000.0,region,819,7,7
365,False,2026-09-03 04:03:24+00:00,60004462,1,1035804114,5000000.0,region,30537,595,595
365,False,2026-08-14 07:56:31+00:00,60005599,1,1035016991,10000000.0,region,30467,27777,27777
365,False,2026-09-03 04:03:33+00:00,60004462,1,1035804282,5000000.0,region,30538,595,595
90,False,2026-08-25 10:24:39+00:00,60004462,1,7408105229,9992000.0,region,12485,6,6
365,False,2026-09-03 04:20:09+00:00,60004462,1,1605880115,500000.0,region,2495,100,100
90,False,2026-07-17 16:12:35+00:00,60005608,1,7380843119,17350.0,region,2604,1,1
365,False,2026-09-03 04:02:48+00:00,60004462,1,1035804450,5000000.0,region,30539,595,595
365,False,2026-09-03 04:19:59+00:00,60004462,1,1605880343,500000.0,region,2505,100,100
365,False,2026-08-15 11:05:22+00:00,60005599,1,1035017141,10000000.0,region,30471,27777,27777
365,False,2026-08-13 23:24:23+00:00,60005593,1,911309251,20000.0,region,879,3,3
365,False,2026-08-26 20:21:53+00:00,60005599,1,4992783161,15000000.0,region,46157,13,13
365,False,2026-08-26 00:18:42+00:00,60005593,1,4992783309,15000000.0,region,46158,13,13
365,False,2026-09-02 20:39:44+00:00,60005608,1,4992783314,15000000.0,region,46158,13,13
365,False,2026-07-25 21:01:52+00:00,60005593,1,4992783609,15000000.0,region,46160,13,13
365,False,2026-09-02 20:39:10+00:00,60005608,1,4992783614,15000000.0,region,46160,13,13
365,False,2026-08-31 11:05:27+00:00,60005596,1,4992783910,15000000.0,region,46162,13,13
365,False,2026-08-24 15:56:00+00:00,60005608,1,911310066,165000.0,region,889,11,11
90,False,2026-08-06 07:12:14+00:00,60004462,1,7394505489,9900000.0,region,12486,3,4
90,False,2026-07-23 13:56:08+00:00,60004462,1,7385068607,15000000.0,region,12212,2,3
365,False,2026-09-01 01:15:19+00:00,60005608,1,1249473229,125000.0,region,31407,1,1
365,False,2026-08-27 11:12:28+00:00,60005596,1,5087641927,250000.0,region,47259,27,27
365,False,2026-08-06 20:37:24+00:00,60005599,1,5087641928,250000.0,region,47259,27,27
365,False,2026-09-03 13:05:28+00:00,60005608,1,5087641931,250000.0,region,47259,27,27
365,False,2026-09-03 16:42:16+00:00,60004462,1,6964002839,75000000.0,region,24562,69,69
90,False,2026-09-03 09:14:46+00:00,60001483,1,7414438505,5900000.0,region,90037,2,2
365,False,2026-06-18 16:02:58+00:00,60005608,1,2544858409,1498600.0,region,1218,11,11
365,False,2026-08-06 11:06:20+00:00,60005593,1,2544858416,1498600.0,region,1218,11,11
365,False,2026-06-18 11:04:54+00:00,60005596,1,2544858417,1498600.0,region,1218,11,11
365,False,2026-07-07 16:40:24+00:00,60005599,1,2544858418,1498600.0,region,1218,11,11
365,False,2026-08-20 12:54:23+00:00,60005596,1,2544858918,750000.0,region,4396,5,5
365,False,2026-08-08 12:47:25+00:00,60005599,1,2544858919,750000.0,region,4396,5,5
365,False,2026-09-03 05:57:24+00:00,60005608,1,2544858922,750000.0,region,4396,5,5
365,False,2026-09-03 13:43:48+00:00,60005593,1,2544859187,1250000.0,region,4398,5,5
365,False,2026-08-06 21:20:33+00:00,60005596,1,2544859188,1250000.0,region,4398,5,5
365,False,2026-08-31 17:11:16+00:00,60005608,1,2544859192,1250000.0,region,4398,5,5
365,False,2026-08-17 19:08:41+00:00,60005593,1,2544859457,125000.0,region,26930,5,5
365,False,2026-09-03 05:56:45+00:00,60005608,1,2544859462,125000.0,region,26930,5,5
90,False,2026-07-26 12:28:55+00:00,60004462,1,7387187221,99000000.0,region,20524,2,3
365,False,2026-06-08 03:48:56+00:00,60005599,1,911311233,54380.0,region,1404,18,18
90,False,2026-06-07 06:32:53+00:00,60004462,1,7350500130,120000.0,region,89241,1,1
365,False,2026-08-17 11:34:29+00:00,60005599,1,1256541814,1250000.0,region,25931,1,1
90,False,2026-08-20 02:29:48+00:00,60004462,1,7404342995,10000000.0,region,12207,4,4
365,False,2026-09-02 20:39:58+00:00,60005608,1,4992783164,15000000.0,region,46157,13,13
365,False,2026-07-20 01:46:39+00:00,60005593,1,1249459735,750000.0,region,31108,37,37
90,False,2026-08-20 02:28:01+00:00,60004462,1,7387916618,9888000.0,region,12486,2,3
90,False,2026-08-06 13:10:10+00:00,60004462,1,7330593589,9001000.0,region,11451,4,6
90,True,2026-06-09 06:14:06+00:00,60001486,1,7147192040,14030.0,region,25605,17880,20000
90,True,2026-08-18 05:44:00+00:00,60004462,1,7403087368,28660.0,40,53371,2,2
90,True,2026-07-01 17:49:55+00:00,60001483,1,7369556092,632.9,solarsystem,38,200000,200000
90,True,2026-07-01 17:51:36+00:00,60001483,1,7369557188,45.71,solarsystem,36,1993166,2200000
90,True,2026-08-28 20:35:50+00:00,60004462,1,7410459118,50000000.0,station,22242,2,2
365,True,2026-07-02 11:05:14+00:00,60004462,1,6345149221,100000.0,station,73248,83333,83333
365,True,2026-07-22 11:06:09+00:00,60003067,1,6345149315,100000.0,station,73248,35714,35714
365,True,2026-06-17 11:03:51+00:00,60001540,1,6345149409,100000.0,station,73248,25641,25641
365,True,2026-06-17 11:03:51+00:00,60001543,1,6345149410,100000.0,station,73248,25641,25641
365,True,2026-06-17 11:03:51+00:00,60001546,1,6345149411,100000.0,station,73248,25641,25641
365,True,2026-06-17 11:03:51+00:00,60001483,1,6345149418,100000.0,station,73248,34482,34482
365,True,2026-08-25 11:07:12+00:00,60001537,1,6345149420,100000.0,station,73248,25641,25641
365,True,2026-07-27 11:04:55+00:00,60005593,1,6345149522,100000.0,station,73251,11111,11111
365,True,2026-07-13 11:03:53+00:00,60005596,1,6345149523,100000.0,station,73251,11111,11111
365,True,2026-06-29 11:03:45+00:00,60005599,1,6345149524,100000.0,station,73251,11111,11111
365,True,2026-08-03 11:04:45+00:00,60005608,1,6345149527,100000.0,station,73251,11111,11111
365,True,2026-08-24 11:05:21+00:00,60004462,1,5116249460,165000.0,station,47450,510,510
30,True,2026-08-30 08:41:28+00:00,60005608,1,7411588432,10.7,station,1230,1000000,1000000
30,True,2026-08-31 19:27:53+00:00,60005608,1,7411589100,10.35,station,17470,960332,1000000
30,True,2026-08-30 08:46:55+00:00,60005608,1,7411591755,21.85,station,1224,1000000,1000000
365,True,2026-08-11 11:10:39+00:00,60005608,1,6172189061,80000.0,station,61654,1111,1111
365,True,2026-06-23 11:05:04+00:00,60005593,1,6172189068,80000.0,station,61654,1111,1111
365,True,2026-08-11 11:10:39+00:00,60005608,1,6172189103,250000.0,station,61655,1111,1111
365,True,2026-08-29 11:05:04+00:00,60005593,1,6172189110,250000.0,station,61655,1111,1111
365,True,2026-07-27 11:04:55+00:00,60005599,1,6172189112,250000.0,station,61655,1111,1111
365,True,2026-08-11 11:10:39+00:00,60005608,1,6172189145,80000.0,station,61656,1111,1111
365,True,2026-07-27 11:04:55+00:00,60005593,1,6172189152,80000.0,station,61656,1111,1111
365,True,2026-08-23 11:05:21+00:00,60005596,1,6172189153,80000.0,station,61656,1111,1111
365,True,2026-08-11 11:10:39+00:00,60005608,1,6172189187,15000.0,station,60633,1111,1111
365,True,2026-07-22 11:06:09+00:00,60005593,1,6172189194,15000.0,station,60633,1111,1111
365,True,2026-08-23 11:05:21+00:00,60005596,1,6172189195,15000.0,station,60633,1111,1111
365,True,2026-07-26 05:06:10+00:00,60005608,1,6172189229,10000.0,station,62031,1111,1111
365,True,2026-09-03 11:06:51+00:00,60005593,1,6172189236,10000.0,station,62031,1111,1111
365,True,2026-08-24 11:05:21+00:00,60005599,1,6172189238,10000.0,station,62031,1111,1111
365,True,2026-08-23 11:05:21+00:00,60005593,1,6172189278,150.0,station,62032,1111,1111
365,True,2026-08-13 11:06:30+00:00,60005596,1,6172189279,150.0,station,62032,1111,1111
365,True,2026-08-06 11:06:20+00:00,60005599,1,6172189280,150.0,station,62032,1111,1111
365,True,2026-08-14 11:25:05+00:00,60005608,1,6172189313,50.0,station,62033,1111,1111
365,True,2026-08-23 11:05:21+00:00,60005593,1,6172189320,50.0,station,62033,1111,1111
365,True,2026-06-21 11:03:49+00:00,60005596,1,6172189321,50.0,station,62033,1111,1111
365,True,2026-06-30 11:03:50+00:00,60005599,1,6172189322,50.0,station,62033,1111,1111
365,True,2026-08-14 11:25:05+00:00,60005608,1,6172189355,2500.0,station,62034,1111,1111
365,True,2026-09-03 11:06:51+00:00,60005593,1,6172189362,2500.0,station,62034,1111,1111
365,True,2026-06-21 11:03:49+00:00,60005596,1,6172189363,2500.0,station,62034,1111,1111
365,True,2026-06-30 11:03:50+00:00,60005599,1,6172189364,2500.0,station,62034,1111,1111
365,True,2026-08-14 11:25:05+00:00,60005608,1,6172189397,25000.0,station,62035,1111,1111
365,True,2026-06-12 11:11:05+00:00,60005599,1,6172189406,25000.0,station,62035,1111,1111
365,True,2026-08-14 11:25:05+00:00,60005608,1,6172189439,75.0,station,62036,1111,1111
365,True,2026-09-03 11:06:51+00:00,60005593,1,6172189446,75.0,station,62036,1111,1111
365,True,2026-06-30 11:03:50+00:00,60005599,1,6172189448,75.0,station,62036,1111,1111
365,True,2026-06-21 11:03:49+00:00,60005596,1,6172189489,3000.0,station,62037,1111,1111
365,True,2026-08-14 11:25:05+00:00,60005608,1,6172189523,30000.0,station,62038,1111,1111
365,True,2026-09-03 11:06:51+00:00,60005593,1,6172189530,30000.0,station,62038,1111,1111
365,True,2026-06-21 11:03:49+00:00,60005596,1,6172189531,30000.0,station,62038,1111,1111
365,True,2026-06-12 11:11:05+00:00,60005599,1,6172189532,30000.0,station,62038,1111,1111
365,True,2026-08-14 11:25:05+00:00,60005608,1,6172189565,100.0,station,62039,1111,1111
365,True,2026-06-21 11:03:49+00:00,60005596,1,6172189573,100.0,station,62039,1111,1111
365,True,2026-06-12 11:11:05+00:00,60005599,1,6172189574,100.0,station,62039,1111,1111
365,True,2026-08-14 11:25:05+00:00,60005608,1,6172189607,6000.0,station,62040,1111,1111
365,True,2026-09-03 11:06:51+00:00,60005593,1,6172189614,6000.0,station,62040,1111,1111
365,True,2026-06-12 11:11:05+00:00,60005599,1,6172189616,6000.0,station,62040,1111,1111
365,True,2026-08-14 11:25:05+00:00,60005608,1,6172189691,200.0,station,62042,1111,1111
365,True,2026-09-03 11:06:51+00:00,60005593,1,6172189698,200.0,station,62042,1111,1111
365,True,2026-06-21 11:03:49+00:00,60005596,1,6172189699,200.0,station,62042,1111,1111
365,True,2026-06-30 11:03:50+00:00,60005599,1,6172189700,200.0,station,62042,1111,1111
365,True,2026-06-21 11:03:49+00:00,60005596,1,6172189741,7000.0,station,62043,1111,1111
365,True,2026-06-12 11:11:05+00:00,60005599,1,6172189742,7000.0,station,62043,1111,1111
365,True,2026-08-23 11:05:21+00:00,60005593,1,6172189782,50000.0,station,62044,1111,1111
365,True,2026-06-21 11:03:49+00:00,60005596,1,6172189783,50000.0,station,62044,1111,1111
365,True,2026-08-14 11:25:05+00:00,60005608,1,6172189817,200.0,station,62045,1111,1111
365,True,2026-06-21 11:03:49+00:00,60005596,1,6172189825,200.0,station,62045,1111,1111
365,True,2026-06-12 11:11:05+00:00,60005599,1,6172189826,200.0,station,62045,1111,1111
365,True,2026-06-12 11:11:05+00:00,60005593,1,6172189866,250000.0,station,62055,1111,1111
365,True,2026-08-23 11:05:21+00:00,60005596,1,6172189867,250000.0,station,62055,1111,1111
365,True,2026-07-22 11:06:09+00:00,60005608,1,6172189901,1000000.0,station,62056,1111,1111
365,True,2026-06-07 11:03:52+00:00,60005593,1,6172189908,1000000.0,station,62056,1111,1111
365,True,2026-08-23 11:05:21+00:00,60005596,1,6172189909,1000000.0,station,62056,1111,1111
365,True,2026-07-12 11:03:47+00:00,60005599,1,6172189910,1000000.0,station,62056,1111,1111
365,True,2026-07-04 11:03:44+00:00,60005608,1,6172189943,2500000.0,station,62057,1111,1111
365,True,2026-06-07 11:03:52+00:00,60005593,1,6172189950,2500000.0,station,62057,1111,1111
365,True,2026-08-06 11:06:20+00:00,60005596,1,6172189951,2500000.0,station,62057,1111,1111
365,True,2026-06-12 11:11:05+00:00,60005599,1,6172189784,50000.0,station,62044,1111,1111
365,True,2026-06-12 11:11:05+00:00,60001486,1,6345149419,100000.0,station,73248,34482,34482
90,True,2026-08-12 23:47:51+00:00,60004462,1,7394936508,659300.0,3,11084,12,19
90,True,2026-08-30 12:54:46+00:00,60004462,1,7411749164,4005000.0,1,34166,2,2
365,True,2026-09-03 14:58:00+00:00,60001483,1,6964000391,887.89,station,3687,4040,4040
365,True,2026-09-03 14:58:00+00:00,60001486,1,6964000394,886.53,station,3687,4040,4040
365,True,2026-09-03 12:52:00+00:00,60004462,1,6964002605,333.0,station,43,6239,6239
365,True,2026-09-03 16:08:00+00:00,60004462,1,6964002785,10999.96,station,19400,595,595
90,True,2026-08-30 12:57:15+00:00,60004462,1,7411750893,40300000.0,1,47321,1,1
90,True,2026-09-02 21:10:33+00:00,60004462,1,7411752874,75450000.0,1,88228,1,1
90,True,2026-09-02 21:23:13+00:00,60004462,1,7411753381,281400.0,1,21238,20,20
90,True,2026-08-30 13:03:31+00:00,60004462,1,7411755058,6000000.0,1,34018,2,2
90,True,2026-09-02 21:14:38+00:00,60004462,1,7411755787,31530000.0,1,3086,1,1
90,True,2026-09-02 21:19:50+00:00,60004462,1,7411756620,1000000.0,1,43767,1,1
90,True,2026-08-31 22:12:31+00:00,60004462,1,7412867251,133100.0,1,16265,1000,1000
90,True,2026-08-12 23:35:50+00:00,60005608,1,7399321534,10.55,station,1230,733685,1000000
365,True,2026-08-06 11:06:20+00:00,60005596,1,6172189069,80000.0,station,61654,1111,1111
365,True,2026-08-06 11:06:20+00:00,60005599,1,6172189070,80000.0,station,61654,1111,1111
365,True,2026-08-01 11:04:53+00:00,60005596,1,6172189111,250000.0,station,61655,1111,1111
365,True,2026-07-22 11:06:09+00:00,60005599,1,6172189154,80000.0,station,61656,1111,1111
365,True,2026-08-06 11:06:20+00:00,60005599,1,6172189196,15000.0,station,60633,1111,1111
365,True,2026-06-30 11:03:50+00:00,60005596,1,6172189237,10000.0,station,62031,1111,1111
365,True,2026-07-19 11:03:50+00:00,60005608,1,6172189271,150.0,station,62032,1111,1111
365,True,2026-08-23 11:05:21+00:00,60005593,1,6172189404,25000.0,station,62035,1111,1111
365,True,2026-06-21 11:03:49+00:00,60005596,1,6172189405,25000.0,station,62035,1111,1111
365,True,2026-06-21 11:03:49+00:00,60005596,1,6172189447,75.0,station,62036,1111,1111
365,True,2026-08-14 11:25:05+00:00,60005608,1,6172189481,3000.0,station,62037,1111,1111
365,True,2026-08-23 11:05:21+00:00,60005593,1,6172189488,3000.0,station,62037,1111,1111
365,True,2026-06-30 11:03:50+00:00,60005599,1,6172189490,3000.0,station,62037,1111,1111
365,True,2026-09-03 11:06:51+00:00,60005593,1,6172189572,100.0,station,62039,1111,1111
365,True,2026-06-21 11:03:49+00:00,60005596,1,6172189615,6000.0,station,62040,1111,1111
365,True,2026-08-14 11:25:05+00:00,60005608,1,6172189733,7000.0,station,62043,1111,1111
365,True,2026-08-23 11:05:21+00:00,60005593,1,6172189740,7000.0,station,62043,1111,1111
365,True,2026-08-14 11:25:05+00:00,60005608,1,6172189775,50000.0,station,62044,1111,1111
365,True,2026-08-23 11:05:21+00:00,60005593,1,6172189824,200.0,station,62045,1111,1111
365,True,2026-07-14 11:05:16+00:00,60005608,1,6172189859,250000.0,station,62055,1111,1111
365,True,2026-07-27 11:04:55+00:00,60005599,1,6172189868,250000.0,station,62055,1111,1111
365,True,2026-07-22 11:06:09+00:00,60005599,1,6172189952,2500000.0,station,62057,1111,1111
90,True,2026-08-27 22:14:30+00:00,60003067,1,7409832428,3000.0,10,15590,135,200
90,True,2026-07-24 14:52:17+00:00,60004462,1,7385761957,110000000.0,station,92398,1,1
90,True,2026-07-24 14:54:04+00:00,60004462,1,7385763016,110000000.0,station,92399,1,1
90,True,2026-07-24 14:50:52+00:00,60004462,1,7385761188,110000000.0,station,92397,1,1
90,True,2026-07-30 20:32:22+00:00,60004462,1,7390130329,10100.0,10,25862,1,3
365,True,2026-07-03 11:05:19+00:00,60005593,1,6034338818,100000.0,station,59752,1111,1111
365,True,2026-08-24 11:05:21+00:00,60005596,1,6034338819,100000.0,station,59752,1111,1111
365,True,2026-08-14 11:25:05+00:00,60005599,1,6034338820,100000.0,station,59752,1111,1111
365,True,2026-08-19 11:06:56+00:00,60005608,1,6034338823,100000.0,station,59752,1111,1111
90,True,2026-08-18 05:48:41+00:00,60004462,1,7403088792,201100.0,40,34688,3,3
365,True,2026-08-23 11:05:21+00:00,60004462,1,6325880710,100000.0,station,72258,83333,83333
365,True,2026-08-24 11:05:21+00:00,60003067,1,6325880804,100000.0,station,72258,35714,35714
365,True,2026-08-24 11:05:21+00:00,60001540,1,6325880898,100000.0,station,72258,25641,25641
365,True,2026-06-17 11:03:51+00:00,60001543,1,6325880899,100000.0,station,72258,25641,25641
365,True,2026-08-24 11:05:21+00:00,60001546,1,6325880900,100000.0,station,72258,25641,25641
365,True,2026-07-22 11:06:09+00:00,60001483,1,6325880907,100000.0,station,72258,34482,34482
365,True,2026-07-19 11:03:50+00:00,60001486,1,6325880908,100000.0,station,72258,34482,34482
365,True,2026-08-23 11:05:21+00:00,60001537,1,6325880909,100000.0,station,72258,25641,25641
90,True,2026-08-13 14:29:16+00:00,60004462,1,7399687138,2230000.0,5,56783,1,1
90,True,2026-06-09 06:11:49+00:00,60001486,1,7130232384,151000.0,region,10250,12,300
90,True,2026-06-09 06:09:46+00:00,60001486,1,7130233595,154000.0,region,55760,114,200
